zip_code_prefix,city,state,mean_lat,mean_lng,city_idx,state_idx
1001,sao paulo,SP,-23.5501897765517,-46.6340235559042,3580,26
1003,sao paulo,SP,-23.5489937248131,-46.6357313099758,3580,26
1004,sao paulo,SP,-23.549798842277,-46.6347569437897,3580,26
1005,sao paulo,SP,-23.5494561998307,-46.6367329480369,3580,26
1006,sao paulo,SP,-23.5501018114528,-46.6361367351741,3580,26
1007,sao paulo,SP,-23.5500462023516,-46.6372514596376,3580,26
1008,sao paulo,SP,-23.5460017493834,-46.6358859213577,3580,26
1009,sao paulo,SP,-23.5468352083208,-46.6364906953122,3580,26
1011,sao paulo,SP,-23.5469086402511,-46.6355820263604,3580,26
1012,sao paulo,SP,-23.5477897331468,-46.6348590050573,3580,26
1013,sao paulo,SP,-23.5471420283239,-46.634235800061994,3580,26
1014,sao paulo,SP,-23.545912805690403,-46.6336153712449,3580,26
1015,sao paulo,SP,-23.5476657493834,-46.6315585707226,3580,26
1016,sao paulo,SP,-23.5489764070299,-46.6323519295585,3580,26
1017,sao paulo,SP,-23.5495312719478,-46.6310238455522,3580,26
1019,sao paulo,SP,-23.5517741378075,-46.6308933827013,3580,26
1020,sao paulo,SP,-23.5523356515514,-46.6300497098457,3580,26
1021,sao paulo,SP,-23.5430004590648,-46.6321432338624,3580,26
1022,sao paulo,SP,-23.5449218261534,-46.6319313356119,3580,26
1023,sao paulo,SP,-23.5423307843614,-46.6313734043876,3580,26
1024,sao paulo,SP,-23.5414014327802,-46.6299040005727,3580,26
1025,sao paulo,SP,-23.5402919456763,-46.6309280594194,3580,26
1026,sao paulo,SP,-23.5396571272709,-46.6318842127058,3580,26
1027,sao paulo,SP,-23.5380823283853,-46.6306686750678,3580,26
1030,sao paulo,SP,-23.5395492917534,-46.6330232515135,3580,26
1031,sao paulo,SP,-23.5419058534404,-46.6350876169166,3580,26
1032,sao paulo,SP,-23.5401244545599,-46.635193543797605,3580,26
1033,sao paulo,SP,-23.5392714370778,-46.6358780842148,3580,26
1035,sao paulo,SP,-23.5416144887389,-46.6415491425265,3580,26
1036,sao paulo,SP,-23.5416484523362,-46.64144327735929,3580,26
1037,sao paulo,SP,-23.545411016454,-46.6389243720483,3580,26
1038,sao paulo,SP,-23.5439073796276,-46.6399938060939,3580,26
1039,sao paulo,SP,-23.5413708577719,-46.6391652888511,3580,26
1040,sao paulo,SP,-23.5410281790088,-46.6383246949694,3580,26
1041,sao paulo,SP,-23.5439045874603,-46.6400464864447,3580,26
1042,sao paulo,SP,-23.5448529495317,-46.6404104560316,3580,26
1043,sao paulo,SP,-23.5457659911863,-46.6415024645414,3580,26
1044,sao paulo,SP,-23.5455982384234,-46.6414526701531,3580,26
1045,sao paulo,SP,-23.5423453661785,-46.6425269757011,3580,26
1046,sao paulo,SP,-23.5459300391688,-46.6439975177818,3580,26
1047,sao paulo,SP,-23.546187607081702,-46.6410674335616,3580,26
1048,sao paulo,SP,-23.5471131888407,-46.6398398748963,3580,26
1049,sao paulo,SP,-23.547011236746,-46.639165704933,3580,26
1050,sao paulo,SP,-23.5492291635805,-46.64303023455151,3580,26
1102,sao paulo,SP,-23.5255714069557,-46.6302874843939,3580,26
1103,sao paulo,SP,-23.535468446052096,-46.6302907733834,3580,26
1105,sao paulo,SP,-23.5340939817758,-46.6290776801733,3580,26
1106,sao paulo,SP,-23.5302207751378,-46.6282212595307,3580,26
1107,sao paulo,SP,-23.5260878920313,-46.6295898871866,3580,26
1108,sao paulo,SP,-23.5272321713254,-46.6303544181998,3580,26
1120,sao paulo,SP,-23.5301625297531,-46.639511411663,3580,26
1121,sao paulo,SP,-23.5278666589988,-46.6352569204928,3580,26
1122,sao paulo,SP,-23.5311305965386,-46.6383248261419,3580,26
1123,sao paulo,SP,-23.5291645437106,-46.6365823926747,3580,26
1124,sao paulo,SP,-23.5282212338257,-46.6330954010969,3580,26
1125,sao paulo,SP,-23.5272884495716,-46.6401643235087,3580,26
1126,sao paulo,SP,-23.5270665493375,-46.6391527868084,3580,26
1127,sao paulo,SP,-23.5254808033666,-46.6415954885264,3580,26
1129,sao paulo,SP,-23.5240513854643,-46.64507304012991,3580,26
1131,sao paulo,SP,-23.522379737671,-46.6431078473664,3580,26
1132,sao paulo,SP,-23.5215398793043,-46.6487392333172,3580,26
1134,sao paulo,SP,-23.5188999398782,-46.6526903364366,3580,26
1135,sao paulo,SP,-23.5261904267291,-46.6509700412022,3580,26
1136,sao paulo,SP,-23.5239869201817,-46.6613513504577,3580,26
1137,sao paulo,SP,-23.5228514803221,-46.6528092315393,3580,26
1138,sao paulo,SP,-23.5224558239392,-46.6552539036642,3580,26
1139,sao paulo,SP,-23.5207249560717,-46.6659389714417,3580,26
1140,sao paulo,SP,-23.520438443709,-46.6692371684403,3580,26
1141,sao paulo,SP,-23.5203103259055,-46.6664390139175,3580,26
1144,sao paulo,SP,-23.5235727492958,-46.6724245902844,3580,26
1150,sao paulo,SP,-23.5329530235972,-46.6582459426613,3580,26
1151,sao paulo,SP,-23.5316415846837,-46.656288753249,3580,26
1152,sao paulo,SP,-23.5298848457412,-46.6552764333326,3580,26
1153,sao paulo,SP,-23.5299308462987,-46.6535490869043,3580,26
1154,sao paulo,SP,-23.5305358972499,-46.6592957038805,3580,26
1155,sao paulo,SP,-23.5290728840251,-46.663319951682,3580,26
1156,sao paulo,SP,-23.5289211383029,-46.6664372451449,3580,26
1201,sao paulo,SP,-23.5360828096741,-46.6495393904693,3580,26
1202,sao paulo,SP,-23.5337425764593,-46.6482804510544,3580,26
1203,sao paulo,SP,-23.5359646566613,-46.6452995563267,3580,26
1204,sao paulo,SP,-23.5359926394685,-46.6440898226072,3580,26
1205,sao paulo,SP,-23.5364907748939,-46.6426419668096,3580,26
1206,sao paulo,SP,-23.5358636851174,-46.6428187133639,3580,26
1207,sao paulo,SP,-23.5391755601351,-46.6386541500101,3580,26
1208,sao paulo,SP,-23.5386604956622,-46.6389820460201,3580,26
1209,sao paulo,SP,-23.540695255566,-46.6415829357228,3580,26
1210,sao paulo,SP,-23.540039340558902,-46.64209131081339,3580,26
1211,sao paulo,SP,-23.5375765741056,-46.648837901189005,3580,26
1212,sao paulo,SP,-23.5382685117906,-46.6394226325676,3580,26
1213,sao paulo,SP,-23.5365014946151,-46.640361163407,3580,26
1214,sao paulo,SP,-23.5388424939618,-46.6452304530601,3580,26
1215,sao paulo,SP,-23.5361673999149,-46.6475418578653,3580,26
1216,sao paulo,SP,-23.5331275939644,-46.6478338074506,3580,26
1217,sao paulo,SP,-23.5326575578364,-46.6488839929863,3580,26
1218,sao paulo,SP,-23.531249798864,-46.648325141054,3580,26
1219,sao paulo,SP,-23.5412888142863,-46.6456986030106,3580,26
1220,sao paulo,SP,-23.5445140111097,-46.6460399022194,3580,26
1221,sao paulo,SP,-23.544867697472,-46.648281715371006,3580,26
1222,sao paulo,SP,-23.5459445439729,-46.6493693740151,3580,26
1223,sao paulo,SP,-23.5440881165585,-46.6485821171502,3580,26
1224,sao paulo,SP,-23.541778651475695,-46.6524223396395,3580,26
1225,sao paulo,SP,-23.5397860212137,-46.6491388315101,3580,26
1226,sao paulo,SP,-23.5380101089056,-46.6527192681275,3580,26
1227,sao paulo,SP,-23.5462019129688,-46.6583845827339,3580,26
1228,sao paulo,SP,-23.545189379286,-46.65761085698839,3580,26
1229,sao paulo,SP,-23.5389016098434,-46.6572911303768,3580,26
1230,sao paulo,SP,-23.536310405918,-46.657112008634094,3580,26
1231,sao paulo,SP,-23.5369504074261,-46.6592558927849,3580,26
1232,sao paulo,SP,-23.5364280035301,-46.657426011378,3580,26
1233,sao paulo,SP,-23.5362465401499,-46.6616652179657,3580,26
1234,sao paulo,SP,-23.5396895622515,-46.6642440354639,3580,26
1235,sao paulo,SP,-23.5367142768622,-46.6646663039169,3580,26
1237,sao paulo,SP,-23.5432344510123,-46.668724402289,3580,26
1238,sao paulo,SP,-23.5425713968511,-46.6542433310406,3580,26
1239,sao paulo,SP,-23.5430952700847,-46.6310591962176,3580,26
1240,sao paulo,SP,-23.5437918434428,-46.6585439625298,3580,26
1241,sao paulo,SP,-23.5455247866023,-46.6578401930833,3580,26
1242,sao paulo,SP,-23.5465069470858,-46.6585017464245,3580,26
1243,sao paulo,SP,-23.5481203049943,-46.6591918488455,3580,26
1244,sao paulo,SP,-23.5620491279766,-46.6595903140335,3580,26
1246,sao paulo,SP,-23.5534812952496,-46.666318477031,3580,26
1248,sao paulo,SP,-23.547912524841,-46.6680263133255,3580,26
1250,sao paulo,SP,-23.5476404830759,-46.6719726335433,3580,26
1251,sao paulo,SP,-23.548374516404703,-46.6748464717028,3580,26
1252,sao paulo,SP,-23.5417539754708,-46.6789340400076,3580,26
1253,sao paulo,SP,-23.5449291263529,-46.679164692087,3580,26
1254,sao paulo,SP,-23.543337420255,-46.680852402934,3580,26
1255,sao paulo,SP,-23.5463698353191,-46.6815417268252,3580,26
1256,sao paulo,SP,-23.5477732561746,-46.6828383491545,3580,26
1257,sao paulo,SP,-23.5436098390543,-46.68783857511071,3580,26
1258,sao paulo,SP,-23.544037017325,-46.6868509124713,3580,26
1259,sao paulo,SP,-23.5414185538432,-46.6853038967693,3580,26
1301,sao paulo,SP,-23.5493289702812,-46.6508900986875,3580,26
1302,sao paulo,SP,-23.5490029212622,-46.6495522786361,3580,26
1303,sao paulo,SP,-23.5495056981546,-46.64843251428841,3580,26
1304,sao paulo,SP,-23.5540564348111,-46.6552023687131,3580,26
1305,sao paulo,SP,-23.5526227358652,-46.652538288772,3580,26
1306,sao paulo,SP,-23.5537852067189,-46.6496050969453,3580,26
1307,sao paulo,SP,-23.5527780101157,-46.6532077004906,3580,26
1308,sao paulo,SP,-23.5559813736145,-46.6533111142811,3580,26
1309,sao paulo,SP,-23.5554930800159,-46.6584521895006,3580,26
1310,sao paulo,SP,-23.5616529484695,-46.6560213043072,3580,26
1311,sao paulo,SP,-23.5645046093809,-46.6527926559532,3580,26
1312,sao paulo,SP,-23.5547938726134,-46.6496149179462,3580,26
1313,sao paulo,SP,-23.5561116991583,-46.650573805872405,3580,26
1314,sao paulo,SP,-23.552640734461203,-46.645204377633,3580,26
1315,sao paulo,SP,-23.554089999978,-46.6403890956976,3580,26
1316,sao paulo,SP,-23.5529548453939,-46.6394328193213,3580,26
1317,sao paulo,SP,-23.556238213645,-46.6400598652284,3580,26
1318,sao paulo,SP,-23.5594479898881,-46.6424127373321,3580,26
1319,sao paulo,SP,-23.5518816577314,-46.6407279727162,3580,26
1320,sao paulo,SP,-23.5579550622919,-46.6393473993253,3580,26
1321,sao paulo,SP,-23.5621286348845,-46.6419185498131,3580,26
1322,sao paulo,SP,-23.5631716588295,-46.6434561415752,3580,26
1323,sao paulo,SP,-23.5657347846502,-46.6414781031264,3580,26
1324,sao paulo,SP,-23.5552147354657,-46.6431507402032,3580,26
1325,sao paulo,SP,-23.5573901634976,-46.644458336676,3580,26
1326,sao paulo,SP,-23.556539014688905,-46.64543956179799,3580,26
1327,sao paulo,SP,-23.5651134247144,-46.6449445793287,3580,26
1328,sao paulo,SP,-23.555992686485,-46.6467948023054,3580,26
1329,sao paulo,SP,-23.561977521324803,-46.6472810956671,3580,26
1330,sao paulo,SP,-23.559037886116,-46.649458837302,3580,26
1331,sao paulo,SP,-23.5626644147121,-46.6499966580578,3580,26
1332,sao paulo,SP,-23.5595685875786,-46.652451644876,3580,26
1333,sao paulo,SP,-23.5664350524089,-46.6475635966189,3580,26
1401,sao paulo,SP,-23.5758072503516,-46.6586546272466,3580,26
1402,sao paulo,SP,-23.574837390049,-46.6573920398935,3580,26
1403,sao paulo,SP,-23.568755038771,-46.6534094441458,3580,26
1404,sao paulo,SP,-23.5685447336284,-46.655780276658,3580,26
1405,sao paulo,SP,-23.5647625796343,-46.6551383851837,3580,26
1406,sao paulo,SP,-23.5748143389678,-46.6702992727405,3580,26
1407,sao paulo,SP,-23.5761118844289,-46.6713920573775,3580,26
1408,sao paulo,SP,-23.5671118950281,-46.6608134158177,3580,26
1409,sao paulo,SP,-23.5614608245866,-46.6582620039177,3580,26
1410,sao paulo,SP,-23.5628314458696,-46.6609252480245,3580,26
1411,sao paulo,SP,-23.5642478675429,-46.6640595679499,3580,26
1412,sao paulo,SP,-23.5636515807376,-46.6660241210752,3580,26
1413,sao paulo,SP,-23.5618145041244,-46.6640339542719,3580,26
1414,sao paulo,SP,-23.5596234937196,-46.6634964553206,3580,26
1415,sao paulo,SP,-23.5560917164832,-46.6604621983755,3580,26
1416,sao paulo,SP,-23.5606929139614,-46.6676885326705,3580,26
1417,sao paulo,SP,-23.5527788530995,-46.63393189503629,3580,26
1418,sao paulo,SP,-23.5641161490398,-46.6552723986437,3580,26
1419,sao paulo,SP,-23.5635416200097,-46.6559496130488,3580,26
1420,sao paulo,SP,-23.5634354904988,-46.6579160391969,3580,26
1421,sao paulo,SP,-23.563299264968695,-46.6601536924571,3580,26
1422,sao paulo,SP,-23.5639619107073,-46.6611323684158,3580,26
1423,sao paulo,SP,-23.5691451171934,-46.6573476650513,3580,26
1424,sao paulo,SP,-23.5680414568059,-46.6613988432094,3580,26
1425,sao paulo,SP,-23.5728985324954,-46.6592473923676,3580,26
1426,sao paulo,SP,-23.5658603970982,-46.6660316963267,3580,26
1427,sao paulo,SP,-23.5710447647915,-46.6640686142176,3580,26
1429,sao paulo,SP,-23.576384455529,-46.66290000707429,3580,26
1430,sao paulo,SP,-23.656140062356,-46.6625020460921,3580,26
1431,sao paulo,SP,-23.620388779836,-46.6647681845236,3580,26
1432,sao paulo,SP,-23.5764858798059,-46.6657860583567,3580,26
1433,sao paulo,SP,-23.5784074546166,-46.6683729559598,3580,26
1434,sao paulo,SP,-23.5746465448428,-46.6723773990152,3580,26
1435,sao paulo,SP,-23.5793218456053,-46.6701786689686,3580,26
1438,sao paulo,SP,-23.5698037087742,-46.6722648790596,3580,26
1440,sao paulo,SP,-23.5682894581571,-46.6781702460609,3580,26
1442,sao paulo,SP,-23.5665307320617,-46.6786160551588,3580,26
1443,sao paulo,SP,-23.5682689389101,-46.6845078633313,3580,26
1444,sao paulo,SP,-23.5732355418297,-46.6875269544754,3580,26
1445,sao paulo,SP,-23.5710379833572,-46.6880680072701,3580,26
1447,sao paulo,SP,-23.5727868094897,-46.6788855625839,3580,26
1448,sao paulo,SP,-23.5782378963881,-46.67982269335621,3580,26
1449,sao paulo,SP,-23.5761169177278,-46.6799566982468,3580,26
1450,sao paulo,SP,-23.5764531788729,-46.6851850895867,3580,26
1451,sao paulo,SP,-23.5774359501077,-46.6869898495036,3580,26
1452,sao paulo,SP,-23.574996445978098,-46.6888793840355,3580,26
1453,sao paulo,SP,-23.5840590039747,-46.6863761089446,3580,26
1454,sao paulo,SP,-23.582376976278,-46.6867027550979,3580,26
1455,sao paulo,SP,-23.5805541360028,-46.6911213685404,3580,26
1456,sao paulo,SP,-23.576839765441,-46.6909872490072,3580,26
1457,sao paulo,SP,-23.5752378098295,-46.6927035096049,3580,26
1501,sao paulo,SP,-23.5524693561968,-46.6354854383674,3580,26
1502,sao paulo,SP,-23.5546059421285,-46.635492561139,3580,26
1503,sao paulo,SP,-23.557709002952702,-46.6367693710155,3580,26
1504,sao paulo,SP,-23.566860580458,-46.6395052962223,3580,26
1505,sao paulo,SP,-23.5552676111864,-46.6318247620462,3580,26
1506,sao paulo,SP,-23.5595586678624,-46.6350321850318,3580,26
1507,sao paulo,SP,-23.5581464184346,-46.6317658905254,3580,26
1508,sao paulo,SP,-23.5614236312104,-46.6358300594128,3580,26
1509,sao paulo,SP,-23.5670100802531,-46.6357981412501,3580,26
1510,sao paulo,SP,-23.5576021649865,-46.6336152828108,3580,26
1511,sao paulo,SP,-23.5614568127286,-46.632947935715,3580,26
1512,sao paulo,SP,-23.5537172060798,-46.6294990973041,3580,26
1513,sao paulo,SP,-23.5489143569726,-46.6038446160975,3580,26
1514,sao paulo,SP,-23.5543778187845,-46.62833776862849,3580,26
1516,sao paulo,SP,-23.5590732442397,-46.6154799642418,3580,26
1517,sao paulo,SP,-23.5596132784404,-46.6240034806989,3580,26
1518,sao paulo,SP,-23.5592092623912,-46.6231869201275,3580,26
1519,sao paulo,SP,-23.5609263624011,-46.6247570678716,3580,26
1520,sao paulo,SP,-23.5593782690558,-46.6201640194144,3580,26
1521,sao paulo,SP,-23.5611744449417,-46.6215090316688,3580,26
1522,sao paulo,SP,-23.5599202658007,-46.6159818675357,3580,26
1523,sao paulo,SP,-23.5642034784522,-46.6168970647085,3580,26
1524,sao paulo,SP,-23.5677832748332,-46.6134005380578,3580,26
1525,sao paulo,SP,-23.564028977467704,-46.6349539112495,3580,26
1526,sao paulo,SP,-23.5659522677599,-46.630943918566096,3580,26
1527,sao paulo,SP,-23.5624391735259,-46.6291922091737,3580,26
1528,sao paulo,SP,-23.5647700453061,-46.627165924834095,3580,26
1529,sao paulo,SP,-23.5684391568745,-46.6345554916413,3580,26
1530,sao paulo,SP,-23.5689444980634,-46.6300891882053,3580,26
1531,sao paulo,SP,-23.5707606277133,-46.6324252473839,3580,26
1532,sao paulo,SP,-23.5705342176129,-46.6361118769605,3580,26
1533,sao paulo,SP,-23.5711681230998,-46.6383645433503,3580,26
1534,sao paulo,SP,-23.5675435901596,-46.6260851434502,3580,26
1535,sao paulo,SP,-23.5724332149057,-46.6252413618821,3580,26
1536,sao paulo,SP,-23.5690321314549,-46.6234362735563,3580,26
1537,sao paulo,SP,-23.5744228483884,-46.6231372644315,3580,26
1538,sao paulo,SP,-23.5763128232783,-46.62362934794421,3580,26
1539,sao paulo,SP,-23.5711528559151,-46.6204360130377,3580,26
1540,sao paulo,SP,-23.5658513462896,-46.6225815086008,3580,26
1541,sao paulo,SP,-23.5692527405787,-46.618616973058,3580,26
1542,sao paulo,SP,-23.5710658270801,-46.6240601411332,3580,26
1543,sao paulo,SP,-23.5737209750736,-46.6238717682692,3580,26
1544,sao paulo,SP,-23.577255432718,-46.6216317422156,3580,26
1545,sao paulo,SP,-23.5809741430984,-46.6183103316264,3580,26
1546,sao paulo,SP,-23.5790393181512,-46.6219556517969,3580,26
1547,sao paulo,SP,-23.5829939617234,-46.6211267616403,3580,26
1548,sao paulo,SP,-23.5769271452868,-46.6134207852,3580,26
1549,sao paulo,SP,-23.5763175339993,-46.6155866566937,3580,26
1550,sao paulo,SP,-23.5730566065928,-46.6161505456114,3580,26
1551,sao paulo,SP,-23.5727379122679,-46.612680073611,3580,26
1552,sao paulo,SP,-23.569490695195,-46.6113217732372,3580,26
2010,sao paulo,SP,-23.5105615892129,-46.6263549733137,3580,26
2011,sao paulo,SP,-23.5043850341285,-46.626621045901,3580,26
2012,sao paulo,SP,-23.5130660261885,-46.6319681776176,3580,26
2013,sao paulo,SP,-23.5022061742251,-46.6331145397994,3580,26
2016,sao paulo,SP,-23.5039848387671,-46.62567215993881,3580,26
2017,sao paulo,SP,-23.5007429443607,-46.6346945772848,3580,26
2018,sao paulo,SP,-23.4957037061788,-46.6297069046086,3580,26
2019,sao paulo,SP,-23.4982630849199,-46.6296515617304,3580,26
2020,sao paulo,SP,-23.4964686036889,-46.6332928056547,3580,26
2021,sao paulo,SP,-23.4983091411772,-46.6358858984643,3580,26
2022,sao paulo,SP,-23.5040739034245,-46.6376709347386,3580,26
2028,sao paulo,SP,-23.5087025445677,-46.6183369217187,3580,26
2029,sao paulo,SP,-23.5093620785227,-46.6193435530012,3580,26
2030,sao paulo,SP,-23.5058713385214,-46.6246825691127,3580,26
2031,sao paulo,SP,-23.5100627088197,-46.6257781627838,3580,26
2033,sao paulo,SP,-23.4999004533954,-46.6150499907492,3580,26
2034,sao paulo,SP,-23.5040728764956,-46.6241442162558,3580,26
2035,sao paulo,SP,-23.4962113109325,-46.6228250087306,3580,26
2036,sao paulo,SP,-23.5017443071434,-46.6208028623093,3580,26
2037,sao paulo,SP,-23.499718221076204,-46.62055504527749,3580,26
2038,sao paulo,SP,-23.495237528059,-46.624162282332,3580,26
2039,sao paulo,SP,-23.493025095973,-46.6216034795835,3580,26
2040,sao paulo,SP,-23.4896599600144,-46.6225716650929,3580,26
2041,sao paulo,SP,-23.4906264766071,-46.6230798026254,3580,26
2042,sao paulo,SP,-23.4942339044422,-46.6163771524374,3580,26
2043,sao paulo,SP,-23.4899434197819,-46.6161244568886,3580,26
2044,sao paulo,SP,-23.4957247176304,-46.6187879658523,3580,26
2045,sao paulo,SP,-23.4961464920177,-46.6164029191788,3580,26
2046,sao paulo,SP,-23.4922804553008,-46.6117694020756,3580,26
2047,sao paulo,SP,-23.517215553825,-46.6186739638722,3580,26
2050,sao paulo,SP,-23.5173441547818,-46.6121352269395,3580,26
2051,sao paulo,SP,-23.5099883400791,-46.607764415391,3580,26
2052,sao paulo,SP,-23.512974466155,-46.6077837847969,3580,26
2053,sao paulo,SP,-23.5132275988504,-46.602792691111,3580,26
2054,sao paulo,SP,-23.5171955080953,-46.6066992122044,3580,26
2055,sao paulo,SP,-23.5140297313188,-46.6071261616434,3580,26
2056,sao paulo,SP,-23.5123021333116,-46.6027880772541,3580,26
2060,sao paulo,SP,-23.5190051551952,-46.6028609318214,3580,26
2064,sao paulo,SP,-23.517676960434,-46.5979646294073,3580,26
2066,sao paulo,SP,-23.5086433050179,-46.6052956688157,3580,26
2067,sao paulo,SP,-23.5067202810532,-46.6036534199635,3580,26
2071,sao paulo,SP,-23.5042787580299,-46.606427672351,3580,26
2072,sao paulo,SP,-23.5001649278401,-46.6040553351134,3580,26
2074,sao paulo,SP,-23.505219861983,-46.6004475049547,3580,26
2075,sao paulo,SP,-23.5054542204299,-46.6023270321792,3580,26
2076,sao paulo,SP,-23.5046605297824,-46.5990984618096,3580,26
2077,sao paulo,SP,-23.5023161629539,-46.5972944007028,3580,26
2078,sao paulo,SP,-23.5022482247488,-46.5956096712978,3580,26
2079,sao paulo,SP,-23.499287714126996,-46.6057850796723,3580,26
2080,sao paulo,SP,-23.4976704199031,-46.6053615717067,3580,26
2081,sao paulo,SP,-23.4958413326036,-46.6046993246656,3580,26
2082,sao paulo,SP,-23.494597064567998,-46.6071667931365,3580,26
2083,sao paulo,SP,-23.4953214555945,-46.5979355604243,3580,26
2084,sao paulo,SP,-23.4972752167985,-46.5997430555318,3580,26
2110,sao paulo,SP,-23.5190974650429,-46.595538854316,3580,26
2111,sao paulo,SP,-23.5176430012121,-46.5927568776476,3580,26
2112,sao paulo,SP,-23.517448624283002,-46.5904512196473,3580,26
2113,sao paulo,SP,-23.5177204956822,-46.58922662034,3580,26
2115,sao paulo,SP,-23.5265896491225,-46.5916926592957,3580,26
2116,sao paulo,SP,-23.520110678826,-46.5852400430573,3580,26
2117,sao paulo,SP,-23.5186549641049,-46.5936598481946,3580,26
2118,sao paulo,SP,-23.5150065113473,-46.59277463488231,3580,26
2119,sao paulo,SP,-23.5122078031303,-46.5926390494415,3580,26
2120,sao paulo,SP,-23.5108244024457,-46.5938857602457,3580,26
2121,sao paulo,SP,-23.5122290692202,-46.5896833188041,3580,26
2122,sao paulo,SP,-23.5119660935801,-46.583864377181406,3580,26
2123,sao paulo,SP,-23.5118380839914,-46.579442496039,3580,26
2124,sao paulo,SP,-23.5069769130258,-46.5771208635754,3580,26
2125,sao paulo,SP,-23.5098399524027,-46.5868033548936,3580,26
2126,sao paulo,SP,-23.5068980213828,-46.5917511478835,3580,26
2127,sao paulo,SP,-23.505597968453,-46.5872657411086,3580,26
2128,sao paulo,SP,-23.5050195170793,-46.5939425640834,3580,26
2129,sao paulo,SP,-23.5037190648127,-46.5882910289653,3580,26
2130,sao paulo,SP,-23.508467497384,-46.5835636664294,3580,26
2131,sao paulo,SP,-23.5043288118695,-46.5825094505841,3580,26
2132,sao paulo,SP,-23.5013209295348,-46.5776566278787,3580,26
2133,sao paulo,SP,-23.4990812244209,-46.5847247684584,3580,26
2134,sao paulo,SP,-23.4986132674088,-46.5797857222972,3580,26
2135,sao paulo,SP,-23.497932189406,-46.5846122917002,3580,26
2136,sao paulo,SP,-23.4987543242362,-46.582377281861,3580,26
2137,sao paulo,SP,-23.4979532692618,-46.5761186971736,3580,26
2138,sao paulo,SP,-23.4934638627085,-46.5745169763521,3580,26
2139,sao paulo,SP,-23.490468265934698,-46.5735302003256,3580,26
2141,sao paulo,SP,-23.4889868849867,-46.5706532806754,3580,26
2143,sao paulo,SP,-23.5072174461521,-46.5749671258199,3580,26
2150,sao paulo,SP,-23.4940346691749,-46.5686332097043,3580,26
2152,sao paulo,SP,-23.4973613652283,-46.572231727088,3580,26
2161,sao paulo,SP,-23.4901651941826,-46.5692837191868,3580,26
2166,sao paulo,SP,-23.5252090570385,-46.5840215456883,3580,26
2167,sao paulo,SP,-23.5226957636621,-46.581619908769106,3580,26
2168,sao paulo,SP,-23.5206055273529,-46.5795033981587,3580,26
2169,sao paulo,SP,-23.5495848454171,-46.6202999928666,3580,26
2174,sao paulo,SP,-23.522923542862,-46.5724247205603,3580,26
2175,sao paulo,SP,-23.5158866944002,-46.5748915873029,3580,26
2176,sao paulo,SP,-23.5135989028836,-46.5730652850043,3580,26
2177,sao paulo,SP,-23.5087343361469,-46.5585298971563,3580,26
2178,sao paulo,SP,-23.521664986950196,-46.5705238765071,3580,26
2179,sao paulo,SP,-23.5204100605089,-46.568235339069,3580,26
2180,sao paulo,SP,-23.519210706362,-46.5659557064847,3580,26
2181,sao paulo,SP,-23.5186874773703,-46.5610207595483,3580,26
2185,sao paulo,SP,-23.5146991547719,-46.5674861084178,3580,26
2186,sao paulo,SP,-23.514056203198,-46.5690600622993,3580,26
2187,sao paulo,SP,-23.5158713859778,-46.5649097773631,3580,26
2188,sao paulo,SP,-23.509466194005,-46.5669819884204,3580,26
2189,sao paulo,SP,-23.507787143908196,-46.5674677094878,3580,26
2190,sao paulo,SP,-23.5071480542849,-46.5639731544573,3580,26
2201,sao paulo,SP,-23.4862289255294,-46.592006127066,3580,26
2202,sao paulo,SP,-23.4930486829079,-46.5948154970672,3580,26
2203,sao paulo,SP,-23.491870834979,-46.59134807783871,3580,26
2204,sao paulo,SP,-23.4874112545032,-46.5921623946368,3580,26
2205,sao paulo,SP,-23.4879881588483,-46.5911943134812,3580,26
2206,sao paulo,SP,-23.4846205697131,-46.5940454779186,3580,26
2207,sao paulo,SP,-23.4859854919213,-46.588188764979,3580,26
2208,sao paulo,SP,-23.4830155367917,-46.5895186457698,3580,26
2209,sao paulo,SP,-23.4851257902121,-46.5853775187062,3580,26
2210,sao paulo,SP,-23.482559935868,-46.5821023396063,3580,26
2212,sao paulo,SP,-23.4956474703489,-46.5892591393168,3580,26
2213,sao paulo,SP,-23.4961663090031,-46.5881257095254,3580,26
2214,sao paulo,SP,-23.4928514377632,-46.5867982191549,3580,26
2215,sao paulo,SP,-23.490758745356704,-46.5833693247179,3580,26
2216,sao paulo,SP,-23.4930579125663,-46.5797844412548,3580,26
2217,sao paulo,SP,-23.4903536553036,-46.5801756557304,3580,26
2218,sao paulo,SP,-23.4867870850029,-46.584808459708,3580,26
2219,sao paulo,SP,-23.4907767383099,-46.5859266188746,3580,26
2220,sao paulo,SP,-23.4897606244257,-46.5776765153455,3580,26
2221,sao paulo,SP,-23.4815057195478,-46.5814202328246,3580,26
2222,sao paulo,SP,-23.4825555198319,-46.5755864371537,3580,26
2223,sao paulo,SP,-23.4816366502699,-46.5801670394192,3580,26
2224,sao paulo,SP,-23.4845050550411,-46.5737738500495,3580,26
2225,sao paulo,SP,-23.482722295019,-46.5751068922396,3580,26
2226,sao paulo,SP,-23.4801303512794,-46.5736218738191,3580,26
2227,sao paulo,SP,-23.4787250537794,-46.5723740039417,3580,26
2228,sao paulo,SP,-23.4754956302923,-46.5715415501341,3580,26
2229,sao paulo,SP,-23.4765733168356,-46.5688203258776,3580,26
2230,sao paulo,SP,-23.483775068198998,-46.5636586553883,3580,26
2231,sao paulo,SP,-23.4768757368286,-46.5652625636679,3580,26
2232,sao paulo,SP,-23.4757013898622,-46.563972518014,3580,26
2233,sao paulo,SP,-23.4776561196874,-46.5645773226915,3580,26
2234,sao paulo,SP,-23.4785387364082,-46.569544619425606,3580,26
2235,sao paulo,SP,-23.4793326431511,-46.5759403554713,3580,26
2236,sao paulo,SP,-23.4726026040596,-46.5681599559454,3580,26
2238,sao paulo,SP,-23.471205040999205,-46.5715833388255,3580,26
2239,sao paulo,SP,-23.4853032807037,-46.6090598304134,3580,26
2241,sao paulo,SP,-23.4906687065363,-46.6074392599283,3580,26
2242,sao paulo,SP,-23.4876147085127,-46.6039910237517,3580,26
2243,sao paulo,SP,-23.491618476616605,-46.6038692293725,3580,26
2244,sao paulo,SP,-23.4885148738498,-46.6048661649158,3580,26
2245,sao paulo,SP,-23.4847765908799,-46.6065942363655,3580,26
2246,sao paulo,SP,-23.4887118989444,-46.6016872981554,3580,26
2247,sao paulo,SP,-23.4860671523252,-46.6012417235602,3580,26
2249,sao paulo,SP,-23.4888756467433,-46.5970889831022,3580,26
2250,sao paulo,SP,-23.4865165064811,-46.5962163235281,3580,26
2251,sao paulo,SP,-23.4775213907252,-46.5903396965658,3580,26
2252,sao paulo,SP,-23.478744151127,-46.58831651709551,3580,26
2253,sao paulo,SP,-23.4793542420899,-46.595500285389,3580,26
2254,sao paulo,SP,-23.481247005440697,-46.5934049865668,3580,26
2255,sao paulo,SP,-23.4769006396532,-46.5919377351706,3580,26
2256,sao paulo,SP,-23.47532548628,-46.5872140533657,3580,26
2257,sao paulo,SP,-23.4728960552365,-46.5831765935431,3580,26
2258,sao paulo,SP,-23.4759832149697,-46.58190463603519,3580,26
2259,sao paulo,SP,-23.4717526710947,-46.5809646739898,3580,26
2260,sao paulo,SP,-23.4691970125976,-46.5796085727105,3580,26
2261,sao paulo,SP,-23.4675051498214,-46.5772962127164,3580,26
2262,sao paulo,SP,-23.4655159294076,-46.5748288284477,3580,26
2264,sao paulo,SP,-23.4623358322278,-46.5765586135362,3580,26
2265,sao paulo,SP,-23.4742542193425,-46.592025360562594,3580,26
2266,sao paulo,SP,-23.4771488677743,-46.5981868454533,3580,26
2267,sao paulo,SP,-23.4787369708725,-46.6007359289529,3580,26
2268,sao paulo,SP,-23.4698112815756,-46.5948894272379,3580,26
2269,sao paulo,SP,-23.4720802517472,-46.5959772880165,3580,26
2270,sao paulo,SP,-23.4724876319456,-46.5930399101788,3580,26
2271,sao paulo,SP,-23.4696988911878,-46.5899602192559,3580,26
2272,sao paulo,SP,-23.4692536404215,-46.5866800015014,3580,26
2273,sao paulo,SP,-23.4635137716369,-46.58623732309,3580,26
2274,sao paulo,SP,-23.4670517756332,-46.5879207562011,3580,26
2275,sao paulo,SP,-23.4657000202714,-46.5902692329783,3580,26
2276,sao paulo,SP,-23.4611930543528,-46.5840976024709,3580,26
2278,sao paulo,SP,-23.4627967720741,-46.5796245100669,3580,26
2279,sao paulo,SP,-23.4668734956667,-46.5800020372185,3580,26
2280,sao paulo,SP,-23.4558962779116,-46.5751616281506,3580,26
2281,sao paulo,SP,-23.4519874289058,-46.5751049377413,3580,26
2290,sao paulo,SP,-23.6004619996076,-46.655317924959,3580,26
2301,sao paulo,SP,-23.4886638580023,-46.6150189293647,3580,26
2302,sao paulo,SP,-23.4860365051733,-46.6140107880777,3580,26
2303,sao paulo,SP,-23.4820095736802,-46.6105011798029,3580,26
2304,sao paulo,SP,-23.4808237058759,-46.6054593315323,3580,26
2306,sao paulo,SP,-23.4633688115413,-46.6034784166184,3580,26
2307,sao paulo,SP,-23.4808905375283,-46.607276642692305,3580,26
2308,sao paulo,SP,-23.4764179412235,-46.6042103681931,3580,26
2309,sao paulo,SP,-23.4756734768903,-46.604735426067,3580,26
2310,sao paulo,SP,-23.472814658449,-46.6007291450138,3580,26
2311,sao paulo,SP,-23.4691228896165,-46.601679503629406,3580,26
2312,sao paulo,SP,-23.4648050599226,-46.5987124169714,3580,26
2313,sao paulo,SP,-23.463955418022795,-46.5998996978453,3580,26
2314,sao paulo,SP,-23.462064417366502,-46.5993477173271,3580,26
2315,sao paulo,SP,-23.4599964312202,-46.59974970395191,3580,26
2316,sao paulo,SP,-23.4622658367821,-46.5938396899266,3580,26
2317,sao paulo,SP,-23.4581193255087,-46.5931674665109,3580,26
2318,sao paulo,SP,-23.450859236265,-46.590110574576,3580,26
2319,sao paulo,SP,-23.449721360385997,-46.5933644636145,3580,26
2320,sao paulo,SP,-23.451350418041,-46.598423635187295,3580,26
2321,sao paulo,SP,-23.4472024592055,-46.5889779807689,3580,26
2322,sao paulo,SP,-23.4457055234375,-46.5936991329905,3580,26
2323,sao paulo,SP,-23.4563247487119,-46.6010965265775,3580,26
2324,sao paulo,SP,-23.477955508906195,-46.5984767151071,3580,26
2325,sao paulo,SP,-23.4535368184821,-46.5860406892207,3580,26
2328,sao paulo,SP,-23.5189163647814,-46.5973068822923,3580,26
2330,sao paulo,SP,-23.485553693727798,-46.6174906011942,3580,26
2332,sao paulo,SP,-23.4827144122853,-46.6215534398242,3580,26
2333,sao paulo,SP,-23.48067042467,-46.6213768530242,3580,26
2334,sao paulo,SP,-23.4839952457975,-46.6195839930196,3580,26
2335,sao paulo,SP,-23.4833627738558,-46.6170552953274,3580,26
2336,sao paulo,SP,-23.481297618595402,-46.6169399787847,3580,26
2337,sao paulo,SP,-23.4787048030697,-46.6145133960232,3580,26
2338,sao paulo,SP,-23.4754986145399,-46.6181267796258,3580,26
2339,sao paulo,SP,-23.4775889611573,-46.6152473025607,3580,26
2340,sao paulo,SP,-23.4596048182539,-46.6157127632923,3580,26
2341,sao paulo,SP,-23.4652356270665,-46.6154755585021,3580,26
2342,sao paulo,SP,-23.4738368660693,-46.6105939978583,3580,26
2344,sao paulo,SP,-23.4693115816191,-46.6103050883877,3580,26
2345,sao paulo,SP,-23.4688442116526,-46.6152399726124,3580,26
2346,sao paulo,SP,-23.4712284846377,-46.6082307878964,3580,26
2347,sao paulo,SP,-23.4640368142636,-46.6072550817252,3580,26
2349,sao paulo,SP,-23.459790579302,-46.6044412379238,3580,26
2350,sao paulo,SP,-23.4607240779967,-46.6016047944519,3580,26
2351,sao paulo,SP,-23.4549441060972,-46.5997079258627,3580,26
2352,sao paulo,SP,-23.45438319307,-46.5962405155727,3580,26
2353,sao paulo,SP,-23.4526286597854,-46.6053452052192,3580,26
2354,sao paulo,SP,-23.4550257462165,-46.6043134666978,3580,26
2355,sao paulo,SP,-23.4547065331077,-46.6114040724726,3580,26
2356,sao paulo,SP,-23.4509736259963,-46.6121807197875,3580,26
2357,sao paulo,SP,-23.4474306159213,-46.6139627800533,3580,26
2358,sao paulo,SP,-23.4544474793812,-46.60875824890601,3580,26
2359,sao paulo,SP,-23.4458817436012,-46.6192303575161,3580,26
2360,sao paulo,SP,-23.4368417996534,-46.5777443206498,3580,26
2361,sao paulo,SP,-23.4366638802788,-46.581489780273,3580,26
2362,sao paulo,SP,-23.479234826065795,-46.5796332355761,3580,26
2363,sao paulo,SP,-23.4323280253045,-46.57608958846131,3580,26
2365,sao paulo,SP,-23.4456999333593,-46.5818863558606,3580,26
2366,sao paulo,SP,-23.4677327464098,-46.6105450979245,3580,26
2367,sao paulo,SP,-23.462270277161405,-46.593803924788496,3580,26
2368,sao paulo,SP,-23.403835914291005,-46.5780950159058,3580,26
2370,sao paulo,SP,-23.4628274974767,-46.621804750826,3580,26
2371,sao paulo,SP,-23.4590147209867,-46.6186765771712,3580,26
2372,sao paulo,SP,-23.4600945386066,-46.6246250320048,3580,26
2374,sao paulo,SP,-23.4547669567002,-46.62144325386921,3580,26
2375,sao paulo,SP,-23.4536771262409,-46.6250339101435,3580,26
2376,sao paulo,SP,-23.4576189074731,-46.6281051276274,3580,26
2377,sao paulo,SP,-23.4568143663557,-46.6318131556163,3580,26
2378,sao paulo,SP,-23.4573940764484,-46.6296664446863,3580,26
2401,sao paulo,SP,-23.4917244368503,-46.6267713249897,3580,26
2402,sao paulo,SP,-23.4903336079009,-46.6271216093903,3580,26
2403,sao paulo,SP,-23.4939922161844,-46.628358713445,3580,26
2404,sao paulo,SP,-23.4912614720583,-46.628982317472705,3580,26
2405,sao paulo,SP,-23.48948989209,-46.63285801485,3580,26
2406,sao paulo,SP,-23.4880069712836,-46.6301041682791,3580,26
2407,sao paulo,SP,-23.4848751119236,-46.6245752030633,3580,26
2408,sao paulo,SP,-23.4825229976723,-46.6272897630753,3580,26
2409,sao paulo,SP,-23.4782442409055,-46.62488291727541,3580,26
2410,sao paulo,SP,-23.4758166717849,-46.6230282933357,3580,26
2411,sao paulo,SP,-23.475647989606802,-46.62432330375331,3580,26
2413,sao paulo,SP,-23.4829404327033,-46.6370249344673,3580,26
2415,sao paulo,SP,-23.4719483527375,-46.6313702602046,3580,26
2416,sao paulo,SP,-23.4777192553252,-46.6281700588266,3580,26
2417,sao paulo,SP,-23.4776264542937,-46.6301454800035,3580,26
2418,sao paulo,SP,-23.4705502723491,-46.6290617715999,3580,26
2419,sao paulo,SP,-23.477060130884,-46.6401287172521,3580,26
2420,sao paulo,SP,-23.474186988920795,-46.63639383827201,3580,26
2421,sao paulo,SP,-23.473691873398,-46.6326633928772,3580,26
2422,sao paulo,SP,-23.471748790241296,-46.63677317670021,3580,26
2423,sao paulo,SP,-23.468374956100195,-46.6334100415089,3580,26
2430,sao paulo,SP,-23.4821033260674,-46.6453751613347,3580,26
2431,sao paulo,SP,-23.4870047615806,-46.6361696311592,3580,26
2432,sao paulo,SP,-23.4768514359148,-46.6252651435607,3580,26
2433,sao paulo,SP,-23.4817917494668,-46.636268192109,3580,26
2435,sao paulo,SP,-23.4803033154623,-46.6417677795636,3580,26
2436,sao paulo,SP,-23.479409893054605,-46.6360123773816,3580,26
2440,sao paulo,SP,-23.4776937528123,-46.64822334740129,3580,26
2441,sao paulo,SP,-23.473069775926,-46.6414503667967,3580,26
2442,sao paulo,SP,-23.4731224831971,-46.643816695070505,3580,26
2443,sao paulo,SP,-23.4729945312003,-46.6474294119034,3580,26
2450,sao paulo,SP,-23.4982616827175,-46.6377849886655,3580,26
2451,sao paulo,SP,-23.499162903885,-46.6421120000937,3580,26
2452,sao paulo,SP,-23.5003120734647,-46.6440782129055,3580,26
2460,sao paulo,SP,-23.4907100185911,-46.6375489886659,3580,26
2461,sao paulo,SP,-23.4920031646563,-46.6390028617141,3580,26
2462,sao paulo,SP,-23.4918003829413,-46.6416068772721,3580,26
2463,sao paulo,SP,-23.488488792858004,-46.6454895695833,3580,26
2464,sao paulo,SP,-23.4893352299997,-46.65039082961889,3580,26
2465,sao paulo,SP,-23.4839828007957,-46.6555509763569,3580,26
2466,sao paulo,SP,-23.495379838561302,-46.642426656442204,3580,26
2467,sao paulo,SP,-23.4912938769211,-46.6462642944992,3580,26
2468,sao paulo,SP,-23.4882897382317,-46.6490019991127,3580,26
2469,sao paulo,SP,-23.4853553174317,-46.6447882109203,3580,26
2470,sao paulo,SP,-23.4849686742355,-46.6491506895177,3580,26
2471,sao paulo,SP,-23.4817408466513,-46.6521224556338,3580,26
2472,sao paulo,SP,-23.4768570880526,-46.6555595951238,3580,26
2473,sao paulo,SP,-23.4777536136623,-46.651816297875,3580,26
2474,sao paulo,SP,-23.477266697560896,-46.6565076913515,3580,26
2475,sao paulo,SP,-23.479988957379405,-46.6448694888297,3580,26
2478,sao paulo,SP,-23.4775490628778,-46.6600324199377,3580,26
2479,sao paulo,SP,-23.4751141555285,-46.6564809983414,3580,26
2510,sao paulo,SP,-23.5130421007652,-46.6519944674235,3580,26
2512,sao paulo,SP,-23.5137193958631,-46.6593424493091,3580,26
2513,sao paulo,SP,-23.5613309559408,-46.68516395817429,3580,26
2514,sao paulo,SP,-23.510630743633,-46.6552376502684,3580,26
2515,sao paulo,SP,-23.5102076534454,-46.6578898826982,3580,26
2516,sao paulo,SP,-23.5089756691035,-46.6593850708806,3580,26
2517,sao paulo,SP,-23.5073465059673,-46.664235951188,3580,26
2518,sao paulo,SP,-23.5099483949035,-46.6653477480266,3580,26
2519,sao paulo,SP,-23.501981092935797,-46.6554387243471,3580,26
2520,sao paulo,SP,-23.5031575943039,-46.6557090826146,3580,26
2521,sao paulo,SP,-23.5039731398122,-46.6651004196407,3580,26
2522,sao paulo,SP,-23.5044221658231,-46.6591830670166,3580,26
2523,sao paulo,SP,-23.5058301470868,-46.65562823179929,3580,26
2525,sao paulo,SP,-23.5021738306956,-46.6574084985789,3580,26
2526,sao paulo,SP,-23.5030198265359,-46.6467962859456,3580,26
2530,sao paulo,SP,-23.5007677089087,-46.6604540400779,3580,26
2531,sao paulo,SP,-23.5009369103635,-46.652741701672,3580,26
2532,sao paulo,SP,-23.499764018180404,-46.6554708435666,3580,26
2533,sao paulo,SP,-23.4975816061938,-46.6549697781267,3580,26
2534,sao paulo,SP,-23.4962764109981,-46.6537121528368,3580,26
2535,sao paulo,SP,-23.4973976708331,-46.6494629681403,3580,26
2537,sao paulo,SP,-23.4913123753873,-46.6524597480994,3580,26
2538,sao paulo,SP,-23.4988649917976,-46.6544676460974,3580,26
2539,sao paulo,SP,-23.4948169164255,-46.6581086283215,3580,26
2540,sao paulo,SP,-23.4892969857129,-46.6561855730451,3580,26
2541,sao paulo,SP,-23.4861557054595,-46.6556920648343,3580,26
2542,sao paulo,SP,-23.4870129866603,-46.6586753940977,3580,26
2543,sao paulo,SP,-23.4837878026684,-46.6611758038788,3580,26
2544,sao paulo,SP,-23.488927155223404,-46.6609183210033,3580,26
2545,sao paulo,SP,-23.4924209137765,-46.6626263331379,3580,26
2550,sao paulo,SP,-23.5064754745589,-46.6713173817641,3580,26
2551,sao paulo,SP,-23.502582111131,-46.6692443494847,3580,26
2552,sao paulo,SP,-23.5080301306507,-46.6611891140163,3580,26
2553,sao paulo,SP,-23.4989783779943,-46.666386852971,3580,26
2555,sao paulo,SP,-23.4936850908109,-46.6661917931738,3580,26
2556,sao paulo,SP,-23.4978902359494,-46.6694028522878,3580,26
2557,sao paulo,SP,-23.4982964087643,-46.6727232721886,3580,26
2558,sao paulo,SP,-23.4961102056473,-46.6746377801127,3580,26
2559,sao paulo,SP,-23.4930541682546,-46.6724459979511,3580,26
2560,sao paulo,SP,-23.4946861146411,-46.6711328814997,3580,26
2561,sao paulo,SP,-23.492352403494,-46.674942172007,3580,26
2562,sao paulo,SP,-23.4868659830211,-46.6737982435686,3580,26
2563,sao paulo,SP,-23.4900417446081,-46.6689963447902,3580,26
2564,sao paulo,SP,-23.488054912769,-46.6687118943148,3580,26
2565,sao paulo,SP,-23.4865741468999,-46.6683599686891,3580,26
2566,sao paulo,SP,-23.4828367026017,-46.6688967443822,3580,26
2567,sao paulo,SP,-23.4806672778314,-46.6682067663263,3580,26
2610,sao paulo,SP,-23.4826311197811,-46.6594308604752,3580,26
2611,sao paulo,SP,-23.4677903228952,-46.64820626081529,3580,26
2612,sao paulo,SP,-23.4727005154984,-46.6637578117863,3580,26
2613,sao paulo,SP,-23.4787471507527,-46.6625698660593,3580,26
2614,sao paulo,SP,-23.4723345836827,-46.6565784495105,3580,26
2615,sao paulo,SP,-23.4715248782702,-46.6541912723968,3580,26
2616,sao paulo,SP,-23.469190720707804,-46.6545735007718,3580,26
2617,sao paulo,SP,-23.4663816776619,-46.658682706841,3580,26
2618,sao paulo,SP,-23.4683915494001,-46.6499800625047,3580,26
2630,sao paulo,SP,-23.4637750886139,-46.6414332594311,3580,26
2631,sao paulo,SP,-23.4590279476359,-46.6456557528228,3580,26
2632,sao paulo,SP,-23.464508708899,-46.649207251746,3580,26
2633,sao paulo,SP,-23.4616931878178,-46.6517366108659,3580,26
2634,sao paulo,SP,-23.4576333813483,-46.6504041487929,3580,26
2635,sao paulo,SP,-23.4564965606981,-46.6443921069765,3580,26
2636,sao paulo,SP,-23.4533376867257,-46.6451040173825,3580,26
2637,sao paulo,SP,-23.4547372509701,-46.6489830159955,3580,26
2649,sao paulo,SP,-23.4606457999104,-46.6625587371992,3580,26
2650,sao paulo,SP,-23.4615681057374,-46.6567980727563,3580,26
2651,sao paulo,SP,-23.4608894396033,-46.6588590414883,3580,26
2652,sao paulo,SP,-23.4576362956837,-46.6566805470277,3580,26
2670,sao paulo,SP,-23.4658280910146,-46.6642844830256,3580,26
2671,sao paulo,SP,-23.4673979699575,-46.6638777381428,3580,26
2672,sao paulo,SP,-23.4598654160634,-46.6664220702885,3580,26
2673,sao paulo,SP,-23.462442703636,-46.671222010179,3580,26
2674,sao paulo,SP,-23.4600926130058,-46.6684234308866,3580,26
2675,sao paulo,SP,-23.4568466977169,-46.6709061020228,3580,26
2679,sao paulo,SP,-23.4568710138011,-46.6648474658363,3580,26
2680,sao paulo,SP,-23.4513522857034,-46.6675044427054,3580,26
2710,sao paulo,SP,-23.5081334336458,-46.673788540796,3580,26
2712,sao paulo,SP,-23.5058494441551,-46.6783883677036,3580,26
2713,sao paulo,SP,-23.5066315325969,-46.6849005375802,3580,26
2715,sao paulo,SP,-23.5042316628052,-46.68212639414319,3580,26
2716,sao paulo,SP,-23.4946489618169,-46.6850370766453,3580,26
2717,sao paulo,SP,-23.4919975570324,-46.6846699252491,3580,26
2720,sao paulo,SP,-23.492992772787,-46.6741616340657,3580,26
2721,sao paulo,SP,-23.496707659949603,-46.67463272223029,3580,26
2722,sao paulo,SP,-23.5008405446307,-46.6783355364707,3580,26
2723,sao paulo,SP,-23.4998790957135,-46.6800301582688,3580,26
2724,sao paulo,SP,-23.497651032154902,-46.6817323460061,3580,26
2725,sao paulo,SP,-23.4994017310745,-46.6823938239016,3580,26
2726,sao paulo,SP,-23.5003476351648,-46.687132071704205,3580,26
2727,sao paulo,SP,-23.4968286199924,-46.6857834488232,3580,26
2728,sao paulo,SP,-23.4958250588858,-46.6881599036706,3580,26
2729,sao paulo,SP,-23.5032402341027,-46.6903384028419,3580,26
2730,sao paulo,SP,-23.4977966152943,-46.6907989528381,3580,26
2731,sao paulo,SP,-23.4980592727142,-46.6924244169675,3580,26
2732,sao paulo,SP,-23.5000282669385,-46.6954547619022,3580,26
2733,sao paulo,SP,-23.4953810666685,-46.6951463029888,3580,26
2734,sao paulo,SP,-23.4909692687835,-46.6940809244201,3580,26
2735,sao paulo,SP,-23.4926905275552,-46.6935821201809,3580,26
2736,sao paulo,SP,-23.4901161327259,-46.6910698502803,3580,26
2737,sao paulo,SP,-23.4877325711527,-46.6901820213996,3580,26
2738,sao paulo,SP,-23.4913656062048,-46.6886274811121,3580,26
2739,sao paulo,SP,-23.479398517928,-46.6810718605852,3580,26
2750,sao paulo,SP,-23.493303022058,-46.6806377160808,3580,26
2751,sao paulo,SP,-23.4909003400406,-46.6821277249256,3580,26
2752,sao paulo,SP,-23.4941967589976,-46.6829306028636,3580,26
2754,sao paulo,SP,-23.4904126403632,-46.6776943968394,3580,26
2755,sao paulo,SP,-23.4880028782314,-46.6797296480138,3580,26
2756,sao paulo,SP,-23.4860220040904,-46.6775617832193,3580,26
2757,sao paulo,SP,-23.4866145219473,-46.6852507259824,3580,26
2758,sao paulo,SP,-23.4848681269674,-46.6843112875741,3580,26
2759,sao paulo,SP,-23.4840231828646,-46.6830565691731,3580,26
2762,sao paulo,SP,-23.4825300781911,-46.6753272676549,3580,26
2763,sao paulo,SP,-23.4790376669949,-46.6758371734972,3580,26
2764,sao paulo,SP,-23.4797016910581,-46.6777338990774,3580,26
2765,sao paulo,SP,-23.4766548001293,-46.6736676067983,3580,26
2801,sao paulo,SP,-23.4835173587093,-46.7005131088771,3580,26
2802,sao paulo,SP,-23.4855281890798,-46.6954337671027,3580,26
2803,sao paulo,SP,-23.4866851482636,-46.6937094681143,3580,26
2804,sao paulo,SP,-23.483894715878098,-46.6977596116616,3580,26
2805,sao paulo,SP,-23.4790091204176,-46.6978102979138,3580,26
2806,sao paulo,SP,-23.4734904439029,-46.6989501368859,3580,26
2807,sao paulo,SP,-23.4736109995027,-46.7007286866452,3580,26
2808,sao paulo,SP,-23.4687192998305,-46.7029162307635,3580,26
2809,sao paulo,SP,-23.4718948759165,-46.70358161893089,3580,26
2811,sao paulo,SP,-23.4760446556958,-46.7027992504551,3580,26
2813,sao paulo,SP,-23.450673311179,-46.7118186780247,3580,26
2814,sao paulo,SP,-23.4579840653525,-46.7078766882368,3580,26
2815,sao paulo,SP,-23.4450107789947,-46.7145889562803,3580,26
2817,sao paulo,SP,-23.4632298274352,-46.7024408513041,3580,26
2820,sao paulo,SP,-23.4527931072561,-46.7089859418122,3580,26
2831,sao paulo,SP,-23.478175088045095,-46.6917233746509,3580,26
2834,sao paulo,SP,-23.4753992755881,-46.6928337458313,3580,26
2835,sao paulo,SP,-23.4715099947833,-46.6945516953949,3580,26
2836,sao paulo,SP,-23.4724160942103,-46.6967077928275,3580,26
2837,sao paulo,SP,-23.4642549273677,-46.6994611750124,3580,26
2839,sao paulo,SP,-23.4774705703234,-46.6829302881983,3580,26
2840,sao paulo,SP,-23.4821997145562,-46.6895877904441,3580,26
2841,sao paulo,SP,-23.4799157605249,-46.6865218065891,3580,26
2842,sao paulo,SP,-23.4751702706815,-46.6873846034377,3580,26
2844,sao paulo,SP,-23.4716256149129,-46.6876216854052,3580,26
2845,sao paulo,SP,-23.4681667491015,-46.6924167405645,3580,26
2846,sao paulo,SP,-23.4623937098454,-46.6976525653336,3580,26
2847,sao paulo,SP,-23.4646310537023,-46.6916896497078,3580,26
2848,sao paulo,SP,-23.4637875053179,-46.6898429767485,3580,26
2849,sao paulo,SP,-23.4639535883303,-46.6873454526664,3580,26
2850,sao paulo,SP,-23.4665463389708,-46.6734898880938,3580,26
2851,sao paulo,SP,-23.4595661900381,-46.6913767574632,3580,26
2853,sao paulo,SP,-23.4574132754027,-46.6950509611161,3580,26
2854,sao paulo,SP,-23.4565448024629,-46.6975407432739,3580,26
2855,sao paulo,SP,-23.456160039922604,-46.7006864515869,3580,26
2856,sao paulo,SP,-23.4639758297841,-46.6797533273747,3580,26
2857,sao paulo,SP,-23.6139041049288,-46.7379715015623,3580,26
2858,sao paulo,SP,-23.4463383034213,-46.7025816925625,3580,26
2859,sao paulo,SP,-23.4543841288665,-46.7024386466606,3580,26
2860,sao paulo,SP,-23.4604330373996,-46.686035172518,3580,26
2861,sao paulo,SP,-23.4713388542475,-46.6719132207507,3580,26
2862,sao paulo,SP,-23.4750224730333,-46.6801860503291,3580,26
2863,sao paulo,SP,-23.4736198521163,-46.6744823974211,3580,26
2864,sao paulo,SP,-23.4723811355937,-46.6816678059506,3580,26
2866,sao paulo,SP,-23.4676821314479,-46.6808768339911,3580,26
2867,sao paulo,SP,-23.4692003586578,-46.6834441458712,3580,26
2870,sao paulo,SP,-23.4613837969527,-46.6773140000384,3580,26
2871,sao paulo,SP,-23.4628070308592,-46.6753670448081,3580,26
2872,sao paulo,SP,-23.4623788524607,-46.6716533406668,3580,26
2873,sao paulo,SP,-23.4570694382879,-46.68240622317641,3580,26
2874,sao paulo,SP,-23.4625646409303,-46.6764253178647,3580,26
2875,sao paulo,SP,-23.461557027524105,-46.6819358711682,3580,26
2877,sao paulo,SP,-23.459364168265797,-46.683220044489,3580,26
2878,sao paulo,SP,-23.4520345893966,-46.6870713527725,3580,26
2879,sao paulo,SP,-23.4489300824675,-46.6977317466753,3580,26
2880,sao paulo,SP,-23.4666806200693,-46.6722268557188,3580,26
2881,sao paulo,SP,-23.4666162044081,-46.6750124276752,3580,26
2882,sao paulo,SP,-23.470619476046505,-46.66808892111171,3580,26
2883,sao paulo,SP,-23.4464611464025,-46.7014892893544,3580,26
2910,sao paulo,SP,-23.5052164626082,-46.6993959575704,3580,26
2911,sao paulo,SP,-23.504012395528,-46.7020685264325,3580,26
2912,sao paulo,SP,-23.5054589281206,-46.7085206129576,3580,26
2913,sao paulo,SP,-23.503459306465,-46.712878698711,3580,26
2914,sao paulo,SP,-23.5032359883774,-46.7095498486448,3580,26
2915,sao paulo,SP,-23.4980155998123,-46.7078553169716,3580,26
2916,sao paulo,SP,-23.4942522395116,-46.7138803094421,3580,26
2917,sao paulo,SP,-23.4979573318323,-46.7131150867952,3580,26
2918,sao paulo,SP,-23.4958548322793,-46.7168516638197,3580,26
2919,sao paulo,SP,-23.4993438321079,-46.7144163080091,3580,26
2920,sao paulo,SP,-23.4902019802511,-46.7213607549128,3580,26
2925,sao paulo,SP,-23.501946754118,-46.6985001632439,3580,26
2926,sao paulo,SP,-23.4999762940747,-46.7015610856236,3580,26
2927,sao paulo,SP,-23.4977397422524,-46.7037837007814,3580,26
2928,sao paulo,SP,-23.5088615783024,-46.6811272120948,3580,26
2929,sao paulo,SP,-23.4926878556952,-46.7063379315674,3580,26
2930,sao paulo,SP,-23.4908308655484,-46.7079563133045,3580,26
2931,sao paulo,SP,-23.4973142114119,-46.70960852407709,3580,26
2932,sao paulo,SP,-23.4908351361294,-46.7114378889415,3580,26
2934,sao paulo,SP,-23.4868040092003,-46.7053000180547,3580,26
2935,sao paulo,SP,-23.4889320826427,-46.7166614236808,3580,26
2936,sao paulo,SP,-23.4859830312998,-46.7179455451703,3580,26
2937,sao paulo,SP,-23.4849677373453,-46.7209259106384,3580,26
2938,sao paulo,SP,-23.458835453712698,-46.7221110187209,3580,26
2939,sao paulo,SP,-23.4832276327834,-46.7299100528744,3580,26
2940,sao paulo,SP,-23.4802425592013,-46.7238326899469,3580,26
2941,sao paulo,SP,-23.4788029233264,-46.7227247003317,3580,26
2942,sao paulo,SP,-23.4760883756792,-46.7225878483933,3580,26
2943,sao paulo,SP,-23.4767413208585,-46.7249937432338,3580,26
2944,sao paulo,SP,-23.4753425334213,-46.7260701968497,3580,26
2945,sao paulo,SP,-23.4836954417645,-46.7266791980156,3580,26
2951,sao paulo,SP,-23.473670503359,-46.7221375369024,3580,26
2955,sao paulo,SP,-23.4681750980693,-46.7202534444743,3580,26
2957,sao paulo,SP,-23.4669414917286,-46.7224440842804,3580,26
2960,sao paulo,SP,-23.4952144407949,-46.7010913237175,3580,26
2961,sao paulo,SP,-23.4924912147346,-46.6996382915836,3580,26
2962,sao paulo,SP,-23.4894190762182,-46.7023216999023,3580,26
2963,sao paulo,SP,-23.5048689086152,-46.6826022160563,3580,26
2964,sao paulo,SP,-23.4855260640489,-46.7056033507476,3580,26
2965,sao paulo,SP,-23.4837184769487,-46.7047011843565,3580,26
2967,sao paulo,SP,-23.4809846783533,-46.7042163371166,3580,26
2968,sao paulo,SP,-23.4793235712571,-46.7076747161463,3580,26
2969,sao paulo,SP,-23.4920587791635,-46.7106280391818,3580,26
2970,sao paulo,SP,-23.4828192634036,-46.71493169991229,3580,26
2971,sao paulo,SP,-23.4848820001299,-46.7083212887828,3580,26
2972,sao paulo,SP,-23.4811580001539,-46.7105362552248,3580,26
2975,sao paulo,SP,-23.478130903023,-46.7113624961047,3580,26
2976,sao paulo,SP,-23.476142147293,-46.715789189519306,3580,26
2977,sao paulo,SP,-23.4707771219275,-46.7144312110741,3580,26
2978,sao paulo,SP,-23.4736150418634,-46.7068231811395,3580,26
2979,sao paulo,SP,-23.4760229489668,-46.6980784980338,3580,26
2981,sao paulo,SP,-23.4600002374565,-46.7172473305243,3580,26
2984,sao paulo,SP,-23.4450013643926,-46.7205531997379,3580,26
2985,sao paulo,SP,-23.4420083856014,-46.719366678474,3580,26
2987,sao paulo,SP,-23.435105075740704,-46.7053473652372,3580,26
2989,sao paulo,SP,-23.4337623883023,-46.7209578510801,3580,26
2990,sao paulo,SP,-23.4447998473343,-46.7275825583089,3580,26
2991,sao paulo,SP,-23.4366750644661,-46.72729636208269,3580,26
2992,sao paulo,SP,-23.4488206844102,-46.7287636262974,3580,26
2993,sao paulo,SP,-23.4539616638121,-46.7318840297443,3580,26
2995,sao paulo,SP,-23.4442716894422,-46.73898865697951,3580,26
2996,sao paulo,SP,-23.4417685364241,-46.7396266630066,3580,26
2998,sao paulo,SP,-23.443498238474,-46.7277569694008,3580,26
3001,sao paulo,SP,-23.5417345327162,-46.6146602943169,3580,26
3003,sao paulo,SP,-23.5454395883152,-46.6237067979975,3580,26
3004,sao paulo,SP,-23.5439584169557,-46.6216583469921,3580,26
3005,sao paulo,SP,-23.5426870695654,-46.624774593483,3580,26
3006,sao paulo,SP,-23.5418122436329,-46.6245502594419,3580,26
3007,sao paulo,SP,-23.5411608845243,-46.6264308614396,3580,26
3008,sao paulo,SP,-23.542580895700798,-46.6204712248412,3580,26
3009,sao paulo,SP,-23.5361748737861,-46.6205553880733,3580,26
3011,sao paulo,SP,-23.5382589956057,-46.6151084207054,3580,26
3012,sao paulo,SP,-23.5408095993119,-46.6154212779071,3580,26
3013,sao paulo,SP,-23.5353161892798,-46.6143129396878,3580,26
3014,sao paulo,SP,-23.5384747550176,-46.6020337587039,3580,26
3015,sao paulo,SP,-23.5374345898245,-46.5959545017998,3580,26
3016,sao paulo,SP,-23.5370649166084,-46.6150820597665,3580,26
3017,sao paulo,SP,-23.536603102561802,-46.61093956663339,3580,26
3018,sao paulo,SP,-23.53230248941,-46.6113443157727,3580,26
3019,sao paulo,SP,-23.5334224622568,-46.6049770363056,3580,26
3021,sao paulo,SP,-23.5310120102896,-46.6008102821983,3580,26
3022,sao paulo,SP,-23.5259116981023,-46.6048787421403,3580,26
3023,sao paulo,SP,-23.5323383939617,-46.6108052774462,3580,26
3024,sao paulo,SP,-23.5304448200437,-46.6094810652552,3580,26
3025,sao paulo,SP,-23.5351038141693,-46.6096259019853,3580,26
3026,sao paulo,SP,-23.5313642105865,-46.611131863463,3580,26
3027,sao paulo,SP,-23.5341851496459,-46.6136813472055,3580,26
3028,sao paulo,SP,-23.5272590329991,-46.6114945690623,3580,26
3029,sao paulo,SP,-23.529824605935797,-46.6181735516323,3580,26
3030,sao paulo,SP,-23.5267623817101,-46.618378842968,3580,26
3031,sao paulo,SP,-23.5318568088429,-46.6206420377872,3580,26
3032,sao paulo,SP,-23.5311060688071,-46.6216306720509,3580,26
3033,sao paulo,SP,-23.5295590522569,-46.6241656767017,3580,26
3034,sao paulo,SP,-23.5229698206935,-46.6174067986713,3580,26
3035,sao paulo,SP,-23.5255807283369,-46.61466092986,3580,26
3040,sao paulo,SP,-23.5499237150452,-46.6230310435933,3580,26
3041,sao paulo,SP,-23.5492367483153,-46.6199483718473,3580,26
3042,sao paulo,SP,-23.5487334525252,-46.6184487060041,3580,26
3043,sao paulo,SP,-23.5472542373972,-46.6171226571469,3580,26
3044,sao paulo,SP,-23.5516921284508,-46.6209077147892,3580,26
3045,sao paulo,SP,-23.5428290958365,-46.6025243852074,3580,26
3046,sao paulo,SP,-23.5443424926424,-46.6156199131225,3580,26
3047,sao paulo,SP,-23.5420644785454,-46.6056755897223,3580,26
3050,sao paulo,SP,-23.5440978897641,-46.6127085823414,3580,26
3051,sao paulo,SP,-23.5453873793889,-46.6084143844339,3580,26
3052,sao paulo,SP,-23.540735445893,-46.6071457400206,3580,26
3053,sao paulo,SP,-23.5441801829337,-46.6070788732598,3580,26
3054,sao paulo,SP,-23.5423134276165,-46.603755470724,3580,26
3055,sao paulo,SP,-23.5405824998438,-46.5993901260467,3580,26
3057,sao paulo,SP,-23.541183796388,-46.5968440459112,3580,26
3058,sao paulo,SP,-23.5390781100868,-46.5906027087565,3580,26
3059,sao paulo,SP,-23.540171867461503,-46.5916877726585,3580,26
3060,sao paulo,SP,-23.5384326719183,-46.586993819209,3580,26
3061,sao paulo,SP,-23.5402628550283,-46.5849546269348,3580,26
3062,sao paulo,SP,-23.5410843084119,-46.5894294017568,3580,26
3063,sao paulo,SP,-23.532438323637,-46.5643202797227,3580,26
3064,sao paulo,SP,-23.533308961038,-46.56975840842559,3580,26
3065,sao paulo,SP,-23.537371432201,-46.5789482923152,3580,26
3066,sao paulo,SP,-23.537393590878,-46.57674715135931,3580,26
3067,sao paulo,SP,-23.5377596391029,-46.5734274102983,3580,26
3068,sao paulo,SP,-23.536697990905,-46.5680900134471,3580,26
3069,sao paulo,SP,-23.5354193031344,-46.5653911447421,3580,26
3070,sao paulo,SP,-23.5383670013665,-46.5691182884285,3580,26
3071,sao paulo,SP,-23.534017589458,-46.5615203133365,3580,26
3072,sao paulo,SP,-23.5344349514081,-46.5569990391493,3580,26
3073,sao paulo,SP,-23.5317555780027,-46.5557444871649,3580,26
3077,sao paulo,SP,-23.531680926471996,-46.5807021462862,3580,26
3080,sao paulo,SP,-23.5329064631609,-46.578497509810894,3580,26
3081,sao paulo,SP,-23.5316360309853,-46.575487054829,3580,26
3084,sao paulo,SP,-23.5334741705702,-46.5709278507537,3580,26
3085,sao paulo,SP,-23.5330754609101,-46.5685327615978,3580,26
3086,sao paulo,SP,-23.5302526299649,-46.5671105158877,3580,26
3087,sao paulo,SP,-23.5303956192202,-46.5659723566192,3580,26
3088,sao paulo,SP,-23.5269010310093,-46.5618644336588,3580,26
3089,sao paulo,SP,-23.5310164595046,-46.5610166372598,3580,26
3090,sao paulo,SP,-23.5284238330645,-46.5578541125323,3580,26
3101,sao paulo,SP,-23.5521986633001,-46.61075513603149,3580,26
3102,sao paulo,SP,-23.5503230406462,-46.6136684207625,3580,26
3103,sao paulo,SP,-23.5543713850669,-46.6105923379156,3580,26
3104,sao paulo,SP,-23.5542452375565,-46.6145401507312,3580,26
3105,sao paulo,SP,-23.5557454347797,-46.6191939393069,3580,26
3106,sao paulo,SP,-23.5562840971037,-46.6163665080402,3580,26
3107,sao paulo,SP,-23.563886379854,-46.6078671147626,3580,26
3109,sao paulo,SP,-23.5751105803275,-46.5976771584183,3580,26
3110,sao paulo,SP,-23.5576061375466,-46.6071959006922,3580,26
3111,sao paulo,SP,-23.5601826837528,-46.6043930039429,3580,26
3112,sao paulo,SP,-23.5565132413913,-46.6020478406684,3580,26
3113,sao paulo,SP,-23.5614573898407,-46.602353929643,3580,26
3114,sao paulo,SP,-23.5642437575018,-46.59588883900259,3580,26
3115,sao paulo,SP,-23.5644255135613,-46.5944384425257,3580,26
3116,sao paulo,SP,-23.5674532535003,-46.5869605494247,3580,26
3117,sao paulo,SP,-23.5607468303888,-46.5933754931082,3580,26
3118,sao paulo,SP,-23.5617677414594,-46.5948833572178,3580,26
3119,sao paulo,SP,-23.5635204987198,-46.5944180472876,3580,26
3120,sao paulo,SP,-23.5610294359254,-46.597436458822,3580,26
3121,sao paulo,SP,-23.5632700614004,-46.5994039151672,3580,26
3122,sao paulo,SP,-23.568187676241,-46.5947537490104,3580,26
3123,sao paulo,SP,-23.5725619013481,-46.594143853332206,3580,26
3124,sao paulo,SP,-23.570996783755096,-46.59096664283229,3580,26
3125,sao paulo,SP,-23.5769142719283,-46.5912006106415,3580,26
3126,sao paulo,SP,-23.5803953104314,-46.5913263989019,3580,26
3127,sao paulo,SP,-23.5778932066797,-46.5881612789034,3580,26
3128,sao paulo,SP,-23.5730641385671,-46.5846350508068,3580,26
3129,sao paulo,SP,-23.5784726146551,-46.5821375439252,3580,26
3130,sao paulo,SP,-23.5801003623059,-46.5836405772693,3580,26
3131,sao paulo,SP,-23.5788729864022,-46.5796286940299,3580,26
3132,sao paulo,SP,-23.5822646610398,-46.5822378317289,3580,26
3133,sao paulo,SP,-23.596240226862495,-46.5776092240035,3580,26
3134,sao paulo,SP,-23.5847615572996,-46.5843720059084,3580,26
3135,sao paulo,SP,-23.5788956975781,-46.580911246554,3580,26
3136,sao paulo,SP,-23.579356294221,-46.5787697058454,3580,26
3137,sao paulo,SP,-23.5800712029978,-46.5762126432175,3580,26
3138,sao paulo,SP,-23.5874191545006,-46.5814353327921,3580,26
3140,sao paulo,SP,-23.5862117423522,-46.5767712403335,3580,26
3141,sao paulo,SP,-23.5884572098843,-46.5745521742343,3580,26
3142,sao paulo,SP,-23.5905952572211,-46.5773015828017,3580,26
3143,sao paulo,SP,-23.5902098902177,-46.5778335550774,3580,26
3144,sao paulo,SP,-23.5945038254013,-46.5722457507588,3580,26
3145,sao paulo,SP,-23.5916531114581,-46.5723906742587,3580,26
3146,sao paulo,SP,-23.5931324235502,-46.5768617875355,3580,26
3147,sao paulo,SP,-23.595120905367605,-46.5733468373335,3580,26
3149,sao paulo,SP,-23.5769829346745,-46.5871612742767,3580,26
3150,sao paulo,SP,-23.5858708412787,-46.5879226741545,3580,26
3151,sao paulo,SP,-23.5872836411115,-46.5862365964877,3580,26
3152,sao paulo,SP,-23.5925523550062,-46.5818159288213,3580,26
3153,sao paulo,SP,-23.5968956864274,-46.5806192531953,3580,26
3154,sao paulo,SP,-23.5829195881283,-46.5667492709857,3580,26
3155,sao paulo,SP,-23.5811557529102,-46.5712979133083,3580,26
3156,sao paulo,SP,-23.5808536577718,-46.5681712220399,3580,26
3157,sao paulo,SP,-23.577152250379,-46.5713006944299,3580,26
3158,sao paulo,SP,-23.575764181570197,-46.5667194511902,3580,26
3159,sao paulo,SP,-23.578841832526,-46.5691818768108,3580,26
3160,sao paulo,SP,-23.578737733571,-46.5646668832666,3580,26
3161,sao paulo,SP,-23.5772768923205,-46.5633861764083,3580,26
3162,sao paulo,SP,-23.5513277943013,-46.603602312342,3580,26
3164,sao paulo,SP,-23.5483760607037,-46.6092367187862,3580,26
3165,sao paulo,SP,-23.5599966465492,-46.5859734995089,3580,26
3166,sao paulo,SP,-23.5492988149894,-46.595603764625,3580,26
3167,sao paulo,SP,-23.5557449042721,-46.5946078775072,3580,26
3168,sao paulo,SP,-23.5543978918521,-46.5956896344054,3580,26
3169,sao paulo,SP,-23.5529151506528,-46.5939764951642,3580,26
3170,sao paulo,SP,-23.5509021597389,-46.5923406817178,3580,26
3171,sao paulo,SP,-23.5507029717653,-46.5904346847422,3580,26
3172,sao paulo,SP,-23.5527027422557,-46.5853281095791,3580,26
3173,sao paulo,SP,-23.5532934786708,-46.5842701422575,3580,26
3174,sao paulo,SP,-23.5470722265817,-46.5890501334827,3580,26
3175,sao paulo,SP,-23.549367997934,-46.584497398005304,3580,26
3176,sao paulo,SP,-23.5500079316222,-46.5878614084714,3580,26
3177,sao paulo,SP,-23.5507331085105,-46.5862285154048,3580,26
3178,sao paulo,SP,-23.5534700055116,-46.5877903203825,3580,26
3179,sao paulo,SP,-23.552918598387397,-46.5814310205003,3580,26
3180,sao paulo,SP,-23.5597135713243,-46.5877460215928,3580,26
3181,sao paulo,SP,-23.5583711845177,-46.58214904266689,3580,26
3182,sao paulo,SP,-23.5594376365064,-46.5914278306787,3580,26
3183,sao paulo,SP,-23.5603569441043,-46.590859555137,3580,26
3184,sao paulo,SP,-23.5641782437809,-46.5866206596534,3580,26
3185,sao paulo,SP,-23.5633844348814,-46.5830345898071,3580,26
3186,sao paulo,SP,-23.5655617141958,-46.5816387359962,3580,26
3187,sao paulo,SP,-23.5611333137124,-46.5789178133575,3580,26
3188,sao paulo,SP,-23.5626319990835,-46.5783447315648,3580,26
3189,sao paulo,SP,-23.5694696991052,-46.5778336425051,3580,26
3190,sao paulo,SP,-23.5645169053069,-46.5738800098922,3580,26
3191,sao paulo,SP,-23.5688014645372,-46.5717394092754,3580,26
3192,sao paulo,SP,-23.5716605760035,-46.5775499399275,3580,26
3193,sao paulo,SP,-23.5741547671304,-46.5764549890915,3580,26
3194,sao paulo,SP,-23.567889887039,-46.5739482151018,3580,26
3195,sao paulo,SP,-23.5704584043244,-46.582027198071195,3580,26
3201,sao paulo,SP,-23.5986860953641,-46.5740033994577,3580,26
3202,sao paulo,SP,-23.6007272584074,-46.5701792217651,3580,26
3203,sao paulo,SP,-23.5938643547099,-46.5734766308783,3580,26
3204,sao paulo,SP,-23.5954985948005,-46.559726963517,3580,26
3205,sao paulo,SP,-23.6027555437402,-46.5669249921275,3580,26
3206,sao paulo,SP,-23.5986917508009,-46.5624831793186,3580,26
3207,sao paulo,SP,-23.6006637257463,-46.5626415464359,3580,26
3208,sao paulo,SP,-23.599371830122703,-46.5579200323889,3580,26
3209,sao paulo,SP,-23.6012512491748,-46.558948917015,3580,26
3210,sao paulo,SP,-23.600626796264404,-46.549530910640506,3580,26
3211,sao paulo,SP,-23.6010920558664,-46.5536962508732,3580,26
3213,sao paulo,SP,-23.6063613548136,-46.560947919844,3580,26
3215,sao paulo,SP,-23.6074341246613,-46.556825622486905,3580,26
3216,sao paulo,SP,-23.6084785573774,-46.5561949144404,3580,26
3220,sao paulo,SP,-23.6045336366721,-46.528421629953,3580,26
3221,sao paulo,SP,-23.596323188534,-46.54039480122051,3580,26
3222,sao paulo,SP,-23.5852784124978,-46.561094301063,3580,26
3223,sao paulo,SP,-23.5898554734594,-46.5593518857828,3580,26
3224,sao paulo,SP,-23.5904670488679,-46.5609891058303,3580,26
3225,sao paulo,SP,-23.5849949775564,-46.5558838612949,3580,26
3226,sao paulo,SP,-23.5918576734155,-46.5675227859827,3580,26
3227,sao paulo,SP,-23.5863655093136,-46.571078960835294,3580,26
3236,sao paulo,SP,-23.5923681164908,-46.5533860991096,3580,26
3237,sao paulo,SP,-23.5934549492462,-46.5523559654203,3580,26
3238,sao paulo,SP,-23.5941563583653,-46.5493150486217,3580,26
3239,sao paulo,SP,-23.5964639016182,-46.5466620967237,3580,26
3240,sao paulo,SP,-23.5984025783695,-46.5473248510704,3580,26
3243,sao paulo,SP,-23.5989878397035,-46.5419718382723,3580,26
3244,sao paulo,SP,-23.6038326732404,-46.5408624406093,3580,26
3245,sao paulo,SP,-23.6038738166822,-46.5354678722221,3580,26
3249,sao paulo,SP,-23.599489055245,-46.5334645569853,3580,26
3251,sao paulo,SP,-23.6065017634036,-46.5372205649247,3580,26
3253,sao paulo,SP,-23.6071109112778,-46.5311902095081,3580,26
3254,sao paulo,SP,-23.6098366781017,-46.5311997083573,3580,26
3256,sao paulo,SP,-23.6098564901161,-46.5296469301812,3580,26
3257,sao paulo,SP,-23.6082768164756,-46.526714912263,3580,26
3258,sao paulo,SP,-23.6105812764873,-46.5264883314945,3580,26
3259,sao paulo,SP,-23.6035608520676,-46.5217538720597,3580,26
3260,sao paulo,SP,-23.6040575323788,-46.5180109886857,3580,26
3261,sao paulo,SP,-23.5866644102579,-46.5518751600545,3580,26
3262,sao paulo,SP,-23.5884036265695,-46.5499176667817,3580,26
3263,sao paulo,SP,-23.5892386623167,-46.5478975308789,3580,26
3264,sao paulo,SP,-23.5914943578568,-46.5447299370755,3580,26
3265,sao paulo,SP,-23.5949403558498,-46.5411592509076,3580,26
3266,sao paulo,SP,-23.598386316952,-46.5367000833728,3580,26
3267,sao paulo,SP,-23.6009083924607,-46.5292525745615,3580,26
3268,sao paulo,SP,-23.5989343652822,-46.5263975026902,3580,26
3269,sao paulo,SP,-23.5994140352703,-46.5244394635116,3580,26
3270,sao paulo,SP,-23.600761658958,-46.5209907089615,3580,26
3271,sao paulo,SP,-23.6006073923301,-46.5178462666082,3580,26
3272,sao paulo,SP,-23.6015261696713,-46.5146173223546,3580,26
3273,sao paulo,SP,-23.5773468956054,-46.55995457781831,3580,26
3274,sao paulo,SP,-23.578496200880398,-46.557253555681505,3580,26
3275,sao paulo,SP,-23.5839871386977,-46.5413970334097,3580,26
3276,sao paulo,SP,-23.578984352717,-46.5472115156856,3580,26
3277,sao paulo,SP,-23.5832251018405,-46.5464956468036,3580,26
3278,sao paulo,SP,-23.5821711300305,-46.5440381028308,3580,26
3279,sao paulo,SP,-23.5848733788426,-46.5414004245163,3580,26
3280,sao paulo,SP,-23.583551201893403,-46.5373836678058,3580,26
3281,sao paulo,SP,-23.5882658048875,-46.5430750148466,3580,26
3282,sao paulo,SP,-23.5886142729519,-46.5439181985324,3580,26
3283,sao paulo,SP,-23.5903177951751,-46.53928914700149,3580,26
3284,sao paulo,SP,-23.5875036593617,-46.536877982509,3580,26
3286,sao paulo,SP,-23.5908173791643,-46.5352523281215,3580,26
3287,sao paulo,SP,-23.5954980200564,-46.5331058277793,3580,26
3288,sao paulo,SP,-23.5926485785803,-46.5319894344218,3580,26
3289,sao paulo,SP,-23.5951443494839,-46.5292828947418,3580,26
3294,sao paulo,SP,-23.5928575401519,-46.5365986065683,3580,26
3295,sao paulo,SP,-23.5881777973369,-46.5447857378974,3580,26
3303,sao paulo,SP,-23.5452033832482,-46.5876981649611,3580,26
3304,sao paulo,SP,-23.5451478627705,-46.57813032122691,3580,26
3306,sao paulo,SP,-23.544651733224,-46.5757124311145,3580,26
3307,sao paulo,SP,-23.5467241345293,-46.57405805237621,3580,26
3308,sao paulo,SP,-23.5415475314268,-46.5719064456264,3580,26
3309,sao paulo,SP,-23.5455521029307,-46.567414327957,3580,26
3310,sao paulo,SP,-23.5433815525748,-46.5668394570852,3580,26
3311,sao paulo,SP,-23.5436764427257,-46.5640458698795,3580,26
3312,sao paulo,SP,-23.5484681098489,-46.5583155458858,3580,26
3313,sao paulo,SP,-23.5452801031489,-46.5583369632807,3580,26
3314,sao paulo,SP,-23.5413203981513,-46.5660338663749,3580,26
3315,sao paulo,SP,-23.542213803434503,-46.5684628459472,3580,26
3316,sao paulo,SP,-23.5422757735086,-46.5663491410499,3580,26
3317,sao paulo,SP,-23.5415469528462,-46.5606561048041,3580,26
3318,sao paulo,SP,-23.5443768744921,-46.5653764075762,3580,26
3319,sao paulo,SP,-23.5448172986808,-46.5621002441956,3580,26
3320,sao paulo,SP,-23.5465303789035,-46.5653376188463,3580,26
3321,sao paulo,SP,-23.5474383017291,-46.5647605080152,3580,26
3322,sao paulo,SP,-23.5486891565189,-46.5655381380219,3580,26
3323,sao paulo,SP,-23.5459189268412,-46.5724137795143,3580,26
3324,sao paulo,SP,-23.5511719304203,-46.56581997428,3580,26
3325,sao paulo,SP,-23.5525158835435,-46.5569352661779,3580,26
3330,sao paulo,SP,-23.5453847266978,-46.5853266120928,3580,26
3331,sao paulo,SP,-23.5475823004961,-46.5829518925402,3580,26
3332,sao paulo,SP,-23.5517860294991,-46.5751341144735,3580,26
3333,sao paulo,SP,-23.5561905750408,-46.5691283503907,3580,26
3334,sao paulo,SP,-23.553659985884,-46.572282911105,3580,26
3335,sao paulo,SP,-23.5549381643126,-46.5684144488935,3580,26
3336,sao paulo,SP,-23.5538598230378,-46.5630446187602,3580,26
3337,sao paulo,SP,-23.5562082323364,-46.5618613857465,3580,26
3340,sao paulo,SP,-23.5703421877248,-46.5511913242937,3580,26
3342,sao paulo,SP,-23.5612332188598,-46.5637623321233,3580,26
3343,sao paulo,SP,-23.5593384344126,-46.5709740707321,3580,26
3344,sao paulo,SP,-23.5600262865819,-46.5734595617533,3580,26
3345,sao paulo,SP,-23.5715769573658,-46.5636605858202,3580,26
3346,sao paulo,SP,-23.5601826360796,-46.5713646002196,3580,26
3347,sao paulo,SP,-23.5626897541428,-46.5667409773349,3580,26
3348,sao paulo,SP,-23.5660551617873,-46.5623141756717,3580,26
3349,sao paulo,SP,-23.5672640966635,-46.5628758468901,3580,26
3350,sao paulo,SP,-23.569468379037,-46.5659647448025,3580,26
3351,sao paulo,SP,-23.5720928216668,-46.5642635032227,3580,26
3355,sao paulo,SP,-23.560443687245897,-46.5534216331659,3580,26
3356,sao paulo,SP,-23.5656532923119,-46.5455062960591,3580,26
3357,sao paulo,SP,-23.5651227625233,-46.5551307217707,3580,26
3358,sao paulo,SP,-23.565689171519598,-46.55037969970001,3580,26
3359,sao paulo,SP,-23.5668215403163,-46.5486878741238,3580,26
3360,sao paulo,SP,-23.5692841060801,-46.54352104423341,3580,26
3361,sao paulo,SP,-23.573657478884,-46.5299112143631,3580,26
3362,sao paulo,SP,-23.5650528416361,-46.5430305959645,3580,26
3363,sp / sp,SP,-23.5627564850263,-46.539130233721,3750,26
3364,sao paulo,SP,-23.5651576671547,-46.5378592988527,3580,26
3365,sao paulo,SP,-23.5700201176703,-46.5371719119412,3580,26
3366,sao paulo,SP,-23.564629644939,-46.5342676832518,3580,26
3367,sao paulo,SP,-23.5693470817945,-46.534750116276506,3580,26
3370,sao paulo,SP,-23.5699218476303,-46.5593087596949,3580,26
3371,sao paulo,SP,-23.5684679772639,-46.5528485444187,3580,26
3372,sao paulo,SP,-23.5705569850268,-46.5558534790913,3580,26
3373,sao paulo,SP,-23.5733520428285,-46.5529123130031,3580,26
3374,sao paulo,SP,-23.588522392161497,-46.5312912930377,3580,26
3375,sao paulo,SP,-23.5739972501389,-46.5487547179629,3580,26
3376,sao paulo,SP,-23.5774096574611,-46.5428636400949,3580,26
3377,sao paulo,SP,-23.5748882464058,-46.5427336181458,3580,26
3378,sao paulo,SP,-23.5709806166626,-46.5392386422989,3580,26
3379,sao paulo,SP,-23.5759406518106,-46.5375750251328,3580,26
3380,sao paulo,SP,-23.576067638192,-46.5325674367874,3580,26
3382,sao paulo,SP,-23.5799980753926,-46.5312796856128,3580,26
3383,sao paulo,SP,-23.5822562794625,-46.5306199166533,3580,26
3384,sao paulo,SP,-23.5780573727986,-46.5227288305404,3580,26
3386,sao paulo,SP,-23.5723812090014,-46.5506422863693,3580,26
3387,sao paulo,SP,-23.5858432411964,-46.5293370464629,3580,26
3388,sao paulo,SP,-23.5881343348547,-46.5297288849718,3580,26
3389,sao paulo,SP,-23.5900282075395,-46.5279125981282,3580,26
3390,sao paulo,SP,-23.5923868034252,-46.5258195277054,3580,26
3401,sao paulo,SP,-23.5487761039268,-46.5547094962867,3580,26
3402,sao paulo,SP,-23.5438326998029,-46.5457725712914,3580,26
3403,sao paulo,SP,-23.5454991930053,-46.5429830906739,3580,26
3404,sao paulo,SP,-23.5377527187181,-46.5540968352058,3580,26
3405,sao paulo,SP,-23.5383620192568,-46.548939723351,3580,26
3406,sao paulo,SP,-23.541204966643,-46.5455983818347,3580,26
3407,sao paulo,SP,-23.5433881182023,-46.5509550160378,3580,26
3408,sao paulo,SP,-23.547101991190896,-46.5532332467128,3580,26
3409,sao paulo,SP,-23.547186187722,-46.55070588235859,3580,26
3410,sao paulo,SP,-23.5504618491893,-46.5514365695517,3580,26
3411,sao paulo,SP,-23.5478198628414,-46.5475609380164,3580,26
3412,sao paulo,SP,-23.5552228841152,-46.5510962531937,3580,26
3413,sao paulo,SP,-23.5547094168508,-46.5478561395325,3580,26
3414,sao paulo,SP,-23.5606123304961,-46.5486798422972,3580,26
3415,sao paulo,SP,-23.5597406821794,-46.545146070532,3580,26
3416,sao paulo,SP,-23.5609812879409,-46.5493609795529,3580,26
3417,sao paulo,SP,-23.5398992371245,-46.5474065279163,3580,26
3420,sao paulo,SP,-23.549429360015,-46.5457283929367,3580,26
3421,sao paulo,SP,-23.5516113428711,-46.5451367801885,3580,26
3422,sao paulo,SP,-23.5556841975851,-46.5441241851642,3580,26
3423,sao paulo,SP,-23.551038737265,-46.5414857419749,3580,26
3424,sao paulo,SP,-23.5523852110439,-46.5407913353938,3580,26
3425,sao paulo,SP,-23.5555445799635,-46.5398554439582,3580,26
3426,sao paulo,SP,-23.5523364411092,-46.5368685642384,3580,26
3427,sao paulo,SP,-23.5528091478057,-46.5365266297185,3580,26
3428,sao paulo,SP,-23.5534684462465,-46.538489287569,3580,26
3429,sao paulo,SP,-23.553546326753196,-46.5361424800492,3580,26
3430,sao paulo,SP,-23.5497296302885,-46.5377840209983,3580,26
3431,sao paulo,SP,-23.5504724308436,-46.5388459568812,3580,26
3432,sao paulo,SP,-23.5581094598099,-46.5366544790261,3580,26
3433,sao paulo,SP,-23.56013880748,-46.5341858262556,3580,26
3434,sao paulo,SP,-23.5596333542122,-46.5328606477834,3580,26
3435,sao paulo,SP,-23.5585810660382,-46.5308765580296,3580,26
3436,sao paulo,SP,-23.5595137169627,-46.5314104280618,3580,26
3437,sao paulo,SP,-23.5584953089328,-46.5291192245496,3580,26
3438,sao paulo,SP,-23.5586895890044,-46.5271987118762,3580,26
3440,sao paulo,SP,-23.5445429074237,-46.5436193446454,3580,26
3441,sao paulo,SP,-23.5467633156142,-46.536764288559,3580,26
3442,sao paulo,SP,-23.5437882679629,-46.5399003426558,3580,26
3444,sao paulo,SP,-23.5451183148271,-46.5344223595494,3580,26
3445,sao paulo,SP,-23.548768170341,-46.52872608862621,3580,26
3446,sao paulo,SP,-23.550615745665,-46.5291459352862,3580,26
3447,sao paulo,SP,-23.5533898032515,-46.5252895590249,3580,26
3448,sao paulo,SP,-23.5537254922063,-46.522773265457595,3580,26
3449,sao paulo,SP,-23.556051532494298,-46.522617210633506,3580,26
3451,sao paulo,SP,-23.55864353082,-46.51925842773,3580,26
3452,sao paulo,SP,-23.5676378019269,-46.5106688610854,3580,26
3455,sao paulo,SP,-23.5655681701824,-46.5096770434524,3580,26
3456,sao paulo,SP,-23.569446967382,-46.5065111175446,3580,26
3460,sao paulo,SP,-23.5652314770493,-46.5177477013364,3580,26
3461,sao paulo,SP,-23.5698824793196,-46.525535956916904,3580,26
3462,sao paulo,SP,-23.573844801343,-46.5277265809063,3580,26
3463,sao paulo,SP,-23.5723132711597,-46.5307804993155,3580,26
3470,sao paulo,SP,-23.5691127934324,-46.5222869083645,3580,26
3471,sao paulo,SP,-23.5650956190504,-46.5185650943342,3580,26
3472,sao paulo,SP,-23.5744091421749,-46.5220789430827,3580,26
3474,sao paulo,SP,-23.572525702929,-46.5148370350389,3580,26
3475,sao paulo,SP,-23.5746933373425,-46.5162062069458,3580,26
3476,sao paulo,SP,-23.5720793873847,-46.5114878647006,3580,26
3477,sao paulo,SP,-23.5684999431545,-46.5118095802899,3580,26
3478,sao paulo,SP,-23.5714853441579,-46.5134238534117,3580,26
3479,sao paulo,SP,-23.5753868811769,-46.5081068293551,3580,26
3480,sao paulo,SP,-23.5781716038055,-46.5073074074443,3580,26
3502,sao paulo,SP,-23.5365281705122,-46.5423829712841,3580,26
3503,sao paulo,SP,-23.5369419949549,-46.5417079314151,3580,26
3504,sao paulo,SP,-23.5375553700038,-46.5382284701766,3580,26
3505,sao paulo,SP,-23.5349613475191,-46.5385911919496,3580,26
3506,sao paulo,SP,-23.5374731917357,-46.5357057871012,3580,26
3507,sao paulo,SP,-23.5378392595869,-46.5386253588918,3580,26
3508,sao paulo,SP,-23.5347400263976,-46.5329313089766,3580,26
3509,sao paulo,SP,-23.5358934771435,-46.52907615402821,3580,26
3510,sao paulo,SP,-23.5388054003492,-46.5308997916895,3580,26
3511,sao paulo,SP,-23.534921206536904,-46.5271637687303,3580,26
3512,sao paulo,SP,-23.5390404285207,-46.5266128191837,3580,26
3513,sao paulo,SP,-23.5358369929591,-46.523108636005,3580,26
3514,sao paulo,SP,-23.5337980107779,-46.5178727238827,3580,26
3515,sao paulo,SP,-23.5397626445739,-46.531528545134,3580,26
3517,sao paulo,SP,-23.543728703704,-46.5282419991087,3580,26
3518,sao paulo,SP,-23.5445433562673,-46.5242719893211,3580,26
3520,sao paulo,SP,-23.54706743134,-46.5216443906169,3580,26
3521,sao paulo,SP,-23.547583775444895,-46.5185340481076,3580,26
3522,sao paulo,SP,-23.547909115929,-46.5189176107718,3580,26
3523,sao paulo,SP,-23.5499661198316,-46.516399501448,3580,26
3524,sao paulo,SP,-23.5485152682145,-46.5142350699076,3580,26
3525,sao paulo,SP,-23.5485336191267,-46.5183701693371,3580,26
3526,sao paulo,SP,-23.5525399435397,-46.5014916631113,3580,26
3527,sao paulo,SP,-23.5451215789046,-46.5293474613727,3580,26
3530,sao paulo,SP,-23.5388075297374,-46.520121613288,3580,26
3531,sao paulo,SP,-23.5411679816867,-46.5184121498833,3580,26
3533,sao paulo,SP,-23.544559564048498,-46.5168050678867,3580,26
3534,sao paulo,SP,-23.5459918798855,-46.5097075717496,3580,26
3535,sao paulo,SP,-23.5452011803384,-46.5058184632492,3580,26
3541,sao paulo,SP,-23.5349667881532,-46.5180134037341,3580,26
3542,sao paulo,SP,-23.5310395422358,-46.5158325828547,3580,26
3543,sao paulo,SP,-23.5350072095631,-46.51490381186069,3580,26
3544,sao paulo,SP,-23.5316741923937,-46.5113548885695,3580,26
3545,sao paulo,SP,-23.5326379830015,-46.5122406527399,3580,26
3546,sao paulo,SP,-23.5358068685594,-46.5096000248079,3580,26
3547,sao paulo,SP,-23.538342072242397,-46.512570593379,3580,26
3548,sao paulo,SP,-23.5408009363057,-46.5117785918289,3580,26
3550,sao paulo,SP,-23.5312345424197,-46.506915082203,3580,26
3551,sao paulo,SP,-23.5332035501408,-46.5034196791668,3580,26
3552,sao paulo,SP,-23.5355675571974,-46.5042097747702,3580,26
3553,sao paulo,SP,-23.5342217383432,-46.5068572430607,3580,26
3554,sao paulo,SP,-23.5380488017931,-46.5065203579325,3580,26
3555,sao paulo,SP,-23.5385184169654,-46.4987581169448,3580,26
3557,sao paulo,SP,-23.541518342112,-46.5049072866386,3580,26
3558,sao paulo,SP,-23.5439598615605,-46.5020659046462,3580,26
3559,sao paulo,SP,-23.5465314239664,-46.5022429763752,3580,26
3560,sao paulo,SP,-23.5476100271938,-46.4997764961972,3580,26
3561,sao paulo,SP,-23.5477367584284,-46.494996203935,3580,26
3562,sao paulo,SP,-23.5448528865195,-46.4967242214978,3580,26
3563,sao paulo,SP,-23.5464812752574,-46.4918906589629,3580,26
3564,sao paulo,SP,-23.5351685203146,-46.497267848770804,3580,26
3565,sao paulo,SP,-23.5386239101106,-46.4944791529188,3580,26
3566,sao paulo,SP,-23.5403494171108,-46.4971202762261,3580,26
3567,sao paulo,SP,-23.5398958182945,-46.4896252568505,3580,26
3568,sao paulo,SP,-23.5420007853924,-46.4848433259802,3580,26
3569,sao paulo,SP,-23.5431501568948,-46.4901013095227,3580,26
3570,sao paulo,SP,-23.5662323973619,-46.48729264861961,3580,26
3571,sao paulo,SP,-23.5694325112746,-46.4859603113244,3580,26
3572,sao paulo,SP,-23.5748359677385,-46.4968087831783,3580,26
3573,sao paulo,SP,-23.559131335715897,-46.5088410831316,3580,26
3574,sao paulo,SP,-23.5548552288287,-46.5120902532223,3580,26
3575,sao paulo,SP,-23.5562966693267,-46.5074160397417,3580,26
3576,sao paulo,SP,-23.5524653720106,-46.5081793503417,3580,26
3577,sao paulo,SP,-23.5531564210591,-46.5030803432107,3580,26
3578,sao paulo,SP,-23.55842802828,-46.5048267032308,3580,26
3579,sao paulo,SP,-23.5633731458223,-46.4959889558759,3580,26
3580,sao paulo,SP,-23.5532984320829,-46.4999244445222,3580,26
3581,sao paulo,SP,-23.5558099683325,-46.49963790652671,3580,26
3582,sao paulo,SP,-23.5573636691139,-46.4977360475522,3580,26
3583,sao paulo,SP,-23.5580416260003,-46.494188590809,3580,26
3584,sao paulo,SP,-23.5602773538341,-46.4866430430329,3580,26
3585,sao paulo,SP,-23.5657699974044,-46.491785722212,3580,26
3586,sao paulo,SP,-23.5562206727425,-46.4890394230232,3580,26
3587,sao paulo,SP,-23.5561504519615,-46.4874194144826,3580,26
3588,sao paulo,SP,-23.5582509581488,-46.4870924364467,3580,26
3589,sao paulo,SP,-23.551668533355997,-46.4865087753516,3580,26
3590,sao paulo,SP,-23.546553455084503,-46.4834073928633,3580,26
3591,sao paulo,SP,-23.5504707131633,-46.4801714340296,3580,26
3603,sao paulo,SP,-23.5242054982639,-46.5500753350173,3580,26
3604,sao paulo,SP,-23.5237173119125,-46.5506210388798,3580,26
3605,sao paulo,SP,-23.5214567569001,-46.5498093547083,3580,26
3606,sao paulo,SP,-23.5225692450732,-46.5475609916757,3580,26
3609,sao paulo,SP,-23.5160318899771,-46.5418070949933,3580,26
3610,sao paulo,SP,-23.5199545328105,-46.53960081348149,3580,26
3611,sao paulo,SP,-23.519557576858,-46.5376829883472,3580,26
3612,sao paulo,SP,-23.5174995893035,-46.535742895897,3580,26
3613,sao paulo,SP,-23.5191931850458,-46.5336324527743,3580,26
3614,sao paulo,SP,-23.5176625202119,-46.531698231215,3580,26
3616,sao paulo,SP,-23.5180201086982,-46.5276968730669,3580,26
3617,sao paulo,SP,-23.5180885914046,-46.5255037580733,3580,26
3618,sao paulo,SP,-23.5160094235229,-46.5219519097725,3580,26
3622,sao paulo,SP,-23.5204519861346,-46.519045953048,3580,26
3623,sao paulo,SP,-23.518706655197,-46.5163123697345,3580,26
3624,sao paulo,SP,-23.5149098918881,-46.5151266285747,3580,26
3625,sao paulo,SP,-23.5159369308625,-46.5117919103912,3580,26
3626,sao paulo,SP,-23.5131776007477,-46.5096298986479,3580,26
3627,sao paulo,SP,-23.5117557116828,-46.5057784350397,3580,26
3630,sao paulo,SP,-23.5326608842644,-46.550008336127,3580,26
3632,sao paulo,SP,-23.5279820622371,-46.5497798081928,3580,26
3633,sao paulo,SP,-23.5295786131078,-46.5459514502036,3580,26
3634,sao paulo,SP,-23.5251229335949,-46.54710748001,3580,26
3635,sao paulo,SP,-23.5173104474086,-46.519781195348,3580,26
3636,sao paulo,SP,-23.5223406182057,-46.5286670832134,3580,26
3637,sao paulo,SP,-23.5250416412959,-46.5435251577218,3580,26
3638,sao paulo,SP,-23.528238244935498,-46.5415297420126,3580,26
3639,sao paulo,SP,-23.525853818377,-46.5402823163308,3580,26
3640,sao paulo,SP,-23.5311813065689,-46.5413748801154,3580,26
3641,sao paulo,SP,-23.5238972991055,-46.5449925177391,3580,26
3642,sao paulo,SP,-23.5264035551317,-46.5356396221878,3580,26
3643,sao paulo,SP,-23.5278583845784,-46.5342430265145,3580,26
3644,sao paulo,SP,-23.5260085834182,-46.5334429894683,3580,26
3645,sao paulo,SP,-23.525055434174295,-46.531765507862396,3580,26
3646,sao paulo,SP,-23.525471188196104,-46.5296150200431,3580,26
3647,sao paulo,SP,-23.5259578101071,-46.5276352380894,3580,26
3648,sao paulo,SP,-23.5248656821981,-46.5272764210015,3580,26
3649,sao paulo,SP,-23.527428790948402,-46.523882115102104,3580,26
3650,sao paulo,SP,-23.5271979441349,-46.523136416259696,3580,26
3651,sao paulo,SP,-23.5267377821691,-46.5198604134607,3580,26
3652,sao paulo,SP,-23.5144913364208,-46.5058375390858,3580,26
3653,sao paulo,SP,-23.5176463614731,-46.510699089986,3580,26
3654,sao paulo,SP,-23.5252194369264,-46.517028705036,3580,26
3655,sao paulo,SP,-23.5254287600681,-46.5138063348721,3580,26
3656,sao paulo,SP,-23.5256065853891,-46.509820400168,3580,26
3657,sao paulo,SP,-23.5276334859779,-46.5040041307532,3580,26
3658,sao paulo,SP,-23.528139936982,-46.5006636527714,3580,26
3659,sao paulo,SP,-23.5215400434139,-46.5113990442967,3580,26
3660,sao paulo,SP,-23.5222524579774,-46.5071812962439,3580,26
3661,sao paulo,SP,-23.5240696382518,-46.5025277698146,3580,26
3662,sao paulo,SP,-23.5227285241168,-46.5000333947981,3580,26
3663,sao paulo,SP,-23.5246883805732,-46.500575964282,3580,26
3664,sao paulo,SP,-23.5254431661357,-46.4984198705464,3580,26
3665,sao paulo,SP,-23.5268013462859,-46.4967906508468,3580,26
3666,sao paulo,SP,-23.5286698839551,-46.4956647602074,3580,26
3667,sao paulo,SP,-23.5313069491516,-46.4947945581004,3580,26
3668,sao paulo,SP,-23.5335031489892,-46.4896896193328,3580,26
3669,sao paulo,SP,-23.5316577817579,-46.4913835291066,3580,26
3672,sao paulo,SP,-23.5161874849934,-46.5026944983972,3580,26
3673,sao paulo,SP,-23.5147679101014,-46.5025078166317,3580,26
3674,sao paulo,SP,-23.5185816583126,-46.4996556786221,3580,26
3675,sao paulo,SP,-23.519170108301797,-46.4973117763241,3580,26
3676,sao paulo,SP,-23.5182964994092,-46.4934509579063,3580,26
3677,sao paulo,SP,-23.5248735376681,-46.506074933148305,3580,26
3678,sao paulo,SP,-23.5174948580765,-46.4898760359075,3580,26
3679,sao paulo,SP,-23.5196650611026,-46.4891223091795,3580,26
3680,sao paulo,SP,-23.5235129057699,-46.4893214157619,3580,26
3681,sao paulo,SP,-23.5222846823685,-46.486579929236,3580,26
3682,sao paulo,SP,-23.5194335423359,-46.4824239254018,3580,26
3683,sao paulo,SP,-23.5219200130387,-46.4823018137005,3580,26
3685,sao paulo,SP,-23.524144877528798,-46.478402665635,3580,26
3687,sao paulo,SP,-23.5264819308809,-46.4863953770424,3580,26
3688,sao paulo,SP,-23.5279522796413,-46.484053482855,3580,26
3689,sao paulo,SP,-23.5294962028846,-46.4815966450356,3580,26
3690,sao paulo,SP,-23.528459769717397,-46.478316044028,3580,26
3691,sao paulo,SP,-23.5341310818507,-46.4834528495981,3580,26
3692,sao paulo,SP,-23.5333155354834,-46.4802635892051,3580,26
3693,sao paulo,SP,-23.5317864131557,-46.4766810193301,3580,26
3694,sao paulo,SP,-23.5320713202074,-46.476332563388,3580,26
3701,sao paulo,SP,-23.5134974016135,-46.5502445059093,3580,26
3702,sao paulo,SP,-23.5159779002381,-46.5473718579493,3580,26
3703,sao paulo,SP,-23.5138143973766,-46.5506039316568,3580,26
3704,sao paulo,SP,-23.512505838269096,-46.5528788687913,3580,26
3707,sao paulo,SP,-23.5073575808171,-46.5441794774975,3580,26
3710,sao paulo,SP,-23.5118778314939,-46.5488871731716,3580,26
3711,sao paulo,SP,-23.5075531122473,-46.5291162562431,3580,26
3712,sao paulo,SP,-23.5077188616104,-46.5290626489758,3580,26
3713,sao paulo,SP,-23.5106837408009,-46.5459295271364,3580,26
3714,sao paulo,SP,-23.5077185782898,-46.5405176560843,3580,26
3715,sao paulo,SP,-23.5065385203711,-46.5375960619235,3580,26
3716,sao paulo,SP,-23.504748867141,-46.5336922685607,3580,26
3717,sao paulo,SP,-23.510693204948996,-46.5278275758641,3580,26
3718,sao paulo,SP,-23.4985050358292,-46.5292532262866,3580,26
3720,sao paulo,SP,-23.5026919248843,-46.5297979453136,3580,26
3721,sao paulo,SP,-23.502803861752,-46.5243024642397,3580,26
3725,sao paulo,SP,-23.4999379053978,-46.5185868616648,3580,26
3726,sao paulo,SP,-23.5008745066739,-46.5161181553265,3580,26
3727,sao paulo,SP,-23.502571314768,-46.5130555165292,3580,26
3728,sao paulo,SP,-23.5013229101511,-46.5096128254014,3580,26
3729,sao paulo,SP,-23.5009677636141,-46.5050216998233,3580,26
3731,sao paulo,SP,-23.5108600492518,-46.5367595446852,3580,26
3732,sao paulo,SP,-23.511164120976,-46.5333035130923,3580,26
3733,sao paulo,SP,-23.5100155962765,-46.5288623427598,3580,26
3734,sao paulo,SP,-23.5099347049532,-46.5251565555445,3580,26
3735,sao paulo,SP,-23.5096430649364,-46.5211723945856,3580,26
3736,sao paulo,SP,-23.508166285335,-46.5164008023485,3580,26
3737,sao paulo,SP,-23.5089427038938,-46.5123104758648,3580,26
3738,sao paulo,SP,-23.507526711529,-46.5074564503054,3580,26
3755,sao paulo,SP,-23.5113758942353,-46.5027621928547,3580,26
3756,sao paulo,SP,-23.5065523170813,-46.503712613296,3580,26
3757,sao paulo,SP,-23.5074849479254,-46.4973390339763,3580,26
3758,sao paulo,SP,-23.504306178459,-46.4996682724959,3580,26
3759,sao paulo,SP,-23.502635054046703,-46.49317674012601,3580,26
3801,sao paulo,SP,-23.5028476300931,-46.49002927408,3580,26
3802,sao paulo,SP,-23.5024473428181,-46.4856052372163,3580,26
3803,sao paulo,SP,-23.4955592896902,-46.4873588253256,3580,26
3804,sao paulo,SP,-23.49914339815,-46.4832985487986,3580,26
3805,sao paulo,SP,-23.5044664987147,-46.4809231155849,3580,26
3806,sao paulo,SP,-23.4975189834669,-46.477606005772294,3580,26
3807,sao paulo,SP,-23.4995691710808,-46.4729773473417,3580,26
3808,sao paulo,SP,-23.493977732080698,-46.47482439076649,3580,26
3809,sao paulo,SP,-23.4906635034462,-46.476310913969,3580,26
3810,sao paulo,SP,-23.4904617934647,-46.4724173585471,3580,26
3811,sao paulo,SP,-23.4910415688404,-46.4825502327055,3580,26
3812,sao paulo,SP,-23.4899307132352,-46.4762039598176,3580,26
3813,sao paulo,SP,-23.4882341282662,-46.469989005432,3580,26
3814,sao paulo,SP,-23.4891057880299,-46.4849002259961,3580,26
3816,sao paulo,SP,-23.489715445356,-46.4892918736089,3580,26
3817,sao paulo,SP,-23.4925613249395,-46.4926729332931,3580,26
3818,sao paulo,SP,-23.4974482900255,-46.494141279831204,3580,26
3819,sao paulo,SP,-23.4992701404171,-46.4973099341334,3580,26
3820,sao paulo,SP,-23.4958630877714,-46.5030845081566,3580,26
3821,sao paulo,SP,-23.4945089606617,-46.5033428987397,3580,26
3822,sao paulo,SP,-23.498139816048496,-46.495727581056,3580,26
3823,sao paulo,SP,-23.497999478007,-46.4858267498917,3580,26
3827,sao paulo,SP,-23.4838499287337,-46.4818190347325,3580,26
3828,sao paulo,SP,-23.4816486644644,-46.4933461753538,3580,26
3870,sao paulo,SP,-23.5079008192191,-46.4878202136745,3580,26
3871,sao paulo,SP,-23.5081352422088,-46.4921592181155,3580,26
3872,sao paulo,SP,-23.5124597312661,-46.5008214880586,3580,26
3873,sao paulo,SP,-23.5103957543055,-46.4959551741216,3580,26
3874,sao paulo,SP,-23.512457335214,-46.4955028296504,3580,26
3876,sao paulo,SP,-23.5112018925838,-46.4942625022451,3580,26
3877,sao paulo,SP,-23.511616454695,-46.491507657387,3580,26
3880,sao paulo,SP,-23.5083210713819,-46.4854554575666,3580,26
3881,sao paulo,SP,-23.5099878043806,-46.4884304839555,3580,26
3882,sao paulo,SP,-23.5114622169675,-46.4851465981911,3580,26
3883,sao paulo,SP,-23.5088672164532,-46.4821836592994,3580,26
3884,sao paulo,SP,-23.5122069215707,-46.4810904704257,3580,26
3888,sao paulo,SP,-23.508604984409,-46.479272940769,3580,26
3891,sao paulo,SP,-23.5131011366463,-46.4892970457114,3580,26
3892,sao paulo,SP,-23.5135921139671,-46.4866947590464,3580,26
3893,sao paulo,SP,-23.5147601185692,-46.4840284533188,3580,26
3894,sao paulo,SP,-23.515459152449,-46.4818217762682,3580,26
3896,sao paulo,SP,-23.513909374808303,-46.4796773999334,3580,26
3901,sao paulo,SP,-23.5782299613748,-46.5129558338687,3580,26
3904,sao paulo,SP,-23.5782078527435,-46.5185028363609,3580,26
3905,sao paulo,SP,-23.5798240599918,-46.5148921766767,3580,26
3907,sao paulo,SP,-23.5873589893486,-46.5078845519743,3580,26
3908,sao paulo,SP,-23.582519358611798,-46.5071941698244,3580,26
3909,sao paulo,SP,-23.584789570830697,-46.5112758282867,3580,26
3910,sao paulo,SP,-23.5848807456309,-46.5155883964408,3580,26
3911,sao paulo,SP,-23.5820235067777,-46.5192886287537,3580,26
3912,sao paulo,SP,-23.5825871833333,-46.5222962800604,3580,26
3916,sao paulo,SP,-23.5884378638945,-46.5114407354718,3580,26
3917,sao paulo,SP,-23.5863833569578,-46.521092538753,3580,26
3918,sao paulo,SP,-23.5921076865415,-46.5197794366369,3580,26
3920,sao paulo,SP,-23.597730447858,-46.5265236810902,3580,26
3921,sao paulo,SP,-23.5893799252389,-46.516604003237,3580,26
3922,sao paulo,SP,-23.5950618594333,-46.5162779856862,3580,26
3923,sao paulo,SP,-23.5919542780701,-46.5110015782595,3580,26
3924,sao paulo,SP,-23.591297628369,-46.5053400411297,3580,26
3925,sao paulo,SP,-23.6059954419522,-46.5349233833642,3580,26
3927,sao paulo,SP,-23.6028539304103,-46.4987051845773,3580,26
3928,sao paulo,SP,-23.6055973320213,-46.5021517389791,3580,26
3929,sao paulo,SP,-23.6055144287697,-46.490300911983,3580,26
3930,sao paulo,SP,-23.5806348127697,-46.4976513399564,3580,26
3931,sao paulo,SP,-23.5815628984533,-46.4948025734705,3580,26
3933,sao paulo,SP,-23.5849374185038,-46.4986732418577,3580,26
3935,sao paulo,SP,-23.5879403098038,-46.5033065798068,3580,26
3936,sao paulo,SP,-23.5902863253944,-46.4964579788011,3580,26
3937,sao paulo,SP,-23.586002562149,-46.499637628336,3580,26
3938,sao paulo,SP,-23.5953459475641,-46.5039898984983,3580,26
3939,sao paulo,SP,-23.5943978999348,-46.5031012970657,3580,26
3940,sao paulo,SP,-23.5927636167692,-46.5000637581611,3580,26
3941,sao paulo,SP,-23.5958186260864,-46.4984823472758,3580,26
3942,sao paulo,SP,-23.5943920673929,-46.4971122479858,3580,26
3943,sao paulo,SP,-23.5977963486854,-46.4945336473513,3580,26
3944,sao paulo,SP,-23.6020155931447,-46.4937554066645,3580,26
3945,sao paulo,SP,-23.597763031403,-46.4907626196496,3580,26
3946,sao paulo,SP,-23.5965239486609,-46.4902855722214,3580,26
3947,sao paulo,SP,-23.590807229752,-46.493231794287304,3580,26
3950,sao paulo,SP,-23.5942214246853,-46.4799636499321,3580,26
3951,sao paulo,SP,-23.5865497241445,-46.4886942565809,3580,26
3952,sao paulo,SP,-23.589619983550097,-46.4830528231164,3580,26
3953,sao paulo,SP,-23.593413470194502,-46.4822168544894,3580,26
3958,sao paulo,SP,-23.5963170304185,-46.4855365569179,3580,26
3959,sao paulo,SP,-23.596716585304,-46.483738787564,3580,26
3960,sao paulo,SP,-23.596806876657,-46.4821336086636,3580,26
3961,sao paulo,SP,-23.6018287123477,-46.4843498317687,3580,26
3962,sao paulo,SP,-23.6056739234206,-46.4815126208528,3580,26
3963,sao paulo,SP,-23.6095260438211,-46.4801636985241,3580,26
3965,sao paulo,SP,-23.6018762035697,-46.477047075184,3580,26
3966,sao paulo,SP,-23.597937614115,-46.4773983070913,3580,26
3967,sao paulo,SP,-23.6027047048664,-46.4739575341623,3580,26
3968,sao paulo,SP,-23.602704285372,-46.4724833780486,3580,26
3969,sao paulo,SP,-23.608177522549,-46.4897578396178,3580,26
3970,sao paulo,SP,-23.6140882023012,-46.47940178532641,3580,26
3971,sao paulo,SP,-23.605615654434505,-46.4892133752795,3580,26
3972,sao paulo,SP,-23.6160374563214,-46.4817984342828,3580,26
3973,sao paulo,SP,-23.6201576298369,-46.4811758655643,3580,26
3974,sao paulo,SP,-23.616478923885598,-46.4843470314572,3580,26
3975,sao paulo,SP,-23.6073366641094,-46.5133000687421,3580,26
3976,sao paulo,SP,-23.6120675356934,-46.4975816609567,3580,26
3977,sao paulo,SP,-23.6160404191476,-46.4979634023641,3580,26
3978,sao paulo,SP,-23.6210201782567,-46.504544609597396,3580,26
3979,sao paulo,SP,-23.617214511528,-46.508594046531,3580,26
3980,sao paulo,SP,-23.6161358922914,-46.5127766547544,3580,26
3981,sao paulo,SP,-23.613443207749,-46.5164746607027,3580,26
3982,sao paulo,SP,-23.6115381859025,-46.5125457407862,3580,26
3983,sao paulo,SP,-23.6098293659049,-46.5082517090519,3580,26
3984,sao paulo,SP,-23.6069232454851,-46.5123863025167,3580,26
3985,sao paulo,SP,-23.6061958937978,-46.5167980099039,3580,26
3986,sao paulo,SP,-23.6088147863218,-46.5215921238063,3580,26
3988,sao paulo,SP,-23.6018698837558,-46.51412289849801,3580,26
3989,sao paulo,SP,-23.6123314702175,-46.4839176185301,3580,26
4001,sao paulo,SP,-23.5729394798371,-46.651114777209095,3580,26
4002,sao paulo,SP,-23.5714503962765,-46.6479814606239,3580,26
4003,sao paulo,SP,-23.573611137323798,-46.646955406919,3580,26
4004,sao paulo,SP,-23.5737569952863,-46.646280324718,3580,26
4005,sao paulo,SP,-23.5762741770198,-46.6487101689471,3580,26
4006,sao paulo,SP,-23.5770319663747,-46.6470216222393,3580,26
4007,sao paulo - sp,SP,-23.5792360195956,-46.6538297727574,3581,26
4008,sao paulo,SP,-23.5806315069339,-46.6518723738975,3580,26
4009,sao paulo,SP,-23.5891187597428,-46.6363136682686,3580,26
4010,sao paulo,SP,-23.5849318543385,-46.6374918642224,3580,26
4011,sao paulo,SP,-23.5795169938556,-46.6440809335794,3580,26
4012,sao paulo,SP,-23.5829524599355,-46.6465580983842,3580,26
4013,sao paulo,SP,-23.5783152363479,-46.6424941823451,3580,26
4014,sao paulo,SP,-23.5844493115514,-46.6433025523181,3580,26
4015,sao paulo,SP,-23.5865213205464,-46.6437739101978,3580,26
4016,sao paulo,SP,-23.588209986456196,-46.6436284513398,3580,26
4017,sao paulo,SP,-23.588150542322598,-46.637982433644105,3580,26
4018,sao paulo,SP,-23.5868311067393,-46.6417878788218,3580,26
4019,sao paulo,SP,-23.590284975563595,-46.6458654664982,3580,26
4020,sao paulo,SP,-23.593431209371,-46.6391887082859,3580,26
4021,sao paulo,SP,-23.5931845554269,-46.6431585769527,3580,26
4022,sao paulo,SP,-23.5941353638102,-46.6457608436433,3580,26
4023,sao paulo,SP,-23.5928960129834,-46.6421910572515,3580,26
4024,sao paulo,SP,-23.6003889915695,-46.6445057258433,3580,26
4025,sao paulo,SP,-23.598361277966905,-46.6464366178821,3580,26
4026,sao paulo,SP,-23.5991730136154,-46.6480291551862,3580,26
4027,sao paulo,SP,-23.6000639585413,-46.6528611829411,3580,26
4028,sao paulo,SP,-23.6048744571204,-46.6635144968968,3580,26
4029,sao paulo,SP,-23.6013201388513,-46.6599383485429,3580,26
4030,sao paulo,SP,-23.5930073532797,-46.6559142003352,3580,26
4031,sao paulo,SP,-23.5941683045299,-46.6586609624502,3580,26
4032,sao paulo,SP,-23.5954805366326,-46.659158404677,3580,26
4035,sao paulo,SP,-23.5951256209365,-46.6365792367485,3580,26
4037,sao paulo,SP,-23.5956080420706,-46.643271838564,3580,26
4038,sao paulo,SP,-23.5969743467028,-46.6444915079448,3580,26
4039,sao paulo,SP,-23.5977937181111,-46.6439230538359,3580,26
4040,sao paulo,SP,-23.5995828069188,-46.6378381960821,3580,26
4041,sao paulo,SP,-23.6014266754482,-46.64483387554029,3580,26
4042,sao paulo,SP,-23.6027356999657,-46.6439567179316,3580,26
4043,sao paulo,SP,-23.6061166660403,-46.6429496231306,3580,26
4044,sao paulo,SP,-23.6006091814693,-46.6397835531581,3580,26
4045,sao paulo,SP,-23.6186662019768,-46.63958286779,3580,26
4046,sao paulo,SP,-23.6183603346488,-46.6402797466395,3580,26
4047,sao paulo,SP,-23.609663155247,-46.6426788234949,3580,26
4048,sao paulo,SP,-23.7027935004314,-46.6364660630557,3580,26
4049,sao paulo,SP,-23.6065437296666,-46.6396277960452,3580,26
4050,sao paulo,SP,-23.6063017476759,-46.6448658963316,3580,26
4052,sao paulo,SP,-23.6107444628635,-46.6402190302721,3580,26
4053,sao paulo,SP,-23.6143170426204,-46.64310978377839,3580,26
4054,sao paulo,SP,-23.6162999095171,-46.6421762641345,3580,26
4055,sao paulo,SP,-23.619125339591,-46.6413160463805,3580,26
4057,sao paulo,SP,-23.6091205049308,-46.6469340477614,3580,26
4058,sao paulo,SP,-23.6102792267116,-46.6482233321987,3580,26
4059,sao paulo,SP,-23.6160955347435,-46.6452157165277,3580,26
4061,sao paulo,SP,-23.6153750336735,-46.6482809646819,3580,26
4062,sao paulo,SP,-23.6198206961458,-46.6477238281421,3580,26
4063,sao paulo,SP,-23.6134481684361,-46.6503574494799,3580,26
4064,sao paulo,SP,-23.618765802774,-46.6494022727683,3580,26
4065,sao paulo,SP,-23.6220096106944,-46.6491494497013,3580,26
4066,sao paulo,SP,-23.6137984374978,-46.6516360061774,3580,26
4067,sao paulo,SP,-23.6151112244915,-46.6521026368701,3580,26
4068,sao paulo,SP,-23.6207026922247,-46.64753380003939,3580,26
4070,sao paulo,SP,-23.6273321911817,-46.6460765674039,3580,26
4071,sao paulo,SP,-23.6244115007826,-46.6523275920448,3580,26
4074,sao paulo,SP,-23.6085485835889,-46.6546169378949,3580,26
4075,sao paulo,SP,-23.6027991545315,-46.6580235700702,3580,26
4076,sao paulo,SP,-23.606542021861,-46.657013730637,3580,26
4077,sao paulo,SP,-23.6074235970949,-46.6575801952879,3580,26
4078,sao paulo,SP,-23.6061837408404,-46.6593117092981,3580,26
4079,sao paulo,SP,-23.6086120683674,-46.6587437066163,3580,26
4080,sao paulo,SP,-23.6085272037626,-46.6612007058899,3580,26
4081,sao paulo,SP,-23.6099733461692,-46.662189541088,3580,26
4082,sao paulo,SP,-23.612774158442,-46.6604149234197,3580,26
4083,sao paulo,SP,-23.6129201319505,-46.6620277092153,3580,26
4084,sao paulo,SP,-23.6148724706231,-46.661281047356,3580,26
4085,sao paulo,SP,-23.6147923507546,-46.6624855946318,3580,26
4086,sao paulo,SP,-23.6106397319472,-46.66027830199,3580,26
4087,sao paulo,SP,-23.6094300247576,-46.660502270392,3580,26
4088,sao paulo,SP,-23.6059059185124,-46.6612765793058,3580,26
4089,sao paulo,SP,-23.6072771816622,-46.6610933742271,3580,26
4090,sao paulo,SP,-23.6090012359704,-46.6611891445651,3580,26
4101,sao paulo,SP,-23.5856067499855,-46.6337947474805,3580,26
4102,sao paulo,SP,-23.5898474013635,-46.6326138064213,3580,26
4103,sao paulo,SP,-23.5747499549193,-46.636914266814,3580,26
4104,sao paulo,SP,-23.5760892208338,-46.638730700081,3580,26
4105,sao paulo,SP,-23.577751794567195,-46.63659064268861,3580,26
4106,sao paulo,SP,-23.5814508331767,-46.635029209599,3580,26
4107,sao paulo,SP,-23.5799572485359,-46.6342028839938,3580,26
4108,sao paulo,SP,-23.5783309628191,-46.6303079647094,3580,26
4109,sao paulo,SP,-23.5761285212768,-46.6317767231774,3580,26
4110,sao paulo,SP,-23.5846937258067,-46.6335859130879,3580,26
4111,sao paulo,SP,-23.586392536105205,-46.632292260896,3580,26
4112,sao paulo,SP,-23.5851849422773,-46.6289517307564,3580,26
4113,sao paulo,SP,-23.5851181959374,-46.6257539276555,3580,26
4114,sao paulo,SP,-23.5863091760903,-46.6238169760252,3580,26
4115,sao paulo,SP,-23.5898215618814,-46.6244716591277,3580,26
4116,sao paulo,SP,-23.5925109506436,-46.62549344482,3580,26
4117,sao paulo,SP,-23.5893778354838,-46.6303969650611,3580,26
4118,sao paulo,SP,-23.5949909276387,-46.6286182311186,3580,26
4119,sao paulo,SP,-23.5968039487942,-46.6346218031735,3580,26
4120,sao paulo,SP,-23.5956763915476,-46.6311097438226,3580,26
4121,sao paulo,SP,-23.599660024269,-46.62528783752439,3580,26
4122,sao paulo,SP,-23.6027054311581,-46.6217681456511,3580,26
4123,sao paulo,SP,-23.6104221157908,-46.626594365292,3580,26
4124,sao paulo,SP,-23.5975275660223,-46.6195847634678,3580,26
4125,sao paulo,SP,-23.6005616735052,-46.6190939974109,3580,26
4126,sao paulo,SP,-23.5985791241362,-46.6308014348923,3580,26
4127,sao paulo,SP,-23.601640203918,-46.6299563914287,3580,26
4128,sao paulo,SP,-23.6021272047184,-46.6329258124919,3580,26
4129,sao paulo,SP,-23.6029427966574,-46.6229834966939,3580,26
4130,sao paulo - sp,SP,-23.6049721514458,-46.6200060277773,3581,26
4131,sao paulo,SP,-23.6063436528365,-46.6179372722799,3580,26
4132,sao paulo,SP,-23.6165976925685,-46.6184852324733,3580,26
4133,sao paulo,SP,-23.6217380613269,-46.6183837748097,3580,26
4134,sao paulo,SP,-23.606821547140402,-46.6226555422745,3580,26
4135,sao paulo,SP,-23.6092827514085,-46.6284946932644,3580,26
4136,sao paulo,SP,-23.610552687553298,-46.625433129935494,3580,26
4137,sao paulo,SP,-23.609271700065403,-46.6185541009913,3580,26
4138,sao paulo,SP,-23.6108740755153,-46.63445112502,3580,26
4139,sao paulo,SP,-23.6058505193166,-46.6341066251482,3580,26
4140,sao paulo,SP,-23.6064196133884,-46.6312390500501,3580,26
4141,sao paulo,SP,-23.6100569892303,-46.6332583527883,3580,26
4142,sao paulo,SP,-23.6118926985818,-46.6306094165634,3580,26
4143,sao paulo,SP,-23.6150265947771,-46.6349846882201,3580,26
4144,sao paulo,SP,-23.6191196479635,-46.6388926047089,3580,26
4145,sao paulo,SP,-23.6165689451482,-46.6324606398772,3580,26
4146,sao paulo,SP,-23.6170555316762,-46.62905586453,3580,26
4147,sao paulo,SP,-23.6204110601235,-46.6306465140767,3580,26
4148,sao paulo,SP,-23.6146165670337,-46.6227654134744,3580,26
4149,sao paulo,SP,-23.6167544553492,-46.6226861965362,3580,26
4150,sao paulo,SP,-23.6205715939709,-46.6223124497125,3580,26
4151,sao paulo,SP,-23.6213296558211,-46.62530855872,3580,26
4152,sao paulo,SP,-23.624631715014,-46.6245212358499,3580,26
4153,sao paulo,SP,-23.6269768195709,-46.6244300789828,3580,26
4154,sao paulo,SP,-23.6284416714188,-46.6220239466056,3580,26
4155,sao paulo,SP,-23.6326439800674,-46.6261566954882,3580,26
4156,sao paulo,SP,-23.6317657152084,-46.6231340432302,3580,26
4157,sao paulo,SP,-23.6318496179456,-46.6189431338539,3580,26
4158,sao paulo,SP,-23.6235690681668,-46.6183101865604,3580,26
4159,sao paulo,SP,-23.6228608124389,-46.6114217663882,3580,26
4160,sao paulo,SP,-23.6254754556218,-46.6120004410411,3580,26
4161,sao paulo,SP,-23.629842596014,-46.6156229050496,3580,26
4162,sao paulo,SP,-23.626884113847904,-46.6066668640637,3580,26
4163,sao paulo,SP,-23.6298437466433,-46.6132211963729,3580,26
4164,sao paulo,SP,-23.627534295197496,-46.6082907080808,3580,26
4165,sao paulo,SP,-23.6262248161481,-46.6062005386591,3580,26
4166,sao paulo,SP,-23.6426684137001,-46.6066637964044,3580,26
4167,sao paulo,SP,-23.6337463080086,-46.6143567524887,3580,26
4168,sao paulo,SP,-23.6341669078628,-46.6122978989915,3580,26
4169,sao paulo,SP,-23.6531629270413,-46.6149981054785,3580,26
4170,sao paulo,SP,-23.6349557573619,-46.6129366260542,3580,26
4171,sao paulo,SP,-23.6368745952528,-46.6129017456981,3580,26
4173,sao paulo,SP,-23.6382273208023,-46.6101960999657,3580,26
4174,sao paulo,SP,-23.6338056064879,-46.6074193876478,3580,26
4176,sao paulo,SP,-23.6351441150821,-46.603610734798,3580,26
4177,sao paulo,SP,-23.6422265942293,-46.6077572710256,3580,26
4180,sao paulo,SP,-23.6350052580104,-46.5991160450215,3580,26
4181,sao paulo,SP,-23.6384589049384,-46.5999035375153,3580,26
4182,sao paulo,SP,-23.6416999135055,-46.5987310058756,3580,26
4183,sao paulo,SP,-23.6429986145467,-46.5967359217806,3580,26
4184,sao paulo,SP,-23.6488085913742,-46.5998310645361,3580,26
4185,sao paulo,SP,-23.6474133145716,-46.5925416149549,3580,26
4186,sao paulo,SP,-23.647056564925,-46.5944418683725,3580,26
4187,sao paulo,SP,-23.6485456917336,-46.5948699084495,3580,26
4190,sao paulo,SP,-23.6515731449409,-46.6026818317637,3580,26
4191,sao paulo,SP,-23.6457305291674,-46.6042928917609,3580,26
4193,sao paulo,SP,-23.6488934368868,-46.6084949153963,3580,26
4194,sao paulo,SP,-23.6537232313877,-46.6103783060527,3580,26
4195,sao paulo,SP,-23.6572419852161,-46.6128308395936,3580,26
4201,sao paulo,SP,-23.5748005682571,-46.6058898809546,3580,26
4202,sao paulo,SP,-23.5776169586373,-46.6049946264359,3580,26
4203,sao paulo,SP,-23.590626884904896,-46.6066122376774,3580,26
4204,sao paulo,SP,-23.5855303301962,-46.6072925951616,3580,26
4205,sao paulo,SP,-23.5808925771988,-46.6058981840114,3580,26
4206,sao paulo,SP,-23.5846784958147,-46.6043759276714,3580,26
4207,sao paulo,SP,-23.5873443276669,-46.6032425315192,3580,26
4208,sao paulo,SP,-23.5927755474445,-46.6011906435582,3580,26
4209,sao paulo,SP,-23.5861650741985,-46.6011347706971,3580,26
4210,sao paulo,SP,-23.5852409145304,-46.6041550193625,3580,26
4211,sao paulo,SP,-23.5923386191604,-46.6065173477044,3580,26
4212,sao paulo,SP,-23.5904600251282,-46.6049985903679,3580,26
4213,sao paulo,SP,-23.5925041150391,-46.602402683692,3580,26
4215,sao paulo,SP,-23.5956410206166,-46.6011562700707,3580,26
4216,sao paulo,SP,-23.596691922335,-46.600517415347,3580,26
4217,sao paulo,SP,-23.5992321833992,-46.5976401598175,3580,26
4218,sao paulo,SP,-23.6061451025139,-46.6014947043142,3580,26
4221,sao paulo,SP,-23.5940956553866,-46.594655527593,3580,26
4222,sao paulo,SP,-23.598519138723095,-46.5889764015641,3580,26
4224,sao paulo,SP,-23.5972927472781,-46.5941551541879,3580,26
4225,sao paulo,SP,-23.6024333316473,-46.5897622590933,3580,26
4230,sao paulo,SP,-23.6054585652885,-46.5920060768588,3580,26
4231,sao paulo,SP,-23.6060899433262,-46.5959753460032,3580,26
4232,sao paulo,SP,-23.6133294983236,-46.5949303759119,3580,26
4235,sao paulo,SP,-23.6130196494289,-46.5917947920713,3580,26
4236,sao paulo,SP,-23.6071627581528,-46.5887888739554,3580,26
4240,sao paulo,SP,-23.6202207357376,-46.5855234962182,3580,26
4241,sao paulo,SP,-23.6231002603061,-46.58847768799361,3580,26
4242,sao paulo,SP,-23.6263403623184,-46.5886889352208,3580,26
4243,sao paulo,SP,-23.625807260665095,-46.5863762289605,3580,26
4244,sao paulo,SP,-23.6290878110361,-46.58759158430271,3580,26
4246,sao paulo,SP,-23.6219318416136,-46.5987135108022,3580,26
4247,sao paulo,SP,-23.6214465386901,-46.5984078385717,3580,26
4248,sao paulo,SP,-23.6127344506858,-46.5981341831307,3580,26
4249,sao paulo,SP,-23.616348584304,-46.5988883822947,3580,26
4250,sao paulo,SP,-23.6204223857072,-46.5988656693112,3580,26
4251,sao paulo,SP,-23.6257700094456,-46.5970363664391,3580,26
4252,sao paulo,SP,-23.6136039852467,-46.59800714034551,3580,26
4253,sao paulo,SP,-23.617066889638,-46.596529306469996,3580,26
4254,sao paulo,SP,-23.6186270952617,-46.59426279836091,3580,26
4255,sao paulo,SP,-23.6236009846203,-46.5931529229577,3580,26
4256,sao paulo,SP,-23.6295714205288,-46.5915067172437,3580,26
4257,sao paulo,SP,-23.6334538556738,-46.5904060145686,3580,26
4258,sao paulo,SP,-23.634780995705,-46.5884897264282,3580,26
4261,sao paulo,SP,-23.5827349151858,-46.6120621131641,3580,26
4264,sao paulo,SP,-23.5848785874707,-46.6140687290883,3580,26
4265,sao paulo,SP,-23.5873536006701,-46.6152583389538,3580,26
4266,sao paulo,SP,-23.5900941104095,-46.6099021016748,3580,26
4267,sao paulo,SP,-23.5988329073017,-46.6098524764051,3580,26
4268,sao paulo,SP,-23.595137667262197,-46.608572845972,3580,26
4269,sao paulo,SP,-23.5983505576976,-46.6124552255035,3580,26
4270,sao paulo,SP,-23.5914591869194,-46.6139464868292,3580,26
4271,sao paulo,SP,-23.589304591307904,-46.6169605022998,3580,26
4272,sao paulo,SP,-23.6053788195443,-46.6138791995028,3580,26
4273,sao paulo,SP,-23.607472654074396,-46.6116991157898,3580,26
4274,sao paulo,SP,-23.5911541348297,-46.6171457799724,3580,26
4275,sao paulo,SP,-23.5938391727859,-46.6164586689679,3580,26
4276,sao paulo,SP,-23.6013170088348,-46.61400637002961,3580,26
4277,sao paulo,SP,-23.6013102472835,-46.6121518826757,3580,26
4278,sao paulo,SP,-23.6018559831848,-46.60890962544771,3580,26
4279,sao paulo,SP,-23.6007289320773,-46.6053826006528,3580,26
4280,sao paulo,SP,-23.605350718362,-46.6069625066771,3580,26
4281,sao paulo,SP,-23.606213117621,-46.6091717045875,3580,26
4282,sao paulo,SP,-23.6075755851824,-46.6110402975775,3580,26
4283,sao paulo,SP,-23.6093307066604,-46.6044278913776,3580,26
4284,sao paulo,SP,-23.6078819032109,-46.6019410368758,3580,26
4285,sao paulo,SP,-23.6131796810688,-46.603112358125,3580,26
4286,sao paulo,SP,-23.6132478568979,-46.6033332041795,3580,26
4288,sao paulo,SP,-23.6105658135382,-46.6123782056699,3580,26
4290,sao paulo,SP,-23.6136359959081,-46.6117134216106,3580,26
4291,sao paulo,SP,-23.617286932860605,-46.612954616024204,3580,26
4292,sao paulo,SP,-23.6170691782474,-46.6117168923229,3580,26
4293,sao paulo,SP,-23.6213904805593,-46.6159739507329,3580,26
4294,sao paulo,SP,-23.6206337386126,-46.6063737582539,3580,26
4295,sao paulo,SP,-23.6219792563782,-46.6046678380102,3580,26
4296,sao paulo,SP,-23.6211978884437,-46.6039474711731,3580,26
4297,sao paulo,SP,-23.6280664529006,-46.60230241313089,3580,26
4298,sao paulo,SP,-23.6272347307178,-46.6002775327041,3580,26
4301,sao paulo,SP,-23.6247755218819,-46.6335222541676,3580,26
4302,sao paulo,SP,-23.6219750842791,-46.6367895236574,3580,26
4303,sao paulo,SP,-23.6240984053341,-46.637519164297,3580,26
4304,sao paulo,SP,-23.6270644541436,-46.6366516674241,3580,26
4305,sao paulo,SP,-23.628528928652,-46.6354692093627,3580,26
4306,sao paulo,SP,-23.6312477804694,-46.6366764404358,3580,26
4307,sao paulo,SP,-23.6236794671201,-46.6368500658412,3580,26
4308,sao paulo,SP,-23.6446927025013,-46.6395672481383,3580,26
4309,sao paulo,SP,-23.642553937089,-46.6410891496323,3580,26
4310,sao paulo,SP,-23.6324678142686,-46.6404110321734,3580,26
4311,sao paulo,SP,-23.6332106879326,-46.6382766979267,3580,26
4312,sao paulo,SP,-23.6324306576174,-46.6309192883277,3580,26
4313,sao paulo,SP,-23.6372834882279,-46.6380050064455,3580,26
4314,sao paulo,SP,-23.6357860233259,-46.6355161122455,3580,26
4315,sao paulo,SP,-23.6357354324948,-46.6286711676003,3580,26
4316,sao paulo,SP,-23.6392162528502,-46.6352699672142,3580,26
4317,sao paulo,SP,-23.641746702107103,-46.6328261500118,3580,26
4318,sao paulo,SP,-23.6448444778276,-46.6365460211039,3580,26
4319,sao paulo,SP,-23.6474043042039,-46.6365700130373,3580,26
4320,sao paulo,SP,-23.6488285627648,-46.6362575784123,3580,26
4321,sao paulo,SP,-23.6472598455325,-46.6438925966312,3580,26
4323,sao paulo,SP,-23.6537413969555,-46.6394443632099,3580,26
4324,sao paulo,SP,-23.6543892063962,-46.6371108433353,3580,26
4325,sao paulo,SP,-23.6627471110771,-46.6364770476842,3580,26
4326,sao paulo,SP,-23.657437186156,-46.6353667268495,3580,26
4327,sao paulo,SP,-23.6630096163107,-46.6329217953394,3580,26
4330,sao paulo,SP,-23.6559581808634,-46.6468165819426,3580,26
4331,sao paulo,SP,-23.657745623216403,-46.6490976052088,3580,26
4332,sao paulo,SP,-23.6591247560368,-46.6490725822062,3580,26
4333,sao paulo,SP,-23.6611203104256,-46.6446046229002,3580,26
4334,sao paulo,SP,-23.657263686626198,-46.638803300465405,3580,26
4335,sao paulo,SP,-23.66345401038,-46.6397992039027,3580,26
4336,sao paulo,SP,-23.6653041211768,-46.6444785750155,3580,26
4337,sao paulo,SP,-23.6649376892157,-46.647167259872994,3580,26
4338,sao paulo,SP,-23.6698167095092,-46.6460830464384,3580,26
4339,sao paulo,SP,-23.6674562202357,-46.6410451878222,3580,26
4340,sao paulo,SP,-23.6678505945347,-46.6404343165683,3580,26
4342,sao paulo,SP,-23.6352093174777,-46.65058314523511,3580,26
4343,sao paulo,SP,-23.6354762912363,-46.6459334678031,3580,26
4344,sao paulo,SP,-23.6370512522575,-46.6489416223794,3580,26
4346,sao paulo,SP,-23.6405608224528,-46.6530665387779,3580,26
4347,sao paulo,SP,-23.6425869131191,-46.6479740607971,3580,26
4348,sao paulo,SP,-23.6450231807436,-46.6502444973995,3580,26
4349,sao paulo,SP,-23.6487212402294,-46.6467557256446,3580,26
4350,sao paulo,SP,-23.644926388991404,-46.6528299557697,3580,26
4355,sao paulo,SP,-23.6337469910955,-46.6577527611507,3580,26
4356,sao paulo,SP,-23.6367014681687,-46.6594321507156,3580,26
4357,sao paulo,SP,-23.63603622081,-46.6547160221415,3580,26
4358,sao paulo,SP,-23.6397050027302,-46.6568864189024,3580,26
4359,sao paulo,SP,-23.639954709906203,-46.654502797019894,3580,26
4360,sao paulo,SP,-23.6400362561501,-46.66328463779019,3580,26
4361,sao paulo,SP,-23.6435270182468,-46.6628093627223,3580,26
4362,sao paulo,SP,-23.6453478579539,-46.668963118638395,3580,26
4363,sao paulo,SP,-23.6465046796817,-46.666225677665,3580,26
4364,sao paulo,SP,-23.6502280611062,-46.6708133586861,3580,26
4365,sao paulo,SP,-23.6716163549388,-46.6486236944678,3580,26
4366,sao paulo,SP,-23.673566314986,-46.64687767536619,3580,26
4367,sao paulo,SP,-23.6514584096566,-46.6672649900077,3580,26
4368,sao paulo,SP,-23.6544421000016,-46.6662280643355,3580,26
4369,sao paulo,SP,-23.6549038217337,-46.6631455042073,3580,26
4370,sao paulo,SP,-23.6490384063281,-46.6615619055792,3580,26
4371,sao paulo,SP,-23.6483470726808,-46.6583959636476,3580,26
4372,sao paulo,SP,-23.6485441630145,-46.6571584983098,3580,26
4374,sao paulo,SP,-23.6519370456873,-46.6564163005114,3580,26
4375,sao paulo,SP,-23.6545434053309,-46.6572151989865,3580,26
4376,sao paulo,SP,-23.6533248460146,-46.655940539498694,3580,26
4378,sao paulo,SP,-23.6496322683431,-46.6606647077887,3580,26
4379,sao paulo,SP,-23.6567263520854,-46.6564978079358,3580,26
4381,sao paulo,SP,-23.6554578983916,-46.6661043172648,3580,26
4382,sao paulo,SP,-23.6580659090954,-46.6637429644912,3580,26
4383,sao paulo,SP,-23.6586928571651,-46.6604940894823,3580,26
4384,sao paulo,SP,-23.6603292162165,-46.6598653239856,3580,26
4386,sao paulo,SP,-23.6635670557033,-46.6551737306914,3580,26
4387,sao paulo,SP,-23.663013264029,-46.6510353386724,3580,26
4401,sao paulo,SP,-23.666929519377998,-46.6649098484702,3580,26
4402,sao paulo,SP,-23.6668915329358,-46.6627615663834,3580,26
4403,sao paulo,SP,-23.6705439200733,-46.6610556758475,3580,26
4405,sao paulo,SP,-23.673455391312,-46.6564629751791,3580,26
4406,sao paulo,SP,-23.6705536965063,-46.6541967441473,3580,26
4407,sao paulo,SP,-23.6712547288392,-46.6513055472383,3580,26
4408,sao paulo,SP,-23.6736960696234,-46.6505731141851,3580,26
4409,sao paulo,SP,-23.6764378087872,-46.6513330357799,3580,26
4410,sao paulo,SP,-23.6802385705289,-46.648640105817,3580,26
4411,sao paulo,SP,-23.6780283239672,-46.644395283363,3580,26
4412,sao paulo,SP,-23.6750592239308,-46.6455402404391,3580,26
4413,sao paulo,SP,-23.6705802428692,-46.6380933988377,3580,26
4414,sao paulo,SP,-23.6680780671937,-46.6386401633821,3580,26
4415,sao paulo,SP,-23.6739485877779,-46.6367521207489,3580,26
4416,sao paulo,SP,-23.6769608177949,-46.6384880914706,3580,26
4417,sao paulo,SP,-23.6798020323372,-46.6341363477559,3580,26
4419,sao paulo,SP,-23.6824648960709,-46.6410659891323,3580,26
4421,sao paulo,SP,-23.6902279337661,-46.6395317300359,3580,26
4423,sao paulo,SP,-23.6861874554883,-46.634439642878,3580,26
4424,sao paulo,SP,-23.6873661539616,-46.6404493916415,3580,26
4425,sao paulo,SP,-23.6813320539559,-46.6439071964555,3580,26
4426,sao paulo,SP,-23.6816039507335,-46.6447862133647,3580,26
4427,sao paulo,SP,-23.6805252368174,-46.6528515226462,3580,26
4428,sao paulo,SP,-23.6804635013033,-46.6549241999298,3580,26
4429,sao paulo,SP,-23.6792040160428,-46.6614147446648,3580,26
4430,sao paulo,SP,-23.6810469314293,-46.6431574730794,3580,26
4431,sao paulo,SP,-23.688213077185498,-46.6551835743883,3580,26
4432,sao paulo,SP,-23.6827950632729,-46.6609626882059,3580,26
4433,sao paulo,SP,-23.6814050289741,-46.6568868876833,3580,26
4434,sao paulo,SP,-23.6831376679319,-46.6667986929997,3580,26
4437,sao paulo,SP,-23.6704494344417,-46.6758849533005,3580,26
4438,sao paulo,SP,-23.6765698488808,-46.6698969043233,3580,26
4439,sao paulo,SP,-23.6795817207274,-46.6679826211386,3580,26
4444,sao paulo,SP,-23.688811861456,-46.687963183219,3580,26
4445,sao paulo,SP,-23.6831997048296,-46.6852659242187,3580,26
4446,sao paulo,SP,-23.6869715597436,-46.6842682667412,3580,26
4447,sao paulo,SP,-23.689349532967405,-46.6790590449064,3580,26
4455,sao paulo,SP,-23.6803964919493,-46.6792266962379,3580,26
4456,sao paulo,SP,-23.6857325167326,-46.6779646277987,3580,26
4457,sao paulo,SP,-23.6897445340614,-46.6755861150369,3580,26
4458,sao paulo,SP,-23.6883121693803,-46.672902915291,3580,26
4459,sao paulo,SP,-23.692987278445,-46.6722143936784,3580,26
4460,sao paulo,SP,-23.6916511189883,-46.6742457283112,3580,26
4461,sao paulo,SP,-23.6911830096899,-46.6795842946409,3580,26
4462,sao paulo,SP,-23.6945261089674,-46.6655370213035,3580,26
4463,sao paulo,SP,-23.6951654147394,-46.6620420180517,3580,26
4464,sao paulo,SP,-23.6973272343708,-46.6578832924573,3580,26
4466,sao paulo,SP,-23.6844791261865,-46.646806057023,3580,26
4467,sao paulo,SP,-23.6863720990909,-46.6483597152507,3580,26
4468,sao paulo,SP,-23.691428229812,-46.6645045877737,3580,26
4469,sao paulo,SP,-23.6926118794404,-46.6681303474308,3580,26
4470,sao paulo,SP,-23.7122400227519,-46.65429233001421,3580,26
4472,sao paulo,SP,-23.6462350943644,-46.5847403003108,3580,26
4473,sao paulo,SP,-23.7017757815342,-46.6512577874634,3580,26
4474,sao paulo,SP,-23.6875505983113,-46.6371148849228,3580,26
4475,sao paulo,SP,-23.700998891439998,-46.6349870053647,3580,26
4476,sao paulo,SP,-23.7072303331783,-46.6249275047309,3580,26
4501,sao paulo,SP,-23.5890413191361,-46.6630447529513,3580,26
4502,sao paulo,SP,-23.5848252577103,-46.6632924674744,3580,26
4503,sao paulo,SP,-23.5835180105164,-46.6669721133211,3580,26
4504,sao paulo,SP,-23.5847183620716,-46.6656732463435,3580,26
4505,sao paulo,SP,-23.5946409852238,-46.6730177645061,3580,26
4506,sao paulo,SP,-23.5932214418989,-46.6727327044452,3580,26
4507,sao paulo,SP,-23.5871879311159,-46.6681058832383,3580,26
4508,sao paulo,SP,-23.5894131680544,-46.66942376820581,3580,26
4509,sao paulo,SP,-23.5912745472254,-46.6704312124702,3580,26
4510,sao paulo,SP,-23.5936149079534,-46.6701668687329,3580,26
4511,sao paulo,SP,-23.5958580357549,-46.6688885426369,3580,26
4512,sao paulo,SP,-23.597265224548597,-46.6682543000338,3580,26
4513,sao paulo,SP,-23.5969832654996,-46.6705296166456,3580,26
4514,sao paulo,SP,-23.6007886764578,-46.6713781865883,3580,26
4515,sao paulo,SP,-23.601619220537902,-46.6661571926035,3580,26
4516,sao paulo,SP,-23.6047440840297,-46.6692887113385,3580,26
4517,sao paulo,SP,-23.605966882765795,-46.6734088304114,3580,26
4520,sao paulo,SP,-23.601190973796903,-46.66750945215551,3580,26
4521,sao paulo,SP,-23.6866919757284,-46.6648578555379,3580,26
4522,sao paulo,SP,-23.5982283566607,-46.662410935102,3580,26
4523,sao paulo,SP,-23.6037257022615,-46.666841608444905,3580,26
4524,sao paulo,SP,-23.6051157154525,-46.665708597106,3580,26
4530,sao paulo,SP,-23.581664346279,-46.6730905133582,3580,26
4531,sao paulo,SP,-23.5816958430517,-46.6770526949064,3580,26
4532,sao paulo,SP,-23.583744513178,-46.6747180313227,3580,26
4533,sao paulo,SP,-23.584344043487096,-46.6783748638991,3580,26
4534,sao paulo,SP,-23.5842210951556,-46.6740528291594,3580,26
4535,sao paulo,SP,-23.5900084048895,-46.6755561080461,3580,26
4536,sao paulo,SP,-23.5820233948808,-46.6806280054267,3580,26
4537,sao paulo,SP,-23.5931279307875,-46.676760982883,3580,26
4538,sao paulo,SP,-23.5892792142924,-46.6813853002293,3580,26
4542,sao paulo,SP,-23.5872513058071,-46.6791957575699,3580,26
4543,sao paulo,SP,-23.5894879184946,-46.6810007068695,3580,26
4544,sao paulo,SP,-23.5915828293201,-46.6776001130845,3580,26
4545,sao paulo,SP,-23.5959265054059,-46.6755895059661,3580,26
4546,sao paulo,SP,-23.5979272995954,-46.6799197324472,3580,26
4547,sao paulo,SP,-23.5977874818924,-46.6839711679292,3580,26
4548,sao paulo,SP,-23.5995435275376,-46.6827680415207,3580,26
4549,sao paulo,SP,-23.601966289229,-46.67739208345241,3580,26
4550,sao paulo,SP,-23.6019739451229,-46.6799167682199,3580,26
4551,sao paulo,SP,-23.5947015463366,-46.68729881009801,3580,26
4552,sao paulo,SP,-23.5934066809486,-46.6857212639924,3580,26
4553,sao paulo,SP,-23.601972173556,-46.6836722010546,3580,26
4555,sao paulo,SP,-23.613935964376605,-46.6789690215511,3580,26
4556,sao paulo,SP,-23.6132788568535,-46.6786597057265,3580,26
4557,sao paulo,SP,-23.6029817167188,-46.6833381488449,3580,26
4558,sao paulo,SP,-23.602195961257497,-46.686347486241495,3580,26
4559,sao paulo,SP,-23.6146444449538,-46.6814047483,3580,26
4560,sao paulo,SP,-23.6117561841119,-46.6817126256113,3580,26
4561,sao paulo,SP,-23.608536691052,-46.6856573451086,3580,26
4562,sao paulo,SP,-23.6102572415798,-46.687101618196294,3580,26
4563,sao paulo,SP,-23.610942393250998,-46.6865935460093,3580,26
4564,sao paulo,SP,-23.6130235838462,-46.6848231460286,3580,26
4565,sao paulo,SP,-23.6110932878677,-46.6896008927038,3580,26
4566,sao paulo,SP,-23.613775634721502,-46.6861710712571,3580,26
4567,sao paulo,SP,-23.6132580221649,-46.6899537323016,3580,26
4569,sao paulo,SP,-23.606814609417,-46.6892159563453,3580,26
4570,sao paulo,SP,-23.6018903620767,-46.6895822872705,3580,26
4571,sao paulo,SP,-23.604780479603196,-46.6935585574237,3580,26
4575,sao paulo,SP,-23.6084227612335,-46.694387473692,3580,26
4576,sao paulo,SP,-23.6157242452801,-46.6890343408006,3580,26
4578,sao paulo,SP,-23.6076342039852,-46.6972515755486,3580,26
4580,sao paulo,SP,-23.6199464778213,-46.6850524968083,3580,26
4581,sao paulo,SP,-23.6197287783522,-46.68336127730951,3580,26
4582,sao paulo,SP,-23.6198697260542,-46.6892997060676,3580,26
4583,sao paulo,SP,-23.618600031221703,-46.696706511764596,3580,26
4601,sao paulo,SP,-23.619667725174697,-46.6817169487152,3580,26
4602,sao paulo,SP,-23.6223329728653,-46.6814484612593,3580,26
4603,sao paulo,SP,-23.6220607400581,-46.6802175715407,3580,26
4604,sao paulo,SP,-23.6226981700655,-46.6800751065832,3580,26
4605,sao paulo,SP,-23.6196467151501,-46.6757223362937,3580,26
4606,sao paulo,SP,-23.6207707911538,-46.67516918760091,3580,26
4607,sao paulo,SP,-23.6211104814672,-46.6741205987385,3580,26
4608,sao paulo,SP,-23.624124956240497,-46.67436074338659,3580,26
4609,sao paulo,SP,-23.6226789822826,-46.6737619571934,3580,26
4610,sao paulo,SP,-23.6248287829841,-46.6723500407256,3580,26
4611,sao paulo,SP,-23.6246615230321,-46.6714534156373,3580,26
4612,sao paulo,SP,-23.6222589230716,-46.663556133401,3580,26
4613,sao paulo,SP,-23.618896001391402,-46.6676535140212,3580,26
4614,sao paulo,SP,-23.617025476893,-46.6722388447559,3580,26
4615,sao paulo,SP,-23.6231018976839,-46.6674953643759,3580,26
4616,sao paulo,SP,-23.6196606254825,-46.6732658921481,3580,26
4617,sao paulo,SP,-23.6231920927455,-46.669903113369,3580,26
4618,sao paulo,SP,-23.6208756071014,-46.6759069923895,3580,26
4619,sao paulo,SP,-23.6235090793626,-46.6758083805412,3580,26
4620,sao paulo,SP,-23.626803489673403,-46.6749346416554,3580,26
4621,sao paulo,SP,-23.6270449997112,-46.68041580684909,3580,26
4622,sao paulo,SP,-23.6291806369873,-46.6804048873014,3580,26
4623,sao paulo,SP,-23.6362495618562,-46.6749631429508,3580,26
4624,sao paulo,SP,-23.6280867212158,-46.6690901791581,3580,26
4625,sao paulo,SP,-23.6282689912958,-46.6659567210617,3580,26
4626,sao paulo,SP,-23.6347347317573,-46.6689704080566,3580,26
4627,sao paulo,SP,-23.634666975437,-46.6710341069928,3580,26
4630,sao paulo,SP,-23.6326059732142,-46.6630055389417,3580,26
4631,sao paulo,SP,-23.6317357649655,-46.6640977560026,3580,26
4632,sao paulo,SP,-23.6323292541481,-46.6661675606089,3580,26
4633,sao paulo,SP,-23.6341221855966,-46.6650217148477,3580,26
4634,sao paulo,SP,-23.6385851265951,-46.66754818593,3580,26
4635,sao paulo,SP,-23.6410152942347,-46.6705266998003,3580,26
4636,sao paulo,SP,-23.6378369618364,-46.6775811761922,3580,26
4637,sao paulo,SP,-23.6311963702262,-46.6813892728837,3580,26
4638,sao paulo,SP,-23.6319992874966,-46.6851431970357,3580,26
4639,sao paulo,SP,-23.6361906689359,-46.6852971902409,3580,26
4640,sao paulo,SP,-23.631844127736,-46.681653043668,3580,26
4641,sao paulo,SP,-23.6355746701711,-46.6851836682555,3580,26
4642,sao paulo,SP,-23.6412827495667,-46.6871421625139,3580,26
4643,sao paulo,SP,-23.6459092945937,-46.6837827405506,3580,26
4645,sao paulo,SP,-23.6465721277148,-46.6790357168454,3580,26
4646,sao paulo,SP,-23.6425262450838,-46.6759987438812,3580,26
4647,sao paulo,SP,-23.6477063132663,-46.6772093588345,3580,26
4648,sao paulo,SP,-23.6500629867911,-46.6741297317827,3580,26
4649,sao paulo,SP,-23.6423568292394,-46.657333288760206,3580,26
4650,sao paulo,SP,-23.6578508419469,-46.6769250839292,3580,26
4651,sao paulo,SP,-23.6582953675166,-46.6709241818017,3580,26
4652,sao paulo,SP,-23.662668780583903,-46.66804755169979,3580,26
4653,sao paulo,SP,-23.6638797483433,-46.6747381923644,3580,26
4655,sao paulo,SP,-23.663471694776195,-46.672025376551495,3580,26
4657,sao paulo,SP,-23.667974839248,-46.67377385938179,3580,26
4658,sao paulo,SP,-23.6679578535759,-46.6673002822609,3580,26
4660,sao paulo,SP,-23.665058711138,-46.6795191430371,3580,26
4661,sao paulo,SP,-23.6743172799517,-46.6842096970639,3580,26
4662,sao paulo,SP,-23.6550684404276,-46.6920277320224,3580,26
4663,sao paulo,SP,-23.6532378473566,-46.6835199953986,3580,26
4664,sao paulo,SP,-23.6568232133743,-46.68326926391379,3580,26
4671,sao paulo,SP,-23.6588087444939,-46.69183549279,3580,26
4672,sao paulo,SP,-23.6609510207763,-46.6991896587543,3580,26
4673,sao paulo,SP,-23.6639974195518,-46.6947920058551,3580,26
4674,sao paulo,SP,-23.663855154832103,-46.6857921780803,3580,26
4675,sao paulo,SP,-23.6649775422319,-46.6909300281965,3580,26
4676,sao paulo,SP,-23.6619554438641,-46.6788355443507,3580,26
4678,sao paulo,SP,-23.6677243643222,-46.6802935504634,3580,26
4679,sao paulo,SP,-23.6742792534572,-46.6819069739139,3580,26
4685,sao paulo,SP,-23.6632113224104,-46.6935161695989,3580,26
4686,sao paulo,SP,-23.6654089122848,-46.6907711814783,3580,26
4689,sao paulo,SP,-23.6702456186672,-46.691113039861,3580,26
4690,sao paulo,SP,-23.673314396116,-46.6928752659028,3580,26
4691,sao paulo,SP,-23.6746484618985,-46.690182994705,3580,26
4692,sao paulo,SP,-23.6745581784817,-46.6867824874559,3580,26
4693,sao paulo,SP,-23.6796571103997,-46.6914144899261,3580,26
4696,sao paulo,SP,-23.6694138595191,-46.7024625126252,3580,26
4701,sao paulo,SP,-23.6377944626673,-46.6964010804975,3580,26
4702,sao paulo,SP,-23.6339794667569,-46.6936372165313,3580,26
4703,sao paulo,SP,-23.6209276643105,-46.6912326015665,3580,26
4704,sao paulo,SP,-23.6235083578165,-46.68828823733009,3580,26
4705,sao paulo,SP,-23.6215308491762,-46.6951881968269,3580,26
4707,sao paulo,SP,-23.624988625614,-46.6933733905336,3580,26
4708,sao paulo,SP,-23.6294076163431,-46.6921296236863,3580,26
4709,sao paulo,SP,-23.6294849887461,-46.6956801583747,3580,26
4710,sao paulo,SP,-23.6277542631092,-46.6957198489064,3580,26
4711,sao paulo,SP,-23.627289256892805,-46.70094897060509,3580,26
4713,sao paulo,SP,-23.629653166642,-46.7017037603839,3580,26
4714,sao paulo,SP,-23.6318348465369,-46.7003262597907,3580,26
4715,sao paulo,SP,-23.6319807019578,-46.7013512357661,3580,26
4716,sao paulo,SP,-23.631872008304,-46.7038080265008,3580,26
4717,sao paulo,SP,-23.6314315507863,-46.7054236300285,3580,26
4718,sao paulo,SP,-23.6321448734908,-46.7037718313155,3580,26
4719,sao paulo,SP,-23.632941446215,-46.70695848061091,3580,26
4720,sao paulo,SP,-23.6362506819805,-46.7030915221507,3580,26
4721,sao paulo,SP,-23.6409385328576,-46.700382362429,3580,26
4722,sao paulo,SP,-23.6407301675645,-46.7038747730644,3580,26
4723,sao paulo,SP,-23.6453125970079,-46.7132428798217,3580,26
4724,sao paulo,SP,-23.6453696951624,-46.7122027604303,3580,26
4726,sao paulo,SP,-23.6360273233038,-46.7130025009903,3580,26
4727,sao paulo,SP,-23.6424375677912,-46.7140689651636,3580,26
4728,sao paulo,SP,-23.6394081619248,-46.7145000085501,3580,26
4729,sao paulo,SP,-23.637676834484903,-46.717261877764,3580,26
4730,sao paulo,SP,-23.64197945895,-46.7202655660956,3580,26
4733,sao paulo,SP,-23.6355298816638,-46.6940310809045,3580,26
4734,sao paulo,SP,-23.6425576506657,-46.6982941779787,3580,26
4735,sao paulo,SP,-23.6426944605969,-46.6973895389913,3580,26
4736,sao paulo,SP,-23.6429176862529,-46.6966595221082,3580,26
4738,sao paulo,SP,-23.6423101724596,-46.6953826053072,3580,26
4739,sao paulo,SP,-23.645606617155,-46.6988492327841,3580,26
4740,sao paulo,SP,-23.6465982453593,-46.6929846168291,3580,26
4741,sao paulo,SP,-23.649415108653,-46.7006983990986,3580,26
4742,sao paulo,SP,-23.6509366194114,-46.7009058237305,3580,26
4743,sao paulo,SP,-23.653252356993,-46.7036189807141,3580,26
4744,sao paulo,SP,-23.6566116374434,-46.7067276447412,3580,26
4745,sao paulo,SP,-23.6565279385095,-46.7054359476984,3580,26
4746,sao paulo,SP,-23.6588718473839,-46.7079320957509,3580,26
4747,sao paulo,SP,-23.6567181051574,-46.6978087797373,3580,26
4750,sao paulo,SP,-23.6470902689177,-46.7048208984284,3580,26
4751,sao paulo,SP,-23.6518050295322,-46.7074938093461,3580,26
4752,sao paulo,SP,-23.653255735596,-46.7118348062517,3580,26
4753,sao paulo,SP,-23.6543495544857,-46.7137891756213,3580,26
4754,sao paulo,SP,-23.6522818319104,-46.7154823331646,3580,26
4755,sao paulo,SP,-23.6471845969568,-46.7138385643702,3580,26
4756,sao paulo,SP,-23.6469837812424,-46.7187215959032,3580,26
4757,sao paulo,SP,-23.6510835834043,-46.7196263328019,3580,26
4760,sao paulo,SP,-23.6636220119198,-46.7152007992514,3580,26
4761,sao paulo,SP,-23.6628433978514,-46.7180273866101,3580,26
4762,sao paulo,SP,-23.665195864565003,-46.71954903436281,3580,26
4763,sao paulo,SP,-23.669585083295,-46.7185732923419,3580,26
4764,sao paulo,SP,-23.6723916087197,-46.7146516407781,3580,26
4766,sao paulo,SP,-23.6718662676869,-46.7094364054227,3580,26
4768,sao paulo,SP,-23.6727307746071,-46.7119332455838,3580,26
4770,sao paulo,SP,-23.680991848251796,-46.7154198126272,3580,26
4771,sao paulo,SP,-23.6815868904108,-46.7120737252715,3580,26
4772,sao paulo,SP,-23.6877895058251,-46.7149564096029,3580,26
4773,sao paulo,SP,-23.6822473346027,-46.7089856370157,3580,26
4774,sao paulo,SP,-23.6844296706927,-46.7070037663737,3580,26
4775,sao paulo,SP,-23.685421799933703,-46.7003944634509,3580,26
4776,sp,SP,-23.6870075950791,-46.7024029631242,3749,26
4777,sao paulo,SP,-23.6954914637592,-46.6982295660233,3580,26
4781,sao paulo,SP,-23.6863030774052,-46.7045127080869,3580,26
4782,sao paulo,SP,-23.6910130462818,-46.7038101062076,3580,26
4783,sao paulo,SP,-23.6947011846116,-46.7043428809021,3580,26
4784,sao paulo,SP,-23.683138144815,-46.7075906862604,3580,26
4785,sao paulo,SP,-23.6934689734427,-46.7112849615823,3580,26
4787,sao paulo,SP,-23.6974328001006,-46.7101214963933,3580,26
4788,sao paulo,SP,-23.7035854187581,-46.7102840592324,3580,26
4789,sao paulo,SP,-23.7066903332554,-46.7083855891067,3580,26
4794,sao paulo,SP,-23.6201158191509,-46.6997874868963,3580,26
4795,sao paulo,SP,-23.6630244556408,-46.7108840465418,3580,26
4801,sao paulo,SP,-23.7137132189491,-46.6992436077217,3580,26
4802,sao paulo,SP,-23.7096663111714,-46.705863969967,3580,26
4803,sao paulo,SP,-23.7161329915256,-46.7096381205722,3580,26
4805,sao paulo,SP,-23.7150155051125,-46.703489033562,3580,26
4806,sao paulo,SP,-23.7117782424525,-46.7027292778548,3580,26
4807,sao paulo,SP,-23.7138436266083,-46.698589363698694,3580,26
4809,sao paulo,SP,-23.7169162140575,-46.6946931701463,3580,26
4810,sao paulo,SP,-23.7113583244994,-46.6979482747887,3580,26
4811,sao paulo,SP,-23.7104190624306,-46.6932544119831,3580,26
4812,sao paulo,SP,-23.7131900551296,-46.6874065413583,3580,26
4813,sao paulo,SP,-23.7203259080993,-46.68700521655,3580,26
4814,sao paulo,SP,-23.7254803518838,-46.6785271765819,3580,26
4815,sao paulo,SP,-23.7038084622485,-46.691298009855,3580,26
4816,sao paulo,SP,-23.7051574579969,-46.6863247950912,3580,26
4820,sao paulo,SP,-23.7362772145184,-46.6870712536504,3580,26
4821,sao paulo,SP,-23.725766825941495,-46.687430681818,3580,26
4822,sao paulo,SP,-23.733265735203,-46.6903535610111,3580,26
4823,sao paulo,SP,-23.7244807534988,-46.6952499514884,3580,26
4824,sao paulo,SP,-23.7300835476706,-46.6950820169565,3580,26
4826,sao paulo,SP,-23.7232902623067,-46.7101893930017,3580,26
4827,sao paulo,SP,-23.7216149772255,-46.7017825002926,3580,26
4828,sao paulo,SP,-23.7256549308044,-46.7044517423108,3580,26
4829,sao paulo,SP,-23.7301421951291,-46.709509467378005,3580,26
4830,sao paulo,SP,-23.7317737329564,-46.7012648182494,3580,26
4831,sao paulo,SP,-23.734513562006004,-46.7136467794469,3580,26
4832,sao paulo,SP,-23.7347698039145,-46.7156064857112,3580,26
4833,sao paulo,SP,-23.7434975494253,-46.706328705967,3580,26
4835,sao paulo,SP,-23.7376348039351,-46.7048116811512,3580,26
4836,sao paulo,SP,-23.743821187219897,-46.7102150191007,3580,26
4837,sao paulo,SP,-23.7428991673438,-46.7044153866856,3580,26
4840,sao paulo,SP,-23.7554077289231,-46.6829826557768,3580,26
4841,sao paulo,SP,-23.7387089129222,-46.6893329890294,3580,26
4842,sao paulo,SP,-23.7449699960229,-46.6852868564639,3580,26
4843,sao paulo,SP,-23.7428773967898,-46.6944174501566,3580,26
4844,sao paulo,SP,-23.751069522562,-46.7017691108203,3580,26
4845,sao paulo,SP,-23.7470723294429,-46.6912951526418,3580,26
4846,sao paulo,SP,-23.7447845907051,-46.6781425002647,3580,26
4847,sao paulo,SP,-23.7546829818988,-46.69631496000451,3580,26
4848,sao paulo,SP,-23.7327486658784,-46.6775280267135,3580,26
4849,sao paulo,SP,-23.719311100887,-46.6603971582893,3580,26
4850,sao paulo,SP,-23.7479473640495,-46.6818058860365,3580,26
4851,sao paulo,SP,-23.7315951838411,-46.6666169115548,3580,26
4852,sao paulo,SP,-23.760912773955,-46.670855845806,3580,26
4853,sao paulo,SP,-23.7683030486931,-46.6738534578373,3580,26
4854,sao paulo,SP,-23.7469370652455,-46.6907951446087,3580,26
4855,sao paulo,SP,-23.7582572674964,-46.6807144971101,3580,26
4856,sao paulo,SP,-23.769909984438,-46.6860905807787,3580,26
4857,sao paulo,SP,-23.7639730208048,-46.6880814788021,3580,26
4858,sao paulo,SP,-23.771696125483,-46.7125190853858,3580,26
4859,sao paulo,SP,-23.7662969105331,-46.704548405254,3580,26
4860,sao paulo,SP,-23.761872476919205,-46.7146394704995,3580,26
4862,sao paulo,SP,-23.7619119057688,-46.69940765182471,3580,26
4863,sao paulo,SP,-23.7621676552591,-46.7063777936596,3580,26
4864,sao paulo,SP,-23.7682941843437,-46.7210479976083,3580,26
4865,sao paulo,SP,-23.7832485891611,-46.70641046985801,3580,26
4866,sao paulo,SP,-23.7865058054811,-46.7177086579006,3580,26
4870,sao paulo,SP,-23.7576312250208,-46.7560918692431,3580,26
4875,sao paulo,SP,-23.8206022184152,-46.6853599225643,3580,26
4877,sao paulo,SP,-23.8608621328631,-46.6445290727419,3580,26
4880,sao paulo,SP,-23.7883604918702,-46.7202503743915,3580,26
4881,sao paulo,SP,-23.794332165926,-46.7304048672215,3580,26
4882,sao paulo,SP,-23.8093105094364,-46.7571104740263,3580,26
4883,sao paulo,SP,-23.8133300508238,-46.73497439694301,3580,26
4884,sao paulo,SP,-23.8019351507609,-46.7026800871286,3580,26
4888,sao paulo,SP,-23.8270275039237,-46.73683874914,3580,26
4890,sao paulo,SP,-23.828685909251,-46.7227851653599,3580,26
4891,sao paulo,SP,-23.8026907629342,-46.7315007793443,3580,26
4892,sao paulo,SP,-23.8466464246361,-46.7151459921311,3580,26
4893,sao paulo,SP,-23.8080317745922,-46.6866961080817,3580,26
4894,sao paulo,SP,-23.8479757871512,-46.752135744345,3580,26
4895,sao paulo,SP,-23.812123595741202,-46.6987882533675,3580,26
4896,sao paulo,SP,-23.8412310116464,-46.7071353150265,3580,26
4902,sao paulo,SP,-23.671915260631,-46.7326371562659,3580,26
4904,sao paulo,SP,-23.6737940851545,-46.7374253758439,3580,26
4905,sao paulo,SP,-23.674725263248202,-46.750602067104595,3580,26
4909,sao paulo,SP,-23.6789399555278,-46.7362812575014,3580,26
4910,sao paulo,SP,-23.6845060387883,-46.7380670286398,3580,26
4911,sao paulo,SP,-23.6803832976485,-46.7404964263862,3580,26
4912,sao paulo,SP,-23.682405165503997,-46.744600616921,3580,26
4913,sao paulo,SP,-23.6770395728766,-46.7406946938321,3580,26
4914,sao paulo,SP,-23.6764193949125,-46.7452517350607,3580,26
4915,sao paulo,SP,-23.6814255293572,-46.7482854251199,3580,26
4916,sao paulo,SP,-23.6857886824544,-46.7507108265923,3580,26
4917,sao paulo,SP,-23.6863440066905,-46.7458790817917,3580,26
4918,sao paulo,SP,-23.6906360318882,-46.7446901362188,3580,26
4920,sao paulo,SP,-23.6917370363286,-46.7567580537886,3580,26
4921,sao paulo,SP,-23.6946722054036,-46.7520037393038,3580,26
4922,sao paulo,SP,-23.6907229637333,-46.7392880011143,3580,26
4923,sao paulo,SP,-23.7044424929752,-46.748147010983,3580,26
4925,sao paulo,SP,-23.7060927389305,-46.7456252385251,3580,26
4926,sao paulo,SP,-23.702746731171,-46.7412524325494,3580,26
4929,sao paulo,SP,-23.6998867383,-46.7652351624964,3580,26
4930,sao paulo,SP,-23.6804358545049,-46.75272666182631,3580,26
4931,sao paulo,SP,-23.6804707461518,-46.7556332079941,3580,26
4932,sao paulo,SP,-23.6794183101148,-46.756205885248995,3580,26
4935,sao paulo,SP,-23.6844094326522,-46.7672422115552,3580,26
4937,sao paulo,SP,-23.686027264004,-46.7612229247773,3580,26
4938,sao paulo,SP,-23.6900248950288,-46.761409007806,3580,26
4939,sao paulo,SP,-23.690235587689,-46.7703899384844,3580,26
4940,sao paulo,SP,-23.6885628795948,-46.7661378716235,3580,26
4941,sao paulo,SP,-23.7007741474504,-46.7744696184002,3580,26
4942,sao paulo,SP,-23.6977513085868,-46.7755176645447,3580,26
4943,sao paulo,SP,-23.7053001611238,-46.7882651125252,3580,26
4944,sao paulo,SP,-23.7113693190196,-46.7763940075772,3580,26
4945,sao paulo,SP,-23.7133896017312,-46.7782692693661,3580,26
4948,sao paulo,SP,-23.7034872884903,-46.7804812364049,3580,26
4949,sao paulo,SP,-23.7203359066438,-46.7698361242601,3580,26
4950,sao paulo,SP,-23.7225740723375,-46.7591252898328,3580,26
4951,sao paulo,SP,-23.7273287226504,-46.7585347158024,3580,26
4960,sao paulo,SP,-23.7239695368371,-46.7826376274758,3580,26
4961,sao paulo,SP,-23.6819932133077,-46.7559507111053,3580,26
4962,sao paulo,SP,-23.7363209331086,-46.7825821622499,3580,26
4963,sao paulo,SP,-23.749259460589,-46.7790984660139,3580,26
4965,sao paulo,SP,-23.7380876656479,-46.7779996206221,3580,26
4966,sao paulo,SP,-23.7275652585898,-46.7839572784209,3580,26
5001,sao paulo,SP,-23.5274748213626,-46.6737936724571,3580,26
5002,sao paulo,SP,-23.5295076647868,-46.6735475825288,3580,26
5003,sao paulo,SP,-23.5275901289752,-46.6756928214875,3580,26
5004,sao paulo,SP,-23.532683468084404,-46.6655863142147,3580,26
5005,sao paulo,SP,-23.5323448211993,-46.6712807379727,3580,26
5006,sao paulo,SP,-23.5351013463954,-46.6677915943693,3580,26
5007,sao paulo,SP,-23.5347760944901,-46.6717650052448,3580,26
5008,sao paulo,SP,-23.5345734034923,-46.6751095899006,3580,26
5009,sao paulo,SP,-23.5341311717111,-46.6785910399737,3580,26
5010,sao paulo,SP,-23.5351958042324,-46.6798136283144,3580,26
5011,sao paulo,SP,-23.5357833355511,-46.6817146094127,3580,26
5012,sao paulo,SP,-23.5390328895948,-46.6793327030182,3580,26
5013,sao paulo,SP,-23.5376691099951,-46.6681402248854,3580,26
5014,sao paulo,SP,-23.536591894837,-46.6701207894523,3580,26
5015,sao paulo,SP,-23.5358765471093,-46.6709388514791,3580,26
5016,sao paulo,SP,-23.5381371487334,-46.6767883913836,3580,26
5017,sao paulo,SP,-23.5371136722384,-46.67967840241481,3580,26
5018,sao paulo,SP,-23.5348803418627,-46.6805692207545,3580,26
5019,sao paulo,SP,-23.5345730140703,-46.682293134182,3580,26
5020,sao paulo,SP,-23.5347694616169,-46.6841682760405,3580,26
5021,sao paulo,SP,-23.5327040214655,-46.6848503448632,3580,26
5022,sao paulo,SP,-23.5348468150363,-46.68845234110089,3580,26
5023,sao paulo,SP,-23.5304003487077,-46.6848088453225,3580,26
5024,sao paulo,SP,-23.5301417226496,-46.6854094289102,3580,26
5025,sao paulo,SP,-23.5338415717031,-46.6882129123514,3580,26
5026,sao paulo,SP,-23.5305716460244,-46.6894127973102,3580,26
5027,sao paulo,SP,-23.5322972339266,-46.6923777572736,3580,26
5028,sao paulo,SP,-23.537065449334495,-46.692842833062,3580,26
5029,sao paulo,SP,-23.5410459514738,-46.6938459874558,3580,26
5030,sao paulo,SP,-23.5420731018136,-46.6917576694248,3580,26
5033,sao paulo,SP,-23.5231577756337,-46.6853207255736,3580,26
5034,sao paulo,SP,-23.5115175775073,-46.6838007824744,3580,26
5036,sao paulo,SP,-23.515676072388,-46.6882327533575,3580,26
5037,sao paulo,SP,-23.5136227076998,-46.6890800411769,3580,26
5038,sao paulo,SP,-23.5146088942932,-46.6990445368581,3580,26
5041,sao paulo,SP,-23.5238599410923,-46.6958055426396,3580,26
5042,sao paulo,SP,-23.5248597174575,-46.6920100854627,3580,26
5043,sao paulo,SP,-23.5257006061152,-46.6916917465098,3580,26
5044,sao paulo,SP,-23.5286078681014,-46.6947181105375,3580,26
5045,sao paulo,SP,-23.5288023440075,-46.6952971804059,3580,26
5046,sao paulo,SP,-23.5304933945887,-46.6977689730933,3580,26
5047,sao paulo,SP,-23.5253525241063,-46.6994037883536,3580,26
5048,sao paulo,SP,-23.5312592303284,-46.6973544798067,3580,26
5049,sao paulo,SP,-23.5270983670144,-46.7005444306136,3580,26
5050,sao paulo,SP,-23.523494575847,-46.701412136581,3580,26
5051,sao paulo,SP,-23.5274302082852,-46.6960283848603,3580,26
5054,sao paulo,SP,-23.5402640636362,-46.7001126397182,3580,26
5055,sao paulo,SP,-23.5326664816857,-46.7031344654782,3580,26
5056,sao paulo,SP,-23.5324148093303,-46.705115400038295,3580,26
5057,sao paulo,SP,-23.5321329946663,-46.7072109799557,3580,26
5058,sao paulo,SP,-23.5320324234655,-46.7083456905595,3580,26
5059,sao paulo,SP,-23.5334934384488,-46.7113009791481,3580,26
5060,sao paulo,SP,-23.5286423122684,-46.7086178027887,3580,26
5061,sao paulo,SP,-23.5395535954975,-46.7047187788583,3580,26
5065,sao paulo,SP,-23.5188449946195,-46.6955727149982,3580,26
5068,sao paulo,SP,-23.5162367100038,-46.702254839546,3580,26
5069,sao paulo,SP,-23.5145591906674,-46.7066972657944,3580,26
5072,sao paulo,SP,-23.5214222493268,-46.703484441467,3580,26
5073,sao paulo,SP,-23.5228970020522,-46.7062787673809,3580,26
5074,sao paulo,SP,-23.5198687162197,-46.7055926418981,3580,26
5075,sao paulo,SP,-23.5227581698698,-46.7087293758442,3580,26
5076,sao paulo,SP,-23.5220734659066,-46.7102224391498,3580,26
5077,sao paulo,SP,-23.520468042333295,-46.720518894555504,3580,26
5080,sao paulo,SP,-23.52734772117,-46.7142320940568,3580,26
5081,sao paulo,SP,-23.527230725986,-46.7145994552231,3580,26
5083,sao paulo,SP,-23.5329561600415,-46.716796816499,3580,26
5084,sao paulo,SP,-23.5297417650164,-46.7217414848661,3580,26
5085,sao paulo,SP,-23.526011231022597,-46.7288876487389,3580,26
5086,sao paulo,SP,-23.5240192194707,-46.7287184356454,3580,26
5087,sao paulo,SP,-23.5243082016164,-46.7258936268634,3580,26
5088,sao paulo,SP,-23.5253528808869,-46.7263616496889,3580,26
5089,sao paulo,SP,-23.5204334835336,-46.7266892540134,3580,26
5092,sao paulo,SP,-23.5122312883671,-46.7151799982711,3580,26
5093,sao paulo,SP,-23.5162331681116,-46.7199632718779,3580,26
5095,sao paulo,SP,-23.5119749492118,-46.7178202623046,3580,26
5101,sao paulo,SP,-23.504891211204203,-46.7265880497473,3580,26
5102,sao paulo,SP,-23.5176703387585,-46.7506927372415,3580,26
5103,sao paulo,SP,-23.5141915503629,-46.7527969954524,3580,26
5104,sao paulo,SP,-23.513877059587497,-46.756217745051,3580,26
5105,sao paulo,SP,-23.512098356339,-46.7573291023446,3580,26
5106,sao paulo,SP,-23.5109339910075,-46.7363275665959,3580,26
5107,sao paulo,SP,-23.5182665871351,-46.7516850883042,3580,26
5108,sao paulo,SP,-23.5093242359637,-46.7580595664094,3580,26
5109,sao paulo,SP,-23.5038415738784,-46.7605780775038,3580,26
5110,sao paulo,SP,-23.4937039874391,-46.7503508239519,3580,26
5114,sao paulo,SP,-23.5078228767461,-46.7520616903789,3580,26
5115,sao paulo,SP,-23.5102368888233,-46.7504368285794,3580,26
5116,sao paulo,SP,-23.512655542442,-46.7465413538589,3580,26
5117,sao paulo,SP,-23.5133806378406,-46.7435576574827,3580,26
5119,sao paulo,SP,-23.4943819149182,-46.7360257074337,3580,26
5120,sao paulo,SP,-23.5119294084081,-46.7313836915229,3580,26
5121,sao paulo,SP,-23.5075950945135,-46.7299639665852,3580,26
5122,sao paulo,SP,-23.5049785209167,-46.7348960355011,3580,26
5123,sao paulo,SP,-23.5055488885998,-46.7379687156953,3580,26
5124,sao paulo,SP,-23.504508609704,-46.7363909966885,3580,26
5125,sao paulo,SP,-23.5027230373824,-46.738727859109,3580,26
5126,sao paulo,SP,-23.5021255691306,-46.741142143638,3580,26
5127,sao paulo,SP,-23.4975446503228,-46.7389413765567,3580,26
5128,sao paulo,SP,-23.4928080114716,-46.740701708848,3580,26
5131,sao paulo,SP,-23.4987892018677,-46.7441402352785,3580,26
5132,sao paulo,SP,-23.5051893989104,-46.7446668198236,3580,26
5133,sao paulo,SP,-23.4928774709643,-46.7434986534946,3580,26
5134,sao paulo,SP,-23.487749966107,-46.7441016165148,3580,26
5135,sao paulo,SP,-23.4937359982342,-46.7483056783395,3580,26
5136,sao paulo,SP,-23.5009884255362,-46.7487624623107,3580,26
5138,sao paulo,SP,-23.4847697002179,-46.7341427320339,3580,26
5140,sao paulo,SP,-23.4899800821953,-46.7271204199777,3580,26
5141,pirituba,SP,-23.4920240338139,-46.7289840604539,2874,26
5143,sao paulo,SP,-23.496211271622403,-46.7223876573133,3580,26
5144,sao paulo,SP,-23.499829130207,-46.7225173652808,3580,26
5145,sao paulo,SP,-23.5032573615208,-46.7203540282077,3580,26
5154,sao paulo,SP,-23.4952964294571,-46.7465803002357,3580,26
5158,sao paulo,SP,-23.4897996656307,-46.7589778392152,3580,26
5159,sao paulo,SP,-23.4879721766917,-46.7521277926122,3580,26
5160,sao paulo,SP,-23.4858454810502,-46.7506116383056,3580,26
5161,sao paulo,SP,-23.4858164954797,-46.7563053565803,3580,26
5162,sao paulo,SP,-23.4815504350495,-46.7557640935627,3580,26
5164,sao paulo,SP,-23.484390681973405,-46.7191491682647,3580,26
5165,sao paulo,SP,-23.4819443184217,-46.7529532797884,3580,26
5170,sao paulo,SP,-23.4835833755717,-46.7480705429701,3580,26
5171,sao paulo,SP,-23.4776383718734,-46.7492199571964,3580,26
5172,sao paulo,SP,-23.4813140161452,-46.7434496425512,3580,26
5174,sao paulo,SP,-23.479934887284305,-46.7421774550736,3580,26
5175,sao paulo,SP,-23.475339939016397,-46.7385487944511,3580,26
5176,sao paulo,SP,-23.4770628027988,-46.7119118052204,3580,26
5177,sao paulo,SP,-23.482640537537,-46.7456187343933,3580,26
5180,sao paulo,SP,-23.4589468208461,-46.7495370876368,3580,26
5181,sao paulo,SP,-23.4558614585128,-46.7440915867643,3580,26
5182,sao paulo,SP,-23.450665352098,-46.7462846646247,3580,26
5183,sao paulo,SP,-23.4526361346331,-46.752399260352,3580,26
5184,sao paulo,SP,-23.4568784056075,-46.7549108978404,3580,26
5185,sao paulo,SP,-23.4415134797524,-46.7479073519549,3580,26
5186,sao paulo,SP,-23.434724295187703,-46.751447996209,3580,26
5187,sao paulo,SP,-23.444640304669303,-46.7504751993753,3580,26
5201,sao paulo,SP,-23.4130454734098,-46.7236777557743,3580,26
5202,sao paulo,SP,-23.4020645222036,-46.7471440449866,3580,26
5203,sao paulo,SP,-23.4075938042285,-46.7463690658329,3580,26
5204,sao paulo,SP,-23.4076190879928,-46.7552357572215,3580,26
5205,sao paulo,SP,-23.4095321693943,-46.76428344937549,3580,26
5206,sao paulo,SP,-23.4045793579055,-46.7631966692935,3580,26
5207,sao paulo,SP,-23.3987751210252,-46.7528746530233,3580,26
5208,sao paulo,SP,-23.4133069253391,-46.7544795375698,3580,26
5209,sao paulo,SP,-23.4315140524038,-46.7271295445074,3580,26
5210,sao paulo,SP,-23.4300762444669,-46.747212147009,3580,26
5211,sao paulo,SP,-23.4089887130798,-46.7593886779352,3580,26
5212,sao paulo,SP,-23.4153469988441,-46.74744352238239,3580,26
5215,sao paulo,SP,-23.3918087644221,-46.7349396965097,3580,26
5223,sao paulo,SP,-23.4096110761534,-46.739768532358504,3580,26
5240,sao paulo,SP,-23.4294803121547,-46.7637907283525,3580,26
5263,sao paulo,SP,-23.5126057705797,-46.5614569509731,3580,26
5265,sao paulo,SP,-23.4511517233236,-46.7900925923417,3580,26
5266,sao paulo,SP,-23.4462280049918,-46.79981906045881,3580,26
5267,sao paulo,SP,-23.4406079614119,-46.7923558097282,3580,26
5268,sao paulo,SP,-23.4408554554361,-46.7839862653328,3580,26
5269,sao paulo,SP,-23.4335007836471,-46.7891794632869,3580,26
5270,sao paulo,SP,-23.5449158459946,-46.6483166064161,3580,26
5271,sao paulo,SP,-23.4297097859319,-46.7942297245877,3580,26
5272,sao paulo,SP,-23.4772733514738,-46.767405233108,3580,26
5273,sao paulo,SP,-23.4381424437337,-46.7957170642567,3580,26
5280,sao paulo,SP,-23.4379094496268,-46.7706999664859,3580,26
5282,sao paulo,SP,-23.4639839091365,-46.7549566966999,3580,26
5283,sao paulo,SP,-23.4415865076491,-46.7753047983822,3580,26
5302,sao paulo,SP,-23.5305615728737,-46.7268870724816,3580,26
5303,sao  paulo,SP,-23.5276810326547,-46.7306233231468,3401,26
5304,sao paulo,SP,-23.5242077961747,-46.735168117522,3580,26
5305,sao paulo,SP,-23.5319698124575,-46.7294958551239,3580,26
5307,sao paulo,SP,-23.5225704282982,-46.7421712550024,3580,26
5311,sao paulo,SP,-23.5283838261164,-46.7399542553266,3580,26
5314,sao paulo,SP,-23.5306465989443,-46.7364525529107,3580,26
5315,sao paulo,SP,-23.5333744717376,-46.7312813225711,3580,26
5316,sao paulo,SP,-23.5349487027525,-46.7339159644814,3580,26
5318,sao paulo,SP,-23.5355334587352,-46.7296372354979,3580,26
5319,sao paulo,SP,-23.5418122810108,-46.7306865177781,3580,26
5322,sao paulo,SP,-23.5396214188325,-46.7514623374368,3580,26
5323,sao paulo,SP,-23.5434008390951,-46.7525128548948,3580,26
5327,sao paulo,SP,-23.5452929772419,-46.7576464275095,3580,26
5328,sao paulo,SP,-23.5428857822956,-46.7559675214514,3580,26
5329,sao paulo,SP,-23.5734939930843,-46.73790458644,3580,26
5330,sao paulo,SP,-23.5429372937688,-46.7481929173854,3580,26
5331,sao paulo,SP,-23.545383325422,-46.7487830675092,3580,26
5332,sao paulo,SP,-23.5461982487691,-46.747279312714305,3580,26
5333,sao paulo,SP,-23.5426214975193,-46.7437779042513,3580,26
5334,sao paulo,SP,-23.5479795725363,-46.74671014273,3580,26
5335,sao paulo,SP,-23.5461884868946,-46.7536072660551,3580,26
5336,sao paulo,SP,-23.54492482952,-46.7533303963378,3580,26
5337,sao paulo,SP,-23.5521866287384,-46.7497208088132,3580,26
5338,sao paulo,SP,-23.5531202597661,-46.7498088199347,3580,26
5339,sao paulo,SP,-23.5544741935037,-46.7554875368452,3580,26
5340,sao paulo,SP,-23.553150909841303,-46.75517660424381,3580,26
5343,sao paulo,SP,-23.554080174559,-46.750765255586906,3580,26
5344,sao paulo,SP,-23.553024977467,-46.745243882093,3580,26
5345,sao paulo,SP,-23.5513435320317,-46.7441820911063,3580,26
5346,sao paulo,SP,-23.5560175945295,-46.7444443395459,3580,26
5347,sao paulo,SP,-23.5534622624111,-46.7383141533787,3580,26
5348,sao paulo,SP,-23.5475313870477,-46.7370526401254,3580,26
5350,sao paulo,SP,-23.5675701782306,-46.754432683651295,3580,26
5351,sao paulo,SP,-23.5594901370787,-46.7547504198152,3580,26
5352,sao paulo,SP,-23.555571407503,-46.7588270636616,3580,26
5353,sao paulo,SP,-23.560339094133603,-46.7509158709102,3580,26
5356,sao paulo,SP,-23.5632399432622,-46.7536079832051,3580,26
5358,sao paulo,SP,-23.5719087142621,-46.750044111974,3580,26
5359,sao paulo,SP,-23.570043504777,-46.7442423892334,3580,26
5360,sao paulo,SP,-23.568729215612496,-46.7383389400338,3580,26
5361,sao paulo,SP,-23.5665034023404,-46.74846875222389,3580,26
5362,sao paulo,SP,-23.572660592822,-46.740920436603,3580,26
5363,sao paulo,SP,-23.5729930764175,-46.7471263960001,3580,26
5364,sao paulo,SP,-23.5714543783883,-46.752200205841,3580,26
5365,sao paulo,SP,-23.5761281637153,-46.7477894516277,3580,26
5366,sao paulo,SP,-23.5777766568588,-46.7560862876133,3580,26
5367,sao paulo,SP,-23.571902802099,-46.7553013576648,3580,26
5368,sao paulo,SP,-23.5786985455742,-46.7522589998026,3580,26
5372,sao paulo,SP,-23.5798303030248,-46.7575135269601,3580,26
5373,sao paulo,SP,-23.5836015603304,-46.7585858116202,3580,26
5374,sao paulo,SP,-23.5792254716699,-46.7605402680695,3580,26
5376,sao paulo,SP,-23.5809279749159,-46.7665245603292,3580,26
5379,sao paulo,SP,-23.5658173015211,-46.752687507558,3580,26
5382,sao paulo,SP,-23.5746343614182,-46.7619868394205,3580,26
5386,sao paulo,SP,-23.5651230837285,-46.7597439681667,3580,26
5387,sao paulo,SP,-23.5658989985101,-46.7649982835851,3580,26
5388,sao paulo,SP,-23.5691760491928,-46.7634067136189,3580,26
5396,sao paulo,SP,-23.5732832169312,-46.7698224001728,3580,26
5397,sao paulo,SP,-23.5796390875184,-46.7755880392699,3580,26
5398,sao paulo,SP,-23.5741251705867,-46.7778392814048,3580,26
5399,sao paulo,SP,-23.5747177932399,-46.7791461693028,3580,26
5401,sao paulo,SP,-23.5635261722626,-46.6771694729687,3580,26
5402,sao paulo,SP,-23.564254398809805,-46.678684296960306,3580,26
5403,sao paulo,SP,-23.557614503447905,-46.6691173794898,3580,26
5404,sao paulo,SP,-23.5638381282732,-46.6837187169312,3580,26
5405,sao paulo,SP,-23.560480994979,-46.6824982447193,3580,26
5406,sao paulo,SP,-23.558221837932205,-46.6789567043353,3580,26
5407,sao paulo,SP,-23.5599832253329,-46.6850370176674,3580,26
5408,sao paulo,SP,-23.5591908868348,-46.6832581671578,3580,26
5409,sao paulo,SP,-23.5574143609689,-46.6749889940701,3580,26
5410,sao paulo,SP,-23.555368925355996,-46.6772095719393,3580,26
5411,sao paulo,SP,-23.5584198333955,-46.6775438516592,3580,26
5412,sao paulo,SP,-23.5567614926258,-46.680414964365,3580,26
5413,sao paulo,SP,-23.5597658796491,-46.6800093008146,3580,26
5414,sao paulo,SP,-23.5619588871298,-46.6814570153256,3580,26
5415,sao paulo,SP,-23.562654420175797,-46.6838535341099,3580,26
5416,sao paulo,SP,-23.5609485766727,-46.6884223318783,3580,26
5417,sao paulo,SP,-23.561433895535803,-46.6898460136753,3580,26
5418,sao paulo,SP,-23.5640470152968,-46.6895536204089,3580,26
5419,sao paulo,SP,-23.5623202740612,-46.6944491870014,3580,26
5420,sao paulo,SP,-23.5652054946882,-46.691373341005296,3580,26
5421,sao paulo,SP,-23.5649527578518,-46.692056896983,3580,26
5422,sao paulo,SP,-23.5669220541586,-46.6874461505322,3580,26
5423,sao paulo,SP,-23.570008834650604,-46.694256298057006,3580,26
5424,sao paulo,SP,-23.5687707072459,-46.6981096352316,3580,26
5425,sao paulo,SP,-23.5691856161259,-46.7001073310405,3580,26
5427,sao paulo,SP,-23.5633829397171,-46.6960428694889,3580,26
5428,sao paulo,SP,-23.5632180659501,-46.6982144417441,3580,26
5429,sao paulo,SP,-23.5619521570808,-46.6993245944268,3580,26
5432,sao paulo,SP,-23.5571521838911,-46.6897577707754,3580,26
5433,sao paulo,SP,-23.5522914382719,-46.6911974478408,3580,26
5434,sao paulo,SP,-23.5554427813293,-46.6909641580488,3580,26
5435,sao paulo,SP,-23.5516396129785,-46.6904423128059,3580,26
5436,sao paulo,SP,-23.554461114753497,-46.6853538753702,3580,26
5437,sao paulo,SP,-23.5447978651695,-46.6920570636909,3580,26
5438,sao paulo,SP,-23.5452632946782,-46.6915248497602,3580,26
5439,sao paulo,SP,-23.5496015789814,-46.6894021775847,3580,26
5440,sao paulo,SP,-23.5472562581415,-46.6914252102525,3580,26
5441,sao paulo,SP,-23.5458047680507,-46.6950314754008,3580,26
5442,sao paulo,SP,-23.5444284203429,-46.6973026207845,3580,26
5443,sao paulo,SP,-23.5530817634362,-46.6957489591852,3580,26
5444,sao paulo,SP,-23.557442816232,-46.69725962760899,3580,26
5445,sao paulo,SP,-23.552318105469897,-46.69818329551109,3580,26
5446,sao paulo,SP,-23.5537215307553,-46.700429249157,3580,26
5447,sao paulo,SP,-23.5485468244934,-46.70027374625139,3580,26
5448,sao paulo,SP,-23.546398864472696,-46.7005934916576,3580,26
5449,sao paulo,SP,-23.5459333248891,-46.7049562148512,3580,26
5450,sao paulo,SP,-23.548041323922302,-46.7061992288908,3580,26
5451,sao paulo,SP,-23.542711372117605,-46.7024758237861,3580,26
5452,sao paulo,SP,-23.5442664927477,-46.7081080216463,3580,26
5453,sao paulo,SP,-23.5423168654389,-46.7075847423793,3580,26
5454,sao paulo,SP,-23.5410018016609,-46.7104887571407,3580,26
5455,sao paulo,SP,-23.5413830393612,-46.7118544715892,3580,26
5459,sao paulo,SP,-23.5579217432237,-46.7029285304141,3580,26
5460,sao paulo,SP,-23.5508515393711,-46.7111208554936,3580,26
5462,sao paulo,SP,-23.5589645749722,-46.7044504194329,3580,26
5463,sao paulo,SP,-23.5586933940254,-46.7078856542167,3580,26
5464,sao paulo,SP,-23.5506270373452,-46.714827602997,3580,26
5465,sao paulo,SP,-23.5541491354498,-46.7160173943535,3580,26
5466,sao paulo,SP,-23.551116413594,-46.7187765759468,3580,26
5468,sao paulo,SP,-23.539050227122804,-46.715773064756,3580,26
5469,sao paulo,SP,-23.5411281759438,-46.7195574522078,3580,26
5470,sao paulo,SP,-23.5408384326805,-46.7236879438864,3580,26
5477,sao paulo,SP,-23.5519537264412,-46.7222678069626,3580,26
5501,sao paulo,SP,-23.570807810334,-46.7049520621546,3580,26
5502,sao paulo,SP,-23.5769502874624,-46.7045131405767,3580,26
5503,sao paulo,SP,-23.570211693584596,-46.7108396348956,3580,26
5508,sao paulo,SP,-23.5610221225743,-46.7277852024041,3580,26
5509,sao paulo,SP,-23.5709462654261,-46.7111722044864,3580,26
5510,sao paulo,SP,-23.5729647675772,-46.7090420738807,3580,26
5511,sao paulo,SP,-23.576611945076404,-46.7086653458236,3580,26
5512,sao paulo,SP,-23.583879052782,-46.7182552429144,3580,26
5514,sao paulo,SP,-23.5840067871387,-46.6878833963882,3580,26
5515,sao paulo,SP,-23.5801571593552,-46.7143063606433,3580,26
5516,sao paulo,SP,-23.5817262074827,-46.7179392537822,3580,26
5518,sao paulo,SP,-23.5861671659169,-46.7270021009961,3580,26
5519,sao paulo,SP,-23.5890610060605,-46.7310331960079,3580,26
5520,sao paulo,SP,-23.5980582775701,-46.7407163427088,3580,26
5521,sao paulo,SP,-23.5886548896889,-46.7266543009221,3580,26
5522,sao paulo,SP,-23.5922348935898,-46.7364142314179,3580,26
5523,sao paulo,SP,-23.5937103196963,-46.7402129449631,3580,26
5524,sao paulo,SP,-23.597017937639,-46.7427654146974,3580,26
5525,sao paulo,SP,-23.6017997505155,-46.7518006585952,3580,26
5527,sao paulo,SP,-23.5953145054193,-46.746804052779,3580,26
5528,sao paulo,SP,-23.5946180277704,-46.7572422773272,3580,26
5529,sao paulo,SP,-23.5929672869798,-46.73607617353971,3580,26
5530,sao paulo,SP,-23.5766980214909,-46.7170518493048,3580,26
5531,sao paulo,SP,-23.5794837428471,-46.7227412096996,3580,26
5533,sao paulo,SP,-23.5829309328606,-46.7247107283396,3580,26
5535,sao paulo,SP,-23.583270893164,-46.7314402339564,3580,26
5536,sao paulo,SP,-23.5888150378755,-46.7389463147123,3580,26
5537,sao paulo,SP,-23.5859354322302,-46.7350317274377,3580,26
5538,sao paulo,SP,-23.5884825968447,-46.7379082928683,3580,26
5539,sao paulo,SP,-23.5759376550546,-46.7272156418339,3580,26
5540,sao paulo,SP,-23.5761915431861,-46.723989293767,3580,26
5541,sao paulo,SP,-23.5882874661021,-46.7417098838985,3580,26
5542,sao paulo,SP,-23.5876345929321,-46.749335674871794,3580,26
5543,sao paulo,SP,-23.5887645789109,-46.7401051466408,3580,26
5544,sao paulo,SP,-23.5936207783729,-46.7661457620218,3580,26
5545,sao paulo,SP,-23.5866531874099,-46.766901126399,3580,26
5546,sao paulo,SP,-23.5865086380711,-46.7700756538096,3580,26
5547,sao paulo,SP,-23.5932892919031,-46.7725054166559,3580,26
5549,sao paulo,SP,-23.597134879586,-46.7661582063479,3580,26
5550,sao paulo,SP,-23.5782324354681,-46.7611667178408,3580,26
5551,sao paulo,SP,-23.5891378523056,-46.7612446387824,3580,26
5560,sao paulo,SP,-23.5880640911155,-46.7801627794338,3580,26
5564,sao paulo,SP,-23.5916812356092,-46.7703383216836,3580,26
5565,sao paulo,SP,-23.595660012825803,-46.7890835231447,3580,26
5567,sao paulo,SP,-23.5940273012226,-46.78617343575089,3580,26
5568,sao paulo,SP,-23.590078051176203,-46.786073821697606,3580,26
5569,sao paulo,SP,-23.6003020973954,-46.793517788543,3580,26
5570,sao paulo,SP,-23.6035737872959,-46.795146489247,3580,26
5571,sao paulo,SP,-23.5945559424023,-46.7874887112718,3580,26
5572,sao paulo,SP,-23.5967468277852,-46.7954058660439,3580,26
5573,sao paulo,SP,-23.5852637472502,-46.740592462983,3580,26
5574,sao paulo,SP,-23.5883800957787,-46.8024267346338,3580,26
5576,sao paulo,SP,-23.5871372609776,-46.7784724884392,3580,26
5577,sao paulo,SP,-23.5849887401565,-46.7672318437531,3580,26
5579,sao paulo,SP,-23.5713951500802,-46.7131307450312,3580,26
5580,sao paulo,SP,-23.5729955791306,-46.7175139396825,3580,26
5581,sao paulo,SP,-23.5717688501483,-46.7223076540316,3580,26
5582,sao paulo,SP,-23.5737498112186,-46.7288458885118,3580,26
5583,sao paulo,SP,-23.5832754290792,-46.7871157604463,3580,26
5584,sao paulo,SP,-23.5804276944052,-46.791063284985,3580,26
5585,sao paulo,SP,-23.5711160334193,-46.7253260835674,3580,26
5586,sao paulo,SP,-23.570722273326297,-46.7285707987962,3580,26
5587,sao paulo,SP,-23.5719391383778,-46.7255350834425,3580,26
5588,sao paulo,SP,-23.576016577083696,-46.7411863663499,3580,26
5589,sao paulo,SP,-23.5757690628246,-46.7381109150376,3580,26
5590,sao paulo,SP,-23.5756369337055,-46.7327365312949,3580,26
5591,sao paulo,SP,-23.5788267941324,-46.7324637790122,3580,26
5592,sao paulo,SP,-23.5792374013251,-46.7371798961234,3580,26
5593,sao paulo,SP,-23.5812049142116,-46.73674861991841,3580,26
5594,sao paulo,SP,-23.5825410736494,-46.73993690651189,3580,26
5595,sao paulo,SP,-23.5804105867346,-46.7427622793501,3580,26
5596,sao paulo,SP,-23.5810075765839,-46.7462060022269,3580,26
5601,sao paulo,SP,-23.5819529588772,-46.700468373696,3580,26
5606,sao paulo,SP,-23.5802076656012,-46.7058472794845,3580,26
5609,sao paulo,SP,-23.580863190483,-46.7088264530594,3580,26
5611,sao paulo,SP,-23.5853079486427,-46.7126296498713,3580,26
5612,sao paulo,SP,-23.591520031839497,-46.7089710258459,3580,26
5613,sao paulo,SP,-23.589908109211603,-46.7126102383826,3580,26
5614,sao paulo,SP,-23.5952151616827,-46.711367565132,3580,26
5615,sao paulo,SP,-23.587305819532002,-46.7174070996152,3580,26
5616,sao paulo,SP,-23.5884565905383,-46.7193384197981,3580,26
5617,sao paulo,SP,-23.5912819985594,-46.7200305498674,3580,26
5618,sao paulo,SP,-23.590310151882004,-46.7235724588193,3580,26
5619,sao paulo,SP,-23.5911961881341,-46.7270957906258,3580,26
5621,sao paulo,SP,-23.5977452447455,-46.7230305529194,3580,26
5622,sao paulo,SP,-23.5991109324714,-46.7248550153348,3580,26
5623,sao paulo,SP,-23.6009059297523,-46.7267132436567,3580,26
5624,sao paulo,SP,-23.5952848526643,-46.7281985360584,3580,26
5625,sao paulo,SP,-23.5962334509197,-46.7304520809181,3580,26
5626,sao paulo,SP,-23.5945488721814,-46.7334831941169,3580,26
5627,sao paulo,SP,-23.5953592422213,-46.7322988627733,3580,26
5628,sao paulo,SP,-23.5996146583136,-46.7307143172879,3580,26
5629,sao paulo,SP,-23.6038267498361,-46.7292744837283,3580,26
5630,sao paulo,SP,-23.611530670672497,-46.7363666210412,3580,26
5632,sao paulo,SP,-23.5995355865072,-46.7354363715478,3580,26
5633,sao paulo,SP,-23.6000147918168,-46.7396865924674,3580,26
5634,sao paulo,SP,-23.6063754444146,-46.7374914207506,3580,26
5635,sao paulo,SP,-23.6028360684029,-46.7360043282324,3580,26
5638,sao paulo,SP,-23.6074762481966,-46.7403578912671,3580,26
5639,sao paulo,SP,-23.609249296342696,-46.7402897162201,3580,26
5640,sao paulo,SP,-23.6163939762647,-46.7398470197997,3580,26
5641,sao paulo,SP,-23.6180887777801,-46.7368804833937,3580,26
5642,sao paulo,SP,-23.6216953283566,-46.7360229276192,3580,26
5650,sao paulo,SP,-23.6108617118702,-46.6992790666683,3580,26
5652,sao paulo,SP,-23.5980848742601,-46.7169077871318,3580,26
5653,sao paulo,SP,-23.6014295151973,-46.7174104416415,3580,26
5655,sao paulo,SP,-23.6087773222775,-46.7162540501744,3580,26
5656,sao paulo,SP,-23.6129214861552,-46.7205692921432,3580,26
5657,sao paulo,SP,-23.6204542298718,-46.7170002335454,3580,26
5658,sao paulo,SP,-23.6034076652787,-46.7226868491843,3580,26
5659,sao paulo,SP,-23.6094205703347,-46.7239060429064,3580,26
5661,sao paulo,SP,-23.6106692820161,-46.7261603575683,3580,26
5662,sao paulo,SP,-23.6120925559196,-46.7249323613704,3580,26
5663,sao paulo,SP,-23.6140119925366,-46.7268386411184,3580,26
5664,sao paulo,SP,-23.6176119976988,-46.723795627785,3580,26
5665,sao paulo,SP,-23.6188584375361,-46.7285900357695,3580,26
5673,sao paulo,SP,-23.5909295183837,-46.7012937198065,3580,26
5675,sao paulo,SP,-23.5949980258686,-46.7007123158678,3580,26
5676,sao paulo,SP,-23.5969648662619,-46.698618438976006,3580,26
5678,sao paulo,SP,-23.5981111029687,-46.7046722680569,3580,26
5679,sao paulo,SP,-23.601465264332102,-46.7012923176357,3580,26
5683,sao paulo,SP,-23.6047737578452,-46.7080790262332,3580,26
5684,sao paulo,SP,-23.6070659807455,-46.7045843675285,3580,26
5685,sao paulo,SP,-23.6070238857371,-46.7049330885658,3580,26
5686,sao paulo,SP,-23.6116643760476,-46.7028890240812,3580,26
5687,sao paulo,SP,-23.6105961850634,-46.7072833335607,3580,26
5688,sao paulo,SP,-23.6112280374601,-46.7073860203412,3580,26
5690,sao paulo,SP,-23.6153097229084,-46.7046304407905,3580,26
5692,sao paulo,SP,-23.6191446365527,-46.7058903258266,3580,26
5704,sao paulo,SP,-23.628925781639897,-46.720174952614705,3580,26
5705,sao paulo,SP,-23.6258455496102,-46.7211593099751,3580,26
5706,sao paulo,SP,-23.6283638700456,-46.7247837758888,3580,26
5707,sao paulo,SP,-23.6408888729666,-46.7298381340502,3580,26
5709,sao paulo,SP,-23.6178639006074,-46.7417722102373,3580,26
5710,sao paulo,SP,-23.6091103795159,-46.7450361683903,3580,26
5711,sao paulo,SP,-23.6132327783661,-46.7437239191256,3580,26
5712,sao paulo,SP,-23.6213235188688,-46.7301914074408,3580,26
5713,sao paulo,SP,-23.6263726773904,-46.7303339627247,3580,26
5715,sao paulo,SP,-23.6291121642778,-46.732070759005,3580,26
5716,sao paulo,SP,-23.6304531536948,-46.7338865927318,3580,26
5717,sao paulo,SP,-23.6346176540428,-46.7323347377113,3580,26
5723,sao paulo,SP,-23.6419445824089,-46.7323466995942,3580,26
5724,sao paulo,SP,-23.632809633485003,-46.7357135751784,3580,26
5725,sao paulo,SP,-23.6248256034914,-46.7361222380906,3580,26
5726,sao paulo,SP,-23.6254689272348,-46.7413502270357,3580,26
5727,sao paulo,SP,-23.6266482450248,-46.73950894543499,3580,26
5728,sao paulo,SP,-23.6322123175838,-46.7391925522534,3580,26
5729,sao paulo,SP,-23.6346070261456,-46.7358818444748,3580,26
5730,sao paulo,SP,-23.6349709210606,-46.7414301323891,3580,26
5731,sao paulo,SP,-23.6403748417726,-46.742821863887706,3580,26
5734,sao paulo,SP,-23.625698962888098,-46.7434681207221,3580,26
5735,sao paulo,SP,-23.6288849568578,-46.748994374141,3580,26
5736,sao paulo,SP,-23.633674728747696,-46.74639478258829,3580,26
5741,sao paulo,SP,-23.6106412702489,-46.7478539874335,3580,26
5743,sao paulo,SP,-23.6122080899753,-46.7535947337687,3580,26
5745,sao paulo,SP,-23.6145330959671,-46.751972288522,3580,26
5749,sao paulo,SP,-23.6199063572747,-46.7466731434943,3580,26
5750,sao paulo,SP,-23.6156200587193,-46.7465757791403,3580,26
5752,sao paulo,SP,-23.6185745686151,-46.7520209700731,3580,26
5754,sao paulo,SP,-23.619760069994495,-46.7540301557563,3580,26
5755,sao paulo,SP,-23.6207424198774,-46.7563256573046,3580,26
5756,sao paulo,SP,-23.6244386752793,-46.7550166572935,3580,26
5757,sao paulo,SP,-23.6245432912871,-46.7599747430435,3580,26
5758,sao paulo,SP,-23.6288988657777,-46.7637949047853,3580,26
5759,sao paulo,SP,-23.6302197669412,-46.7662610004665,3580,26
5760,sao paulo,SP,-23.6324675682107,-46.7665693391265,3580,26
5761,sao paulo,SP,-23.6354890599432,-46.7665933395869,3580,26
5762,sao paulo,SP,-23.6409374102565,-46.7633743708034,3580,26
5763,sao paulo,SP,-23.6436482265982,-46.75901937537,3580,26
5765,sao paulo,SP,-23.6292638113192,-46.7567613615054,3580,26
5766,sao paulo,SP,-23.6309174498963,-46.7548082680386,3580,26
5767,sao paulo,SP,-23.6321143483353,-46.7607703773481,3580,26
5772,sao paulo,SP,-23.6395602680076,-46.7554958100434,3580,26
5773,sao paulo,SP,-23.6350249860381,-46.7550116548017,3580,26
5774,sao paulo,SP,-23.6337193529996,-46.7500923084884,3580,26
5775,sao paulo,SP,-23.635449930960295,-46.7533573899374,3580,26
5776,sao paulo,SP,-23.6367314337332,-46.7465840343947,3580,26
5777,sao paulo,SP,-23.6457222438111,-46.7530386079759,3580,26
5778,sao paulo,SP,-23.6417777612904,-46.7522448854385,3580,26
5780,sao paulo,SP,-23.6471235612357,-46.7526404172649,3580,26
5781,sao paulo,SP,-23.6519998046337,-46.7603352032659,3580,26
5782,sao paulo,SP,-23.651293938017,-46.7668534572327,3580,26
5783,sao paulo,SP,-23.6451369108587,-46.7691811685305,3580,26
5784,sao paulo,SP,-23.620161421583095,-46.7616531855606,3580,26
5785,sao paulo,SP,-23.62480660667,-46.7664865026969,3580,26
5786,sao paulo,SP,-23.6351916711376,-46.7724959785078,3580,26
5787,sao paulo,SP,-23.6197949892543,-46.759485838786794,3580,26
5788,sao paulo,SP,-23.6317080530311,-46.7736611884878,3580,26
5789,sao paulo,SP,-23.6477002069401,-46.7777061426648,3580,26
5790,sao paulo,SP,-23.6418631429033,-46.7854421694917,3580,26
5791,sao paulo,SP,-23.646361017056005,-46.7845132625386,3580,26
5792,sao paulo,SP,-23.6387988500898,-46.7730500149084,3580,26
5793,sao paulo,SP,-23.6392205671706,-46.7752460337949,3580,26
5794,sao paulo,SP,-23.6414560010285,-46.7710715119735,3580,26
5795,sao paulo,SP,-23.6465607790576,-46.7758795793881,3580,26
5796,sao paulo,SP,-23.6503109188931,-46.7744321553768,3580,26
5797,sao paulo,SP,-23.6547792214469,-46.7723915505219,3580,26
5798,sao paulo,SP,-23.6574014622104,-46.7680659152618,3580,26
5801,sao paulo,SP,-23.647168759594603,-46.7344908570635,3580,26
5802,sao paulo,SP,-23.6585997434601,-46.7255073604174,3580,26
5804,sao paulo,SP,-23.6483172917075,-46.7317455252467,3580,26
5805,sao paulo,SP,-23.6533225132935,-46.7345111925561,3580,26
5812,sao paulo,SP,-23.6558338512184,-46.7341153545948,3580,26
5813,sao paulo,SP,-23.6549090671779,-46.7316988493745,3580,26
5814,sao paulo,SP,-23.6597205249693,-46.7322508346205,3580,26
5815,sao paulo,SP,-23.661960826078296,-46.7357843166111,3580,26
5816,sao paulo,SP,-23.6669380249698,-46.7390759037541,3580,26
5818,sao paulo,SP,-23.6650245582983,-46.7317206448706,3580,26
5819,sao paulo,SP,-23.6658421542537,-46.7365656930585,3580,26
5820,sao paulo,SP,-23.6653449072942,-46.7400419769836,3580,26
5821,sao paulo,SP,-23.6673792408027,-46.7511662568025,3580,26
5822,sao paulo,SP,-23.6630765139854,-46.75205847166111,3580,26
5830,sao paulo,SP,-23.669413407127696,-46.745023721464,3580,26
5831,sao paulo,SP,-23.6722954992599,-46.7478683962504,3580,26
5832,sao paulo,SP,-23.6730647332926,-46.7514013312965,3580,26
5833,sao paulo,SP,-23.6709123554066,-46.7591704616808,3580,26
5834,sao paulo,SP,-23.6700751272751,-46.7551472171951,3580,26
5835,sao paulo,SP,-23.6502558485913,-46.7537247047579,3580,26
5836,sao paulo,SP,-23.6462384394635,-46.7375652169695,3580,26
5841,sao paulo,SP,-23.645944113812096,-46.742842329041,3580,26
5842,sao paulo,SP,-23.6502783450826,-46.7442045089391,3580,26
5843,sao paulo,SP,-23.6512187822991,-46.7369240659949,3580,26
5844,sao paulo,SP,-23.6570861552011,-46.740618578699,3580,26
5845,sao paulo,SP,-23.6541669394016,-46.7425815881254,3580,26
5846,sao paulo,SP,-23.6555013457539,-46.7424018433187,3580,26
5847,sao paulo,SP,-23.6542702675092,-46.7486195063238,3580,26
5848,sao paulo,SP,-23.6581951923038,-46.7599235266454,3580,26
5849,sao paulo,SP,-23.6523661778401,-46.7557533719574,3580,26
5850,sao paulo,SP,-23.65838321878,-46.753803867916,3580,26
5851,sao paulo,SP,-23.663599015383,-46.7563776492714,3580,26
5852,sao paulo,SP,-23.6661248608513,-46.7574527069409,3580,26
5853,sao paulo,SP,-23.6595568610065,-46.7517726890963,3580,26
5854,sao paulo,SP,-23.6608856366886,-46.7621073979442,3580,26
5855,sao paulo,SP,-23.6625588237212,-46.7643374290373,3580,26
5856,sao paulo,SP,-23.6516635437776,-46.7842869898941,3580,26
5857,sao paulo,SP,-23.656789411025,-46.780533071354,3580,26
5858,sao paulo,SP,-23.6674887695238,-46.7823062449215,3580,26
5859,sao paulo,SP,-23.667212022587098,-46.7704327550181,3580,26
5860,sao paulo,SP,-23.6647673624393,-46.7665717075282,3580,26
5861,sao paulo,SP,-23.6716248830579,-46.764656926410304,3580,26
5863,sao paulo,SP,-23.6769181474718,-46.7661859631981,3580,26
5864,sao paulo,SP,-23.6752739697657,-46.76131088661359,3580,26
5866,sao paulo,SP,-23.677643516690704,-46.769685876164296,3580,26
5867,sao paulo,SP,-23.6730094295467,-46.7700916984954,3580,26
5868,sao paulo,SP,-23.6661061808805,-46.7793400025003,3580,26
5869,sao paulo,SP,-23.677335289458,-46.7713808970302,3580,26
5870,sao paulo,SP,-23.6806120499444,-46.7725658198552,3580,26
5871,sao paulo,SP,-23.6849289782791,-46.772812421192,3580,26
5872,sao paulo,SP,-23.6856316881488,-46.7760697154813,3580,26
5873,sao paulo,SP,-23.689963155377,-46.7785475781671,3580,26
5874,sao paulo,SP,-23.6795848897893,-46.772884926648295,3580,26
5875,sao paulo,SP,-23.690846164162895,-46.7781473900497,3580,26
5876,sao paulo,SP,-23.6972822563519,-46.793711170242,3580,26
5877,sao paulo,SP,-23.691886310998,-46.7906822694464,3580,26
5878,sao paulo,SP,-23.689802953993695,-46.7848099156076,3580,26
5879,sao paulo,SP,-23.6887133886745,-46.7926113537614,3580,26
5880,sao paulo,SP,-23.6866888508929,-46.7882954726457,3580,26
5881,sao paulo,SP,-23.6814305428092,-46.7781462293423,3580,26
5882,sao paulo,SP,-23.6807425532732,-46.7842242751812,3580,26
5883,sao paulo,SP,-23.676587757335,-46.7794149512543,3580,26
5884,sao paulo,SP,-23.6715532789588,-46.7759833273274,3580,26
5885,sao paulo,SP,-23.6750280616797,-46.7856557040095,3580,26
5886,sao paulo,SP,-23.6805769364683,-46.79243711105179,3580,26
5887,sao paulo,SP,-23.6783777664341,-46.7975686676687,3580,26
5888,sao paulo,SP,-23.6731380568433,-46.792230838708,3580,26
5889,sao paulo,SP,-23.6676178725025,-46.7836493526588,3580,26
5890,sao paulo,SP,-23.6656429912012,-46.7886177246305,3580,26
5891,sao paulo,SP,-23.6630089073019,-46.7917410991234,3580,26
5892,sao paulo,SP,-23.6612581406202,-46.786396657422,3580,26
5893,sao paulo,SP,-23.6580272033921,-46.79033209723351,3580,26
5894,sao paulo,SP,-23.6524714340627,-46.7885830448554,3580,26
6010,osasco,SP,-23.5354638596495,-46.7680625706706,2577,26
6013,osasco,SP,-23.5318761484301,-46.7771632697361,2577,26
6016,osasco,SP,-23.5324634260934,-46.7795430751612,2577,26
6018,osasco,SP,-23.5408999919613,-46.7761129698149,2577,26
6020,osasco,SP,-23.5384781693616,-46.7616216858418,2577,26
6023,osasco,SP,-23.5434392100647,-46.7703162660923,2577,26
6026,osasco,SP,-23.551579822740496,-46.7638749856226,2577,26
6028,osasco,SP,-23.5461356426017,-46.7672637698052,2577,26
6030,osasco,SP,-23.5570786364375,-46.7675787518962,2577,26
6033,osasco,SP,-23.5604207079015,-46.7778997563301,2577,26
6036,osasco,SP,-23.5580759394366,-46.7760209639107,2577,26
6038,osasco,SP,-23.5655302976219,-46.7783672326699,2577,26
6040,osasco,SP,-23.5692987923646,-46.7831081266282,2577,26
6045,osasco,SP,-23.572885906855003,-46.7928778650194,2577,26
6050,osasco,SP,-23.5601717679818,-46.7870899539363,2577,26
6053,osasco,SP,-23.5591147795387,-46.7876255587467,2577,26
6056,osasco,SP,-23.5662929897966,-46.787821372127,2577,26
6060,osasco,SP,-23.5530544689285,-46.7819809847004,2577,26
6065,osasco,SP,-23.5550065082425,-46.7903447222238,2577,26
6070,osasco,SP,-23.5481467243535,-46.7805288287108,2577,26
6075,osasco,SP,-23.5494902990859,-46.787830918951805,2577,26
6080,osasco,SP,-23.5435328706,-46.78492157358,2577,26
6083,osasco,SP,-23.5421052761005,-46.7787284272765,2577,26
6086,osasco,SP,-23.5346530202026,-46.7850642027234,2577,26
6090,osasco,SP,-23.5333212002629,-46.7822554164701,2577,26
6093,osasco,SP,-23.5300205093574,-46.7827680573558,2577,26
6097,osasco,SP,-23.5285490921168,-46.779788326644,2577,26
6110,osasco,SP,-23.5315877754592,-46.7914251115897,2577,26
6112,osasco,SP,-23.5364018448675,-46.7959957435397,2577,26
6114,osasco,SP,-23.533560116307495,-46.7978046358042,2577,26
6120,osasco,SP,-23.541894808607896,-46.7917886599295,2577,26
6122,osasco,SP,-23.5423135687051,-46.7988167548846,2577,26
6124,osasco,SP,-23.5466876329278,-46.7981097844953,2577,26
6126,osasco,SP,-23.5515997428132,-46.79452337779019,2577,26
6130,osasco,SP,-23.5575512444089,-46.7967872159958,2577,26
6132,osasco,SP,-23.5565596907549,-46.79838841332341,2577,26
6140,osasco,SP,-23.5765256413854,-46.8008742876186,2577,26
6142,osasco,SP,-23.569548092281,-46.7978643123329,2577,26
6144,osasco,SP,-23.5669326125287,-46.800935610121705,2577,26
6145,osasco,SP,-23.570069601776,-46.8029593876762,2577,26
6147,osasco,SP,-23.578696544453503,-46.8077302608583,2577,26
6149,osasco,SP,-23.5818111225658,-46.8134160285939,2577,26
6150,osasco,SP,-23.5702559013954,-46.8113080319288,2577,26
6152,osasco,SP,-23.5636138089087,-46.8036089932798,2577,26
6154,osasco,SP,-23.5600558829609,-46.8044683595317,2577,26
6160,osasco,SP,-23.5574193613552,-46.81212888634081,2577,26
6162,osasco,SP,-23.5535570388897,-46.8091396247884,2577,26
6170,osasco,SP,-23.545487374669,-46.804865512416896,2577,26
6172,osasco,SP,-23.5424514306075,-46.8128488818218,2577,26
6180,osasco,SP,-23.5365247500874,-46.8034105745776,2577,26
6182,osasco,SP,-23.5291069685464,-46.8124181043833,2577,26
6184,osasco,SP,-23.5384138034399,-46.8079964791547,2577,26
6186,osasco,SP,-23.5332576192826,-46.8130922159228,2577,26
6190,osasco,SP,-23.5300371737542,-46.7988821545907,2577,26
6192,osasco,SP,-23.527692837305903,-46.801349792666905,2577,26
6194,osasco,SP,-23.5253588375474,-46.8019023323728,2577,26
6210,osasco,SP,-23.5284150930824,-46.76627100055361,2577,26
6213,osasco,SP,-23.5301801753528,-46.7682227355451,2577,26
6216,osasco,SP,-23.525695396205,-46.7715912361812,2577,26
6220,osasco,SP,-23.5164949956377,-46.7823581492821,2577,26
6223,osasco,SP,-23.515745677711,-46.7776405745137,2577,26
6226,osasco,SP,-23.5082870728788,-46.7780961847314,2577,26
6230,osasco,SP,-23.5164047227284,-46.7998399571437,2577,26
6233,osasco,SP,-23.5166002572702,-46.7869736914959,2577,26
6236,osasco,SP,-23.5101078695227,-46.7873548166644,2577,26
6240,osasco,SP,-23.503984478867505,-46.8055530673729,2577,26
6243,osasco,SP,-23.5035532350582,-46.798254264149,2577,26
6246,osasco,SP,-23.4988585599982,-46.8070657775311,2577,26
6250,osasco,SP,-23.5006565053713,-46.7960034027345,2577,26
6253,osasco,SP,-23.4970638703892,-46.7974492791273,2577,26
6260,osasco,SP,-23.4993915260227,-46.7910429834842,2577,26
6263,osasco,SP,-23.4937969461494,-46.7965163068496,2577,26
6266,osasco,SP,-23.4932052858987,-46.7878892000215,2577,26
6268,osasco,SP,-23.500049669431,-46.7782273318451,2577,26
6270,osasco,SP,-23.4962012439874,-46.7713797715154,2577,26
6273,osasco,SP,-23.4990626897847,-46.7679385779851,2577,26
6276,osasco,SP,-23.4844563792596,-46.7750680079114,2577,26
6278,osasco,SP,-23.4788389033731,-46.7787544284289,2577,26
6280,osasco,SP,-23.5097885853919,-46.7668485367209,2577,26
6283,osasco,SP,-23.5144454733985,-46.7681609505301,2577,26
6286,osasco,SP,-23.5065562561231,-46.7720587214558,2577,26
6288,osasco,SP,-23.5023633751823,-46.7655598437298,2577,26
6290,osasco,SP,-23.5202804073955,-46.7712884827588,2577,26
6293,osasco,SP,-23.5162951389625,-46.7628804809517,2577,26
6296,osasco,SP,-23.5181822315151,-46.7572959347303,2577,26
6298,osasco,SP,-23.5211470440011,-46.7540355613545,2577,26
6310,carapicuiba,SP,-23.5154539508379,-46.8390895145939,818,26
6311,carapicuiba,SP,-23.5208923218107,-46.845782840213,818,26
6315,carapicuiba,SP,-23.5251731811877,-46.841547676095196,818,26
6317,carapicuiba,SP,-23.5263064224027,-46.845694089115,818,26
6320,carapicuiba,SP,-23.5245563672734,-46.8362748151241,818,26
6321,carapicuiba,SP,-23.538497860152,-46.830558473741,818,26
6322,carapicuiba,SP,-23.5300758237344,-46.833395988872,818,26
6325,carapicuiba,SP,-23.5301622720625,-46.8293446231926,818,26
6326,carapicuiba,SP,-23.529281307265098,-46.82848035821579,818,26
6327,carapicuiba,SP,-23.5331230377722,-46.8239540322751,818,26
6328,carapicuiba,SP,-23.5290824751084,-46.8259559895418,818,26
6329,carapicuiba,SP,-23.5389354272579,-46.8217919843517,818,26
6330,carapicuiba,SP,-23.5555184508474,-46.8283386323743,818,26
6331,carapicuiba,SP,-23.5436674335414,-46.82868349456171,818,26
6332,carapicuiba,SP,-23.5488059671776,-46.8302404532343,818,26
6333,carapicuiba,SP,-23.559724738660105,-46.831541229455205,818,26
6334,carapicuiba,SP,-23.5444789884805,-46.8320789437343,818,26
6335,carapicuiba,SP,-23.5548223209637,-46.8337586671895,818,26
6340,carapicuiba,SP,-23.5673864948979,-46.8242502911642,818,26
6341,carapicuiba,SP,-23.5725180019573,-46.81995277003689,818,26
6342,carapicuiba,SP,-23.579756621576404,-46.8253584568645,818,26
6343,carapicuiba,SP,-23.5685297561331,-46.8331525396056,818,26
6350,carapicuiba,SP,-23.574742387339,-46.8559435681991,818,26
6351,carapicuiba,SP,-23.569093979337804,-46.8636300019798,818,26
6355,carapicuiba,SP,-23.5597946935377,-46.8602295140063,818,26
6360,carapicuiba,SP,-23.5588863766654,-46.8391293042931,818,26
6361,carapicuiba,SP,-23.5568019016885,-46.8462246822889,818,26
6362,carapicuiba,SP,-23.5542759810498,-46.841445544172,818,26
6363,carapicuiba,SP,-23.5678315498089,-46.838614402226106,818,26
6364,carapicuiba,SP,-23.5656303501901,-46.8422982495959,818,26
6365,carapicuiba,SP,-23.5529461034722,-46.8508234493068,818,26
6380,carapicuiba,SP,-23.54191207813,-46.8372100534743,818,26
6381,carapicuiba,SP,-23.5458043750033,-46.8388232474432,818,26
6382,carapicuiba,SP,-23.5497847848333,-46.8391570899916,818,26
6385,carapicuiba,SP,-23.5420578662395,-46.843123923491596,818,26
6386,carapicuiba,SP,-23.5325717512928,-46.8428229312194,818,26
6387,carapicuiba,SP,-23.5513499403652,-46.8351418873452,818,26
6390,carapicuiba,SP,-23.540294961501,-46.8529899249737,818,26
6394,carapicuiba,SP,-23.5250455421384,-46.8569542466829,818,26
6395,carapicuiba,SP,-23.5323260907477,-46.8502245058651,818,26
6396,carapicuiba,SP,-23.5294709871312,-46.853979941532,818,26
6397,carapicuiba,SP,-23.5309300383942,-46.8583290207694,818,26
6401,barueri,SP,-23.5094585782076,-46.8810805602068,432,26
6402,barueri,SP,-23.5083943039145,-46.8792378618429,432,26
6404,barueri,SP,-23.5064491550637,-46.8686082107065,432,26
6406,barueri,SP,-23.5017455746386,-46.8870324143839,432,26
6407,barueri,SP,-23.5000642447066,-46.8905594758527,432,26
6408,barueri,SP,-23.4955565486114,-46.8853869692418,432,26
6409,barueri,SP,-23.4941577158528,-46.8961061427786,432,26
6410,barueri,SP,-23.501621140431002,-46.8672342134941,432,26
6411,barueri,SP,-23.5014371437469,-46.8744182446693,432,26
6412,barueri,SP,-23.4972009971137,-46.8809924823809,432,26
6413,barueri,SP,-23.4871257309914,-46.8787438856518,432,26
6414,barueri,SP,-23.4935517853301,-46.8717040152687,432,26
6415,barueri,SP,-23.4904780357306,-46.8889592205568,432,26
6416,barueri,SP,-23.4869262924944,-46.892835688754,432,26
6417,barueri,SP,-23.486149393236,-46.8839405751763,432,26
6418,barueri,SP,-23.4828873472481,-46.8857870972202,432,26
6419,barueri,SP,-23.4769336602607,-46.8853003707425,432,26
6420,barueri,SP,-23.5122185863325,-46.8959580366403,432,26
6421,barueri,SP,-23.5086523299736,-46.901255116349,432,26
6422,barueri,SP,-23.5167294434777,-46.8999873944535,432,26
6423,barueri,SP,-23.4973857183504,-46.9060978181574,432,26
6428,barueri,SP,-23.4965303844632,-46.957728929539506,432,26
6429,barueri,SP,-23.489687895881,-46.9529151581441,432,26
6433,barueri,SP,-23.5261075100884,-46.888007837323094,432,26
6434,barueri,SP,-23.5299168949694,-46.8892605311882,432,26
6435,barueri,SP,-23.5316561325262,-46.8842021029804,432,26
6436,barueri,SP,-23.5377003377388,-46.8888839245842,432,26
6437,barueri,SP,-23.5443354523004,-46.8887469883121,432,26
6440,barueri,SP,-23.510921698357603,-46.85992348533069,432,26
6443,barueri,SP,-23.5394544756611,-46.8643619431848,432,26
6445,barueri,SP,-23.529154256437902,-46.8647692469026,432,26
6447,barueri,SP,-23.5414516152828,-46.8771567845353,432,26
6448,barueri,SP,-23.5480112436493,-46.8756940180497,432,26
6449,barueri,SP,-23.542121519278503,-46.8686738162582,432,26
6453,barueri,SP,-23.4970779913945,-46.8510583749141,432,26
6454,barueri,SP,-23.4957864761612,-46.847483452538796,432,26
6455,barueri,SP,-23.501123941885798,-46.849701628693,432,26
6458,barueri,SP,-23.491276753167,-46.8259053863774,432,26
6460,barueri,SP,-23.4987960889355,-46.8330581644621,432,26
6462,barueri,SP,-23.4853970803328,-46.8097937941415,432,26
6463,barueri,SP,-23.5024035227845,-46.813463361391,432,26
6465,barueri,SP,-23.498520694082103,-46.850537076300604,432,26
6470,barueri,SP,-23.494760442519,-46.8586548365461,432,26
6471,barueri,SP,-23.4864771652054,-46.8533762888649,432,26
6472,barueri,SP,-23.4852615428957,-46.8526213036733,432,26
6473,barueri,SP,-23.4836740502613,-46.8634770028411,432,26
6474,barueri,SP,-23.4877584762863,-46.84622191461781,432,26
6501,santana de parnaiba,SP,-23.4440286724835,-46.9155091313608,3334,26
6502,santana de parnaiba,SP,-23.4453559379894,-46.9249826933008,3334,26
6503,santana de parnaiba,SP,-23.4562769148297,-46.9371937225799,3334,26
6504,santana de parnaiba,SP,-23.4396465981653,-46.9365531199308,3334,26
6505,santana de parnaiba,SP,-23.4121327444948,-46.9412447712655,3334,26
6506,santana de parnaiba,SP,-23.4186138667853,-46.9588763354141,3334,26
6509,santana de parnaiba,SP,-23.4518579243655,-46.94689737160079,3334,26
6513,santana de parnaiba,SP,-23.4615734036359,-46.915295071691,3334,26
6515,santana de parnaiba,SP,-23.4737026862345,-46.8965127230786,3334,26
6516,santana de parnaiba,SP,-23.481048256774,-46.89353670548049,3334,26
6519,santana de parnaiba,SP,-23.4913321311254,-46.963781254503,3334,26
6523,santana de parnaiba,SP,-23.4934959739571,-47.0006339239178,3334,26
6526,santana de parnaiba,SP,-23.4294839462173,-46.9219822992425,3334,26
6528,santana de parnaiba,SP,-23.4082921292417,-46.897232123625,3334,26
6529,santana de parnaiba,SP,-23.4042579438817,-46.8834522230797,3334,26
6530,santana de parnaiba,SP,-23.4106489206135,-46.8847941482416,3334,26
6531,santana de parnaiba,SP,-23.4205719839644,-46.8751874074677,3334,26
6532,santana de parnaiba,SP,-23.442130195896,-46.887924770537,3334,26
6533,santana de parnaiba,SP,-23.4221362262235,-46.8736140533559,3334,26
6535,santana de parnaiba,SP,-23.4254983226163,-46.8557306376901,3334,26
6537,santana de parnaiba,SP,-23.429046276039603,-46.82684649058021,3334,26
6539,santana de parnaiba,SP,-23.4650394514115,-46.884996663725,3334,26
6540,santana de parnaiba,SP,-23.4539182989725,-46.882587845905,3334,26
6541,santana de parnaiba,SP,-23.4629858710174,-46.872641068231,3334,26
6542,santana de parnaiba,SP,-23.473605666149798,-46.86850015314061,3334,26
6543,santana de parnaiba,SP,-23.4699442771673,-46.8480674102241,3334,26
6544,santana de parnaiba,SP,-23.463703230285805,-46.85247290281739,3334,26
6550,pirapora do bom jesus,SP,-23.4030477324338,-46.9951162515626,2860,26
6600,jandira,SP,-23.5323538316136,-46.9013522897809,1912,26
6602,jandira,SP,-23.5342574769635,-46.8974844154748,1912,26
6604,jandira,SP,-23.5392794989697,-46.9040208474664,1912,26
6606,jandira,SP,-23.5329493958226,-46.907331151321,1912,26
6608,jandira,SP,-23.5338068029354,-46.9148995802399,1912,26
6612,jandira,SP,-23.5209781915701,-46.9190628035414,1912,26
6616,jandira,SP,-23.5246641385678,-46.911195973225,1912,26
6618,jandira,SP,-23.5249658011392,-46.8987319788479,1912,26
6620,jandira,SP,-23.547298476646,-46.8925049147832,1912,26
6622,jandira,SP,-23.5467033594029,-46.8998362401937,1912,26
6624,jandira,SP,-23.5481804321707,-46.9103600299053,1912,26
6626,jandira,SP,-23.5415920934824,-46.9116044214114,1912,26
6630,jandira,SP,-23.5553003814558,-46.8903468030535,1912,26
6631,jandira,SP,-23.5449982824523,-46.9043034134251,1912,26
6634,jandira,SP,-23.5593365108901,-46.9046536912253,1912,26
6636,jandira,SP,-23.5566199431651,-46.899040591931,1912,26
6642,jandira,SP,-23.5574494690581,-46.87728974788191,1912,26
6653,itapevi,SP,-23.5470535381493,-46.9297208816485,1804,26
6654,itapevi,SP,-23.5389058058763,-46.9241012810935,1804,26
6655,itapevi,SP,-23.5649642758727,-46.975513090087,1804,26
6656,itapevi,SP,-23.5546251399864,-46.923437247806,1804,26
6657,itapevi,SP,-23.5572977550213,-46.9291281597181,1804,26
6660,itapevi,SP,-23.5485445643365,-46.9557885663446,1804,26
6663,itapevi,SP,-23.5576474553965,-46.9397825866685,1804,26
6665,itapevi,SP,-23.5641705142673,-46.9730561427343,1804,26
6670,itapevi,SP,-23.5861129154455,-46.96536705348691,1804,26
6675,itapevi,SP,-23.5474273796967,-46.9712927651818,1804,26
6680,itapevi,SP,-23.53518676079,-46.9766082565047,1804,26
6683,itapevi,SP,-23.5395752390724,-46.9689037113673,1804,26
6690,itapevi,SP,-23.5282527371104,-46.9481967614881,1804,26
6693,itapevi,SP,-23.538140480305,-46.9460933564544,1804,26
6694,itapevi,SP,-23.5427907807433,-46.9386624426971,1804,26
6695,itapevi,SP,-23.5374952004808,-46.9544925144577,1804,26
6696,itapevi,SP,-23.523945995127097,-46.9414676204797,1804,26
6700,cotia,SP,-23.6094999322282,-46.9328076141286,1093,26
6702,cotia,SP,-23.5816054415525,-46.9294042373407,1093,26
6703,cotia,SP,-23.5967323436022,-46.9119936996867,1093,26
6704,cotia,SP,-23.5777664667747,-46.9170263439163,1093,26
6705,cotia,SP,-23.5894808229028,-46.8960970707985,1093,26
6706,cotia,SP,-23.578531639769704,-46.8742629903307,1093,26
6707,cotia,SP,-23.5900118926418,-46.87036516149251,1093,26
6708,cotia,SP,-23.5925449680521,-46.847083718085095,1093,26
6709,cotia,SP,-23.5943359299488,-46.8342569853541,1093,26
6710,cotia,SP,-23.5984807221774,-46.8322419482991,1093,26
6711,cotia,SP,-23.6060182650965,-46.8391940932632,1093,26
6712,cotia,SP,-23.6105311504864,-46.8474942082319,1093,26
6713,cotia,SP,-23.62842740833,-46.8705860405032,1093,26
6714,cotia,SP,-23.5994748775545,-46.8725880061309,1093,26
6715,cotia,SP,-23.6101412673744,-46.8766338169433,1093,26
6716,cotia,SP,-23.6077181890694,-46.8999750697434,1093,26
6717,cotia,SP,-23.6094518947795,-46.9175333108501,1093,26
6719,cotia,SP,-23.6234514422885,-46.9370382499248,1093,26
6720,cotia,SP,-23.622203763319,-46.964784543754796,1093,26
6721,cotia,SP,-23.6425306182199,-46.9768143225016,1093,26
6722,cotia,SP,-23.6379719235101,-46.9511895992838,1093,26
6725,cotia,SP,-23.6862898926453,-47.0292205138551,1093,26
6726,cotia,SP,-23.6589912854423,-47.05328447469841,1093,26
6727,cotia,SP,-23.6735410602395,-47.0234182809583,1093,26
6728,cotia,SP,-23.6723995255478,-46.9887230077367,1093,26
6729,cotia,SP,-23.7212299044229,-47.0253468895376,1093,26
6730,vargem grande paulista,SP,-23.6225788436577,-47.0127271616821,4006,26
6753,taboao da serra,SP,-23.6023042041554,-46.7559981878165,3766,26
6754,taboao da serra,SP,-23.6061347124031,-46.7574857049637,3766,26
6755,taboao da serra,SP,-23.6009497921826,-46.7655907228925,3766,26
6756,taboao da serra,SP,-23.606356279117,-46.7736001313542,3766,26
6757,taboao da serra,SP,-23.6083770612037,-46.778910684858,3766,26
6760,taboao da serra,SP,-23.6134744821038,-46.77314095001841,3766,26
6763,taboao da serra,SP,-23.6113371404292,-46.7607487124815,3766,26
6764,taboao da serra,SP,-23.6158301777352,-46.7685328252838,3766,26
6765,taboao da serra,SP,-23.6192220881003,-46.7740466020165,3766,26
6766,taboao da serra,SP,-23.6276855940736,-46.7782503339515,3766,26
6767,taboao da serra,SP,-23.6215441361901,-46.7850401889617,3766,26
6768,taboao da serra,SP,-23.6076898421052,-46.7528148157894,3766,26
6770,taboao da serra,SP,-23.636893791463695,-46.7850050450347,3766,26
6773,taboao da serra,SP,-23.6422298876,-46.791780025022,3766,26
6774,taboao da serra,SP,-23.6421794550756,-46.8003093477466,3766,26
6775,taboao da serra,SP,-23.6367037610169,-46.7941224068252,3766,26
6780,taboao da serra,SP,-23.6231923187314,-46.79148699861491,3766,26
6783,taboao da serra,SP,-23.6306864129985,-46.7892236728802,3766,26
6784,taboao da serra,SP,-23.632040669944598,-46.79080579119401,3766,26
6785,taboao da serra,SP,-23.6364656644084,-46.8060991501217,3766,26
6786,taboao da serra,SP,-23.6255561724383,-46.8078817345303,3766,26
6787,taboao da serra,SP,-23.6237001349399,-46.8003954877342,3766,26
6790,taboao da serra,SP,-23.6111756657707,-46.7867276111358,3766,26
6793,taboao da serra,SP,-23.6106879304834,-46.7670334570937,3766,26
6794,taboao da serra,SP,-23.6163073840967,-46.8072185853879,3766,26
6795,taboao da serra,SP,-23.613029598605596,-46.7974295575718,3766,26
6803,embu das artes,SP,-23.6487807276448,-46.84902416891689,1245,26
6804,embu das artes,SP,-23.6442630351533,-46.8508026035741,1245,26
6805,embu das artes,SP,-23.6341888595153,-46.8505342003465,1245,26
6806,embu,SP,-23.6358166762839,-46.8386467955901,1244,26
6807,embu das artes,SP,-23.6270049490371,-46.8231845040893,1245,26
6810,embu das artes,SP,-23.647106860004197,-46.801268653213,1245,26
6813,embu das artes,SP,-23.6513455220321,-46.8051661258643,1245,26
6814,embu das artes,SP,-23.6600891003158,-46.8144813088007,1245,26
6815,embu das artes,SP,-23.6528003949369,-46.8151010315692,1245,26
6816,embu das artes,SP,-23.6447497486813,-46.8202382806334,1245,26
6817,embu das artes,SP,-23.6342433804313,-46.820405076228,1245,26
6820,embu das artes,SP,-23.6594192686568,-46.7966692972913,1245,26
6823,embu das artes,SP,-23.6698734849973,-46.8020432062854,1245,26
6824,embu das artes,SP,-23.6763602227374,-46.8048880461591,1245,26
6825,embu das artes,SP,-23.6672989426473,-46.8114562435308,1245,26
6826,embu das artes,SP,-23.6586333903043,-46.8011506921449,1245,26
6833,embu das artes,SP,-23.6568328674286,-46.8448387695721,1245,26
6835,embu das artes,SP,-23.676703624838,-46.8511522063955,1245,26
6840,embu das artes,SP,-23.6495705398884,-46.8603968315485,1245,26
6843,embu das artes,SP,-23.6669988557963,-46.8623258435407,1245,26
6844,embu,SP,-23.6618274549461,-46.8808387614369,1244,26
6845,embu das artes,SP,-23.6418327725995,-46.8943072500898,1245,26
6846,embu,SP,-23.6355404975433,-46.8725238918125,1244,26
6850,itapecerica da serra,SP,-23.7098260121785,-46.85147897152701,1793,26
6851,itapecerica da serra,SP,-23.7180091150643,-46.8591809891387,1793,26
6852,itapecerica da serra,SP,-23.7064892251183,-46.8589416965264,1793,26
6853,itapecerica da serra,SP,-23.6908270051525,-46.8554901419816,1793,26
6855,itapecerica da serra,SP,-23.6951229262778,-46.8282699522625,1793,26
6856,itapecerica da serra,SP,-23.6931126907968,-46.806040956993,1793,26
6857,itapecerica da serra,SP,-23.7047272032198,-46.7991296705602,1793,26
6858,itapecerica da serra,SP,-23.7072696716904,-46.82548459506361,1793,26
6859,itapecerica da serra,SP,-23.709719233893,-46.8339685675861,1793,26
6863,itapecerica da serra,SP,-23.7257550679672,-46.8177868127339,1793,26
6864,itapecerica da serra,SP,-23.7442014720444,-46.801000298172504,1793,26
6865,itapecerica da serra,SP,-23.7466736363283,-46.7941491310202,1793,26
6866,itapecerica da serra,SP,-23.7550676093683,-46.8008832681135,1793,26
6867,itapecerica da serra,SP,-23.7564065527326,-46.8098721929101,1793,26
6868,itapecerica da serra,SP,-23.759727865239,-46.8251827821089,1793,26
6870,itapecerica da serra,SP,-23.7307721930688,-46.8777570244639,1793,26
6871,itapecerica da serra,SP,-23.7240554882045,-46.8566573116874,1793,26
6872,itapecerica da serra,SP,-23.7333983453858,-46.8511684857817,1793,26
6874,itapecerica da serra,SP,-23.7625461909996,-46.8441817933775,1793,26
6882,itapecerica da serra,SP,-23.7403238446017,-46.897874694825,1793,26
6885,itapecerica da serra,SP,-23.7083433186481,-46.8771997938215,1793,26
6887,itapecerica da serra,SP,-23.6918416259365,-46.8859295795987,1793,26
6888,itapecerica da serra,SP,-23.6870122227011,-46.8635188386212,1793,26
6890,sao lourenco da serra,SP,-23.8557216327472,-46.9488971090255,3543,26
6900,embu-guacu,SP,-23.8351268270498,-46.8140862850283,1247,26
6950,juquitiba,SP,-23.9418730533523,-47.0732001042556,2006,26
7010,guarulhos,SP,-23.4676679865622,-46.5295285444215,1528,26
7011,guarulhos,SP,-23.468454700874,-46.5308693469091,1528,26
7012,guarulhos,SP,-23.4718344991102,-46.5302594397588,1528,26
7013,guarulhos,SP,-23.4719883933758,-46.5253015934715,1528,26
7020,guarulhos,SP,-23.4696128764921,-46.5373826112139,1528,26
7021,guarulhos,SP,-23.4730030962181,-46.5397319025956,1528,26
7022,guarulhos,SP,-23.4745569546845,-46.537623319563,1528,26
7023,guarulhos,SP,-23.4775781957221,-46.5410430876927,1528,26
7024,guarulhos,SP,-23.4789100497378,-46.5382414849972,1528,26
7025,guarulhos,SP,-23.4828414350781,-46.5434537181932,1528,26
7030,guarulhos,SP,-23.4957013808823,-46.5496026659296,1528,26
7031,guarulhos,SP,-23.4937188514206,-46.546188563512,1528,26
7032,guarulhos,SP,-23.5038966586834,-46.5545241504119,1528,26
7033,guarulhos,SP,-23.4992252473407,-46.5549313716108,1528,26
7034,guarulhos,SP,-23.4771440285358,-46.5229138050734,1528,26
7040,guarulhos,SP,-23.4753893865198,-46.5442506615344,1528,26
7041,guarulhos,SP,-23.4832995045834,-46.5500482661095,1528,26
7042,guarulhos,SP,-23.4827503507013,-46.5503801473098,1528,26
7043,guarulhos,SP,-23.484976507403,-46.5517350181608,1528,26
7044,guarulhos,SP,-23.4816090681795,-46.5532824967274,1528,26
7050,guarulhos,SP,-23.462724463674096,-46.5521790925066,1528,26
7051,guarulhos,SP,-23.467922900231397,-46.550763123809595,1528,26
7052,guarulhos,SP,-23.472641308374,-46.5540516231402,1528,26
7053,guarulhos,SP,-23.476049555048302,-46.5559600074183,1528,26
7054,guarulhos,SP,-23.4661052996746,-46.5578369355741,1528,26
7055,guarulhos,SP,-23.467437119689105,-46.561126393674805,1528,26
7056,guarulhos,SP,-23.4602973796739,-46.5658266369608,1528,26
7060,guarulhos,SP,-23.4553157978349,-46.5468377436022,1528,26
7061,guarulhos,SP,-23.454638488378702,-46.553199022534194,1528,26
7062,guarulhos,SP,-23.4599599580031,-46.552435853877,1528,26
7063,guarulhos,SP,-23.4571635392802,-46.5571353642909,1528,26
7064,guarulhos,SP,-23.4513192309432,-46.55519810215569,1528,26
7070,guarulhos,SP,-23.4519732367555,-46.5571716758711,1528,26
7071,guarulhos,SP,-23.4535053315144,-46.5624307758928,1528,26
7072,guarulhos,SP,-23.4467783609392,-46.5554305227605,1528,26
7073,guarulhos,SP,-23.4471717579753,-46.5631568726891,1528,26
7074,guarulhos,SP,-23.4499073389668,-46.5629491765038,1528,26
7075,guarulhos,SP,-23.4254770771658,-46.5506359001164,1528,26
7076,guarulhos,SP,-23.4318704413702,-46.5631432551548,1528,26
7077,guarulhos,SP,-23.4361537840439,-46.5523320118883,1528,26
7080,guarulhos,SP,-23.4449398204427,-46.5465812010128,1528,26
7081,guarulhos,SP,-23.4434668577123,-46.5532207114385,1528,26
7082,guarulhos,SP,-23.4365371073074,-46.5441809454443,1528,26
7083,guarulhos,SP,-23.4376145322172,-46.5502238463022,1528,26
7084,guarulhos,SP,-23.4294635963135,-46.5495901080211,1528,26
7085,guarulhos,SP,-23.4277211743693,-46.5480939517509,1528,26
7090,guarulhos,SP,-23.4680652909734,-46.5349151676279,1528,26
7091,guarulhos,SP,-23.4641783633676,-46.5393353334921,1528,26
7092,guarulhos,SP,-23.463482866237,-46.5453496807625,1528,26
7093,guarulhos,SP,-23.4578962646176,-46.5406633899675,1528,26
7094,guarulhos,SP,-23.4533239685746,-46.5399339749851,1528,26
7095,guarulhos,SP,-23.461065861049402,-46.5348260520917,1528,26
7096,guarulhos,SP,-23.4512924816573,-46.5387104603694,1528,26
7097,guarulhos,SP,-23.4456553822525,-46.5415248527739,1528,26
7110,guarulhos,SP,-23.4672200427353,-46.5263944730748,1528,26
7111,guarulhos,SP,-23.464889586369,-46.5223378438637,1528,26
7112,guarulhos,SP,-23.4687042600127,-46.5161418949268,1528,26
7113,guarulhos,SP,-23.4636113321406,-46.5176765825531,1528,26
7114,guarulhos,SP,-23.4544338140372,-46.5287250366337,1528,26
7115,guarulhos,SP,-23.450764046501302,-46.5329045273347,1528,26
7120,guarulhos,SP,-23.454908399942,-46.5257715362523,1528,26
7121,guarulhos,SP,-23.451112063184,-46.5229411369532,1528,26
7122,guarulhos,SP,-23.448745875075797,-46.5179884427223,1528,26
7123,guarulhos,SP,-23.4448820208177,-46.5256080230875,1528,26
7124,guarulhos,SP,-23.4336373578108,-46.5337728247994,1528,26
7130,guarulhos,SP,-23.442492952750698,-46.5206404447161,1528,26
7131,guarulhos,SP,-23.4336188239017,-46.5252503148365,1528,26
7132,guarulhos,SP,-23.4348013858442,-46.5170254365488,1528,26
7133,guarulhos,SP,-23.436711113694,-46.5113403247446,1528,26
7134,guarulhos,SP,-23.4282914894765,-46.5131893567091,1528,26
7135,guarulhos,SP,-23.425555705618905,-46.5252915580301,1528,26
7140,guarulhos,SP,-23.4299635362627,-46.4979697291679,1528,26
7141,guarulhos,SP,-23.4287400810862,-46.5075421500177,1528,26
7142,guarulhos,SP,-23.4145316350473,-46.4905587583287,1528,26
7143,guarulhos,SP,-23.4224423045272,-46.5011562834216,1528,26
7144,guarulhos,SP,-23.4091975742004,-46.5149323320505,1528,26
7145,guarulhos,SP,-23.4146202323762,-46.4950927240301,1528,26
7150,guarulhos,SP,-23.4178092291554,-46.4629664310052,1528,26
7151,guarulhos,SP,-23.4094441430579,-46.4554882570167,1528,26
7152,guarulhos,SP,-23.4050713570718,-46.4709001374164,1528,26
7153,guarulhos,SP,-23.3781218726946,-46.4483056349238,1528,26
7154,guarulhos,SP,-23.3743351206122,-46.4487901256587,1528,26
7155,guarulhos,SP,-23.4162304038233,-46.4675854213705,1528,26
7159,guarulhos,SP,-23.382468509230602,-46.4030706222098,1528,26
7160,guarulhos,SP,-23.4106333652933,-46.445163597259906,1528,26
7161,guarulhos,SP,-23.3982499169132,-46.4383384388312,1528,26
7162,guarulhos,SP,-23.4052160642394,-46.4454827107636,1528,26
7170,guarulhos,SP,-23.431867474054897,-46.434923088301,1528,26
7171,guarulhos,SP,-23.4218737277535,-46.4368902119849,1528,26
7172,guarulhos,SP,-23.4213210461255,-46.4307690149426,1528,26
7173,guarulhos,SP,-23.4308014209812,-46.4295067888499,1528,26
7174,guarulhos,SP,-23.4249441083876,-46.42265741739791,1528,26
7175,guarulhos,SP,-23.4091869877306,-46.4021111863373,1528,26
7176,guarulhos,SP,-23.409620383290804,-46.38642615987191,1528,26
7177,guarulhos,SP,-23.4198263081049,-46.3983347205465,1528,26
7178,guarulhos,SP,-23.4006974506437,-46.3981650406493,1528,26
7179,guarulhos,SP,-23.4040459597717,-46.4187743237376,1528,26
7180,guarulhos,SP,-23.4522645400602,-46.4764407285649,1528,26
7181,guarulhos,SP,-23.444125781422,-46.4675405126894,1528,26
7182,guarulhos,SP,-23.4426698623348,-46.463681706139404,1528,26
7183,guarulhos,SP,-23.4405339882907,-46.4628146336443,1528,26
7184,guarulhos,SP,-23.4176957148205,-46.393666321922,1528,26
7190,guarulhos,SP,-23.457326156626003,-46.4971501029648,1528,26
7191,guarulhos,SP,-23.4571875156661,-46.5079552623196,1528,26
7192,guarulhos,SP,-23.452202665497,-46.5064355203956,1528,26
7193,guarulhos,SP,-23.4472850993467,-46.502478260351,1528,26
7194,guarulhos,SP,-23.442890814200897,-46.5067390292612,1528,26
7195,guarulhos,SP,-23.4477991257992,-46.5110506107013,1528,26
7196,guarulhos,SP,-23.4541062641037,-46.5115034688608,1528,26
7197,guarulhos,SP,-23.4602660755833,-46.5155051820916,1528,26
7210,guarulhos,SP,-23.4554284772036,-46.4375149341227,1528,26
7215,guarulhos,SP,-23.4597157433746,-46.445198696474,1528,26
7220,guarulhos,SP,-23.469968817553298,-46.4663961648337,1528,26
7221,guarulhos,SP,-23.4712053452819,-46.4727096824617,1528,26
7222,guarulhos,SP,-23.464532583478,-46.4725576745061,1528,26
7223,guarulhos,SP,-23.4624095557147,-46.4784470087927,1528,26
7230,guarulhos,SP,-23.4548024260534,-46.456372001135,1528,26
7231,guarulhos,SP,-23.4557352134746,-46.4641351804213,1528,26
7232,guarulhos,SP,-23.4665032410829,-46.4634731856433,1528,26
7240,guarulhos,SP,-23.4479634853528,-46.4387876460188,1528,26
7241,guarulhos,SP,-23.4469773760784,-46.4266833349984,1528,26
7242,guarulhos,SP,-23.438736681339204,-46.4226186773905,1528,26
7243,guarulhos,SP,-23.4386173883134,-46.4128755030468,1528,26
7244,guarulhos,SP,-23.446898341489,-46.41352622713189,1528,26
7250,guarulhos,SP,-23.4203950480769,-46.3749652920169,1528,26
7251,guarulhos,SP,-23.435580032958196,-46.4022602181359,1528,26
7252,guarulhos,SP,-23.441531630097,-46.4300151220888,1528,26
7260,guarulhos,SP,-23.4540831175407,-46.4275297842775,1528,26
7261,guarulhos,SP,-23.4464919958246,-46.4086264875569,1528,26
7263,guarulhos,SP,-23.4580850527479,-46.4146509551265,1528,26
7270,guarulhos,SP,-23.462049200032098,-46.428988069965,1528,26
7272,guarulhos,SP,-23.4598651280607,-46.4407863024925,1528,26
7273,guarulhos,SP,-23.4578436788238,-46.4210261756971,1528,26
7400,aruja,SP,-23.3962254272586,-46.32407559917359,317,26
7401,aruja,SP,-23.3891304354913,-46.3215221696871,317,26
7402,aruja,SP,-23.3963347818144,-46.3147056954141,317,26
7403,aruja,SP,-23.3925607520833,-46.3109386294863,317,26
7404,aruja,SP,-23.3895742611435,-46.2997100296923,317,26
7411,aruja,SP,-23.4051557805235,-46.3429670137058,317,26
7414,aruja,SP,-23.4063065233173,-46.3648379260154,317,26
7417,aruja,SP,-23.3838023770884,-46.32344343196271,317,26
7428,aruja,SP,-23.407026645928898,-46.32327742813019,317,26
7432,aruja,SP,-23.4201058472287,-46.3640469015376,317,26
7434,aruja,SP,-23.4158850271039,-46.3212475078333,317,26
7435,aruja,SP,-23.4159836673068,-46.3158637126318,317,26
7436,aruja,SP,-23.4148003762168,-46.3024819872129,317,26
7438,aruja,SP,-23.4066093983565,-46.293051199615,317,26
7500,santa isabel,SP,-23.318322777448,-46.2261069841785,3278,26
7600,mairipora,SP,-23.329721686231995,-46.5971221596479,2158,26
7700,caieiras,SP,-23.3629451133458,-46.7409668627187,651,26
7704,caieiras,SP,-23.3763052627118,-46.7506963138948,651,26
7713,caieiras,SP,-23.3528727731319,-46.7482020542427,651,26
7714,caieiras,SP,-23.3479972081154,-46.7584689252524,651,26
7715,caieiras,SP,-23.3461468537278,-46.7519015372383,651,26
7716,caieiras,SP,-23.343064913776,-46.7464371139725,651,26
7717,caieiras,SP,-23.3348031143331,-46.7525795815597,651,26
7718,caieiras,SP,-23.3375349269718,-46.7562921801884,651,26
7724,caieiras,SP,-23.3577160946474,-46.7332369986947,651,26
7726,caieiras,SP,-23.3742327444972,-46.7023687367764,651,26
7727,caieiras,SP,-23.3736570587986,-46.6771831492112,651,26
7739,caieiras,SP,-23.392741159708,-46.7136157005667,651,26
7740,caieiras,SP,-23.3912679467965,-46.7128680932358,651,26
7743,caieiras,SP,-23.3773670172691,-46.7097694545186,651,26
7744,caieiras,SP,-23.3911694448937,-46.7161447961664,651,26
7745,caieiras,SP,-23.3813268056038,-46.719014207969295,651,26
7747,caieiras,SP,-23.3908648121337,-46.718506478008,651,26
7748,caieiras,SP,-23.3914736363692,-46.7306867040691,651,26
7749,caieiras,SP,-23.3854767117738,-46.7386594856677,651,26
7750,cajamar,SP,-23.3739321030446,-46.863654135539,654,26
7752,cajamar,SP,-23.363343229176,-46.855109734170206,654,26
7756,cajamar,SP,-23.3899374741457,-46.8631406411494,654,26
7776,cajamar,SP,-23.3403949039048,-46.8440191934216,654,26
7781,cajamar,SP,-23.2855299409173,-46.8736705874533,654,26
7786,cajamar,SP,-23.334961146536596,-46.8311909454643,654,26
7787,cajamar,SP,-23.3402346132735,-46.830139519037,654,26
7788,cajamar,SP,-23.3522157418148,-46.8256991012963,654,26
7789,cajamar,SP,-23.3612742399151,-46.8478010147908,654,26
7790,cajamar,SP,-23.370879147900798,-46.8479683289585,654,26
7791,cajamar,SP,-23.406857959687,-46.86115433716919,654,26
7792,cajamar,SP,-23.4121842247114,-46.84513526301911,654,26
7793,cajamar,SP,-23.4137639848076,-46.8299227147149,654,26
7794,cajamar,SP,-23.4173679267443,-46.825501601284,654,26
7801,franco da rocha,SP,-23.3219316373647,-46.7257844074597,1387,26
7802,franco da rocha,SP,-23.3263939754964,-46.7286707056799,1387,26
7803,franco da rocha,SP,-23.3311048328902,-46.7322464460623,1387,26
7804,franco da rocha,SP,-23.3252015827458,-46.7341233295867,1387,26
7807,franco da rocha,SP,-23.3208031322617,-46.7330529320513,1387,26
7808,franco da rocha,SP,-23.3200970760612,-46.7389778943437,1387,26
7809,franco da rocha,SP,-23.3244542816079,-46.7472336010654,1387,26
7810,franco da rocha,SP,-23.3229907329291,-46.76358128129559,1387,26
7812,franco da rocha,SP,-22.9068284536769,-47.0122315834516,1387,26
7813,franco da rocha,SP,-23.3191588536444,-46.7242903772634,1387,26
7830,franco da rocha,SP,-23.302630882980605,-46.7568913260878,1387,26
7832,franco da rocha,SP,-23.00024212773,-46.8348874942305,1387,26
7835,franco da rocha,SP,-23.308468780236,-46.7435733622091,1387,26
7836,franco da rocha,SP,-23.3039173028992,-46.7412579307699,1387,26
7840,franco da rocha,SP,-23.3157730792492,-46.7314058601031,1387,26
7841,franco da rocha,SP,-23.3156245459043,-46.7374766015935,1387,26
7844,franco da rocha,SP,-23.3050509257357,-46.733904496694,1387,26
7845,franco da rocha,SP,-23.3077729244942,-46.7300699799327,1387,26
7847,franco da rocha,SP,-23.313336270481,-46.7248991828676,1387,26
7849,franco da rocha,SP,-23.3180021664737,-46.7262919952936,1387,26
7850,franco da rocha,SP,-23.3317770544375,-46.7246972306361,1387,26
7851,franco da rocha,SP,-23.3284939464299,-46.7223159615397,1387,26
7852,franco da rocha,SP,-23.325312461344804,-46.719683776338094,1387,26
7853,franco da rocha,SP,-23.3228329753503,-46.71359682291611,1387,26
7854,franco da rocha,SP,-23.3235856890263,-46.7076199649372,1387,26
7855,franco da rocha,SP,-23.3253629575826,-46.7040146429685,1387,26
7856,franco da rocha,SP,-23.3233755900302,-46.7007896245671,1387,26
7857,franco da rocha,SP,-23.3297888607525,-46.7117781648235,1387,26
7858,franco da rocha,SP,-23.3285761575761,-46.7104734454801,1387,26
7859,franco da rocha,SP,-23.329127586361597,-46.71593725251919,1387,26
7860,franco da rocha,SP,-23.319686274679,-46.7185792193265,1387,26
7861,franco da rocha,SP,-23.3160473237637,-46.7144565852494,1387,26
7862,franco da rocha,SP,-23.318994265481,-46.710242921507,1387,26
7865,franco da rocha,SP,-23.305807271033,-46.7223935803087,1387,26
7866,franco da rocha,SP,-23.3000366080716,-46.7095377214105,1387,26
7867,franco da rocha,SP,-23.3147387006615,-46.7765586708049,1387,26
7901,francisco morato,SP,-23.2828433674541,-46.7461501450526,1384,26
7902,francisco morato,SP,-23.2907370573652,-46.7426078164558,1384,26
7903,francisco morato,SP,-23.2950355120886,-46.7402594356533,1384,26
7904,francisco morato,SP,-23.29672502298,-46.736920712157,1384,26
7905,francisco morato,SP,-23.2895548269244,-46.7628936235517,1384,26
7906,francisco morato,SP,-23.2983035370316,-46.7452472822096,1384,26
7907,francisco morato,SP,-23.2969237404408,-46.7482979738219,1384,26
7909,francisco morato,SP,-23.2896239845294,-46.7446957515473,1384,26
7910,francisco morato,SP,-23.278827141086698,-46.7458889032851,1384,26
7911,francisco morato,SP,-23.2840316994753,-46.7517777589252,1384,26
7912,francisco morato,SP,-23.2903239890096,-46.7556448543374,1384,26
7913,francisco morato,SP,-23.2885539250409,-46.7618575037932,1384,26
7914,francisco morato,SP,-23.281368270259197,-46.7529802245002,1384,26
7916,francisco morato,SP,-23.277355765450995,-46.7579674887503,1384,26
7920,francisco morato,SP,-23.2715518002073,-46.7483136014232,1384,26
7929,francisco morato,SP,-23.2631157428544,-46.7550130077902,1384,26
7936,francisco morato,SP,-23.2618012272761,-46.7429479969672,1384,26
7940,francisco morato,SP,-23.2699656012272,-46.7476155440934,1384,26
7941,francisco morato,SP,-23.2687559137955,-46.7445408440687,1384,26
7942,francisco morato,SP,-23.2756324136479,-46.7383381494054,1384,26
7944,francisco morato,SP,-23.2655654992566,-46.7317458310887,1384,26
7945,francisco morato,SP,-23.2638675584327,-46.7312352532198,1384,26
7950,francisco morato,SP,-23.2730159274107,-46.7460593302733,1384,26
7951,francisco morato,SP,-23.2726924509457,-46.7325497016832,1384,26
7952,francisco morato,SP,-23.2731984469799,-46.728097628642,1384,26
7953,francisco morato,SP,-23.2651942099956,-46.7260091240151,1384,26
7955,francisco morato,SP,-23.2642304429318,-46.7208568575373,1384,26
7957,francisco morato,SP,-23.2697470120706,-46.7324928387738,1384,26
7980,francisco morato,SP,-23.2771002570174,-46.7464474431833,1384,26
7985,francisco morato,SP,-23.2848839894322,-46.704139822015,1384,26
7990,francisco morato,SP,-23.2792304291618,-46.7401738711848,1384,26
7991,francisco morato,SP,-23.283719514404698,-46.7394352109641,1384,26
7995,francisco morato,SP,-23.2955550149498,-46.7295183551188,1384,26
7997,francisco morato,SP,-23.2716351041832,-46.7356500056435,1384,26
7998,francisco morato,SP,-23.2932590421827,-46.7333593928935,1384,26
8010,sao paulo,SP,-23.4942226393258,-46.4382623619733,3580,26
8011,sao paulo,SP,-23.495362043427,-46.4467281516537,3580,26
8020,sao paulo,SP,-23.5047384963592,-46.4415119870683,3580,26
8021,sao paulo,SP,-23.5001423701294,-46.4345855489736,3580,26
8022,sao paulo,SP,-23.4937405731159,-46.4252289529964,3580,26
8030,sao paulo,SP,-23.5032057601499,-46.4222842083362,3580,26
8031,sao paulo,SP,-23.5113530774744,-46.423948504627994,3580,26
8032,sao paulo,SP,-23.5174867887871,-46.426787446358,3580,26
8040,sao paulo,SP,-23.5081190300754,-46.4488965284176,3580,26
8041,sao paulo,SP,-23.5152826583223,-46.4407560439133,3580,26
8042,sao paulo,SP,-23.508136190329896,-46.4340328085727,3580,26
8050,sao paulo,SP,-23.5112132447115,-46.45884467931,3580,26
8051,sao paulo,SP,-23.5130775378369,-46.4679890039842,3580,26
8060,sao paulo,SP,-23.5022987127478,-46.4524115927941,3580,26
8061,sao paulo,SP,-23.5027572988627,-46.4646982809088,3580,26
8062,sao paulo,SP,-23.5103173642104,-46.4731923518136,3580,26
8070,sao paulo,SP,-23.4960352047145,-46.4616683180745,3580,26
8071,sao paulo,SP,-23.4905293818688,-46.4499160805358,3580,26
8072,sao paulo,SP,-23.5115115624839,-46.4842937005647,3580,26
8080,sao paulo,SP,-23.4874221154732,-46.4300278559273,3580,26
8081,sao paulo,SP,-23.4858898930235,-46.4193466086646,3580,26
8090,sao paulo,SP,-23.4796594122573,-46.4333464049199,3580,26
8110,sao paulo,SP,-23.498318037268195,-46.399527552329,3580,26
8111,sao paulo,SP,-23.4919546858518,-46.3800639669379,3580,26
8115,sao paulo,SP,-23.4904562198829,-46.3898087676899,3580,26
8120,sao paulo,SP,-23.5032195528701,-46.3961412769611,3580,26
8121,sao paulo,SP,-23.5021338006997,-46.3841289394983,3580,26
8122,sao paulo,SP,-23.496346855830797,-46.37943319385,3580,26
8130,sao paulo,SP,-23.506883305455897,-46.3739825056258,3580,26
8131,sao paulo,SP,-23.5031441742865,-46.376239709153,3580,26
8132,sao paulo,SP,-23.5099290650499,-46.375871493142505,3580,26
8140,sao paulo,SP,-23.5112038913101,-46.3993334262378,3580,26
8141,sao paulo,SP,-23.5144865677303,-46.3921802178127,3580,26
8142,sao paulo,SP,-23.5187448402154,-46.3913465804068,3580,26
8143,sao paulo,SP,-23.516933589426,-46.4649113725148,3580,26
8150,sao paulo,SP,-23.518635254069,-46.4138066470703,3580,26
8151,sao paulo,SP,-23.518331809853,-46.4036737524103,3580,26
8152,sao paulo,SP,-23.5127844418085,-46.4068812877057,3580,26
8160,sao paulo,SP,-23.5044043487208,-46.4101465497652,3580,26
8161,sao paulo,SP,-23.5033555803062,-46.4138465515301,3580,26
8180,sao paulo,SP,-23.4926996991207,-46.4210261274988,3580,26
8190,sao paulo,SP,-23.4877758259096,-46.3939845262955,3580,26
8191,sao paulo,SP,-23.4808530136645,-46.3830582958959,3580,26
8210,sao paulo,SP,-23.5369992118758,-46.4495940637233,3580,26
8215,sao paulo,SP,-23.5398323329142,-46.4447987032002,3580,26
8220,sao paulo,SP,-23.537410323865295,-46.4665830677809,3580,26
8223,sao paulo,SP,-23.5268592204174,-46.4710720577628,3580,26
8225,sao paulo,SP,-23.5298190756255,-46.461783039724004,3580,26
8226,sao paulo,SP,-23.5522566842078,-46.5348617080857,3580,26
8230,sao paulo,SP,-23.5231446910352,-46.452949855474,3580,26
8235,sao paulo,SP,-23.5215446043514,-46.4665468568627,3580,26
8240,sao paulo,SP,-23.5235906115083,-46.4435273976945,3580,26
8245,sao paulo,SP,-23.518935662877897,-46.4460728966794,3580,26
8246,sao paulo,SP,-23.531185574566,-46.4380071682881,3580,26
8247,sao paulo,SP,-23.5348017964444,-46.4338917009868,3580,26
8250,sao paulo,SP,-23.539944363160096,-46.439816187506,3580,26
8253,sao paulo,SP,-23.549136139521,-46.4394259793903,3580,26
8255,sao paulo,SP,-23.550585623631203,-46.4358499086266,3580,26
8257,sao paulo,SP,-23.5534665437753,-46.4283223414471,3580,26
8260,sao paulo,SP,-23.565855116526397,-46.4349384444631,3580,26
8265,sao paulo,SP,-23.580336737877797,-46.4528404514839,3580,26
8270,sao paulo,SP,-23.5611859046228,-46.4613008104869,3580,26
8275,sao paulo,SP,-23.5712758690654,-46.4793967245884,3580,26
8280,sao paulo,SP,-23.5611896588443,-46.4744858431001,3580,26
8285,sao paulo,SP,-23.553256361644497,-46.4726584406182,3580,26
8290,sao paulo,SP,-23.5536417787355,-46.4526612874555,3580,26
8295,sao paulo,SP,-23.5480351674841,-46.4592980998924,3580,26
8310,sao paulo,SP,-23.6289420688961,-46.4672167658442,3580,26
8311,sao paulo,SP,-23.6311639447909,-46.4658225235511,3580,26
8320,sao paulo,SP,-23.627052219278003,-46.4731624131963,3580,26
8321,sao paulo,SP,-23.6051791208635,-46.4889695199081,3580,26
8330,sao paulo,SP,-23.6138438375639,-46.4672752295867,3580,26
8331,sao paulo,SP,-23.609721993106,-46.4691674985977,3580,26
8340,sao paulo,SP,-23.6101074396492,-46.4600948367929,3580,26
8341,sao paulo,SP,-23.601070948161304,-46.4535843793407,3580,26
8343,sao paulo,SP,-23.6061274353377,-46.4468471303663,3580,26
8344,sao paulo,SP,-23.6098713141682,-46.4491684336171,3580,26
8345,sao paulo,SP,-23.6101424821641,-46.4441273904815,3580,26
8370,sao paulo,SP,-23.608567051795,-46.463476991007,3580,26
8371,sao paulo,SP,-23.596683223383696,-46.4312680050623,3580,26
8372,sao paulo,SP,-23.6021225321895,-46.4366716030335,3580,26
8373,sao paulo,SP,-23.4824438800167,-46.6468512458685,3580,26
8375,sao paulo,SP,-23.6006097462094,-46.4632320966844,3580,26
8380,sao paulo,SP,-23.5988611413277,-46.4403822421892,3580,26
8381,sao paulo,SP,-23.6079917053101,-46.4307496005836,3580,26
8382,sao paulo,SP,-23.6146918129542,-46.4331224328514,3580,26
8383,sao paulo,SP,-23.5611479439502,-46.5148053285134,3580,26
8390,sao paulo,SP,-23.627110472796105,-46.4669488154221,3580,26
8391,sao paulo,SP,-23.593140793201,-46.5562466367274,3580,26
8410,sao paulo,SP,-23.5489099819139,-46.4229249609077,3580,26
8411,sao paulo,SP,-23.5538424700289,-46.412308355751,3580,26
8412,sao paulo,SP,-23.5523451242379,-46.40794079311221,3580,26
8420,sao paulo,SP,-23.544932601456,-46.4288577434165,3580,26
8421,sao paulo,SP,-23.5592257905399,-46.4286353366644,3580,26
8430,sao paulo,SP,-23.5268950926191,-46.4239111949338,3580,26
8431,sao paulo,SP,-23.5333934192837,-46.4175160801829,3580,26
8440,sao paulo,SP,-23.533543038836,-46.4104178379657,3580,26
8441,sao paulo,SP,-23.534897101836,-46.4122214093063,3580,26
8450,sao paulo,SP,-23.5439991451871,-46.4001867301603,3580,26
8451,sao paulo,SP,-23.5393117592307,-46.4004698866418,3580,26
8452,sao paulo,SP,-23.5320680719569,-46.3973752624054,3580,26
8460,sao paulo,SP,-23.5528191593424,-46.4019116738435,3580,26
8461,sao paulo,SP,-23.5598371523155,-46.40422992054091,3580,26
8465,sao paulo,SP,-23.565992940006,-46.3982278005231,3580,26
8470,sao paulo,SP,-23.5906367672713,-46.4054455371418,3580,26
8471,sao paulo,SP,-23.6028891584946,-46.4000292816074,3580,26
8472,sao paulo,SP,-23.571114493732505,-46.403647942429394,3580,26
8473,sao paulo,SP,-23.583640893407296,-46.4156470766058,3580,26
8474,sao paulo,SP,-23.5948294832557,-46.4126614556794,3580,26
8475,sao paulo,SP,-23.5885480901895,-46.3995787225152,3580,26
8485,sao paulo,SP,-23.5899550751764,-46.4122058663982,3580,26
8490,sao paulo,SP,-23.573100861060297,-46.41539587519131,3580,26
8500,ferraz de vasconcelos,SP,-23.5448148814525,-46.36585649268769,1333,26
8501,ferraz de vasconcelos,SP,-23.5416475429498,-46.3609715320565,1333,26
8502,ferraz de vasconcelos,SP,-23.5394767654978,-46.358467614838,1333,26
8503,ferraz de vasconcelos,SP,-23.5485384845636,-46.3605089902449,1333,26
8504,ferraz de vasconcelos,SP,-23.555663273412,-46.360486380013,1333,26
8505,ferraz de vasconcelos,SP,-23.5524322666716,-46.3666595902611,1333,26
8506,ferraz de vasconcelos,SP,-23.5590350272379,-46.3703962955656,1333,26
8507,ferraz de vasconcelos,SP,-23.5611412845965,-46.367514582308,1333,26
8508,ferraz de vasconcelos,SP,-23.5638684302067,-46.3694359626834,1333,26
8510,ferraz de vasconcelos,SP,-23.5600292593028,-46.359833442504,1333,26
8517,ferraz de  vasconcelos,SP,-23.5689258928674,-46.3724283090484,1332,26
8525,ferraz de vasconcelos,SP,-23.558326428560196,-46.3884776850482,1333,26
8526,ferraz de vasconcelos,SP,-23.5565122442986,-46.3830084724789,1333,26
8527,ferraz de vasconcelos,SP,-23.5536940974993,-46.3789277201816,1333,26
8528,ferraz de vasconcelos,SP,-23.5540800952195,-46.3743977591968,1333,26
8529,ferraz de vasconcelos,SP,-23.5475913065047,-46.37287446967489,1333,26
8530,ferraz de vasconcelos,SP,-23.5352499950851,-46.371060344596,1333,26
8531,ferraz de vasconcelos,SP,-23.5398955986149,-46.3724337740723,1333,26
8532,ferraz de vasconcelos,SP,-23.5388976386125,-46.377952084083,1333,26
8533,ferraz de vasconcelos,SP,-23.5457042879078,-46.37913213480581,1333,26
8534,ferraz de vasconcelos,SP,-23.5502826712689,-46.3861270383695,1333,26
8535,ferraz de vasconcelos,SP,-23.5526585802395,-46.3893444117504,1333,26
8536,ferraz de vasconcelos,SP,-23.5412867769737,-46.3854253500818,1333,26
8537,ferraz de vasconcelos,SP,-23.532979297096,-46.39197731694,1333,26
8538,ferraz de vasconcelos,SP,-23.530991120416,-46.3899213976859,1333,26
8539,ferraz de vasconcelos,SP,-23.5362236538821,-46.3757579491631,1333,26
8540,ferraz de vasconcelos,SP,-23.5213331284093,-46.3814925162549,1333,26
8541,ferraz de vasconcelos,SP,-23.5203918675629,-46.37405086923971,1333,26
8542,ferraz de vasconcelos,SP,-23.5168479425367,-46.3709629095924,1333,26
8543,ferraz de vasconcelos,SP,-23.5247776427386,-46.3737829800858,1333,26
8544,ferraz de vasconcelos,SP,-23.5317439485751,-46.363150365663195,1333,26
8545,ferraz de vasconcelos,SP,-23.5320826503681,-46.3703965656414,1333,26
8550,poa,SP,-23.5219442105459,-46.3408749261405,2891,26
8551,poa,SP,-23.522319693131504,-46.3486165823489,2891,26
8552,poa,SP,-23.5283821814865,-46.3537887027251,2891,26
8553,poa,SP,-23.5224667796444,-46.3635550487513,2891,26
8554,poa,SP,-23.5148171134926,-46.360839626032295,2891,26
8555,poa,SP,-23.5104910008287,-46.353472919738,2891,26
8556,poa,SP,-23.5147756797497,-46.3480387662807,2891,26
8557,poa,SP,-23.5127372701218,-46.342315440743,2891,26
8558,poa,SP,-23.5088333897846,-46.33532284499,2891,26
8559,poa,SP,-23.5174851754133,-46.3357957796424,2891,26
8560,poa,SP,-23.530800749869,-46.33535642852,2891,26
8561,poa,SP,-23.528199996456596,-46.3403540998655,2891,26
8562,poa,SP,-23.5318254133038,-46.344933061065795,2891,26
8563,poa,SP,-23.5334436163114,-46.3500239888296,2891,26
8564,poa,SP,-23.5387784723782,-46.3519472155209,2891,26
8565,poa,SP,-23.5405547759622,-46.342087004938,2891,26
8566,poa,SP,-23.5452221822207,-46.3471409809839,2891,26
8567,poa,SP,-23.5491903514584,-46.3522298298353,2891,26
8568,poa,SP,-23.5550998996733,-46.3468879847185,2891,26
8570,itaquaquecetuba,SP,-23.4755602073069,-46.3549671371106,1822,26
8571,itaquaquecetuba,SP,-23.484245609022604,-46.3371861845645,1822,26
8572,itaquaquecetuba,SP,-23.4968277705489,-46.3418152277672,1822,26
8573,itaquaquecetuba,SP,-23.492081988918,-46.3499369275034,1822,26
8574,itaquaquecetuba,SP,-23.5024305444529,-46.3535886919059,1822,26
8575,itaquaquecetuba,SP,-23.4988964315834,-46.3583416766694,1822,26
8576,itaquaquecetuba,SP,-23.4889839874963,-46.3573811983236,1822,26
8577,itaquaquecetuba,SP,-23.4861114546622,-46.3667207653171,1822,26
8578,itaquaquecetuba,SP,-23.4692049979871,-46.3825446913429,1822,26
8579,itaquaquecetuba,SP,-23.4617134567018,-46.3758347246143,1822,26
8580,itaquaquecetuba,SP,-23.4513838180494,-46.3434781745756,1822,26
8581,itaquaquecetuba,SP,-23.4576430352631,-46.3542011196478,1822,26
8582,itaquaquecetuba,SP,-23.449962082419102,-46.3591378578509,1822,26
8583,itaquaquecetuba,SP,-23.4451043722629,-46.3744696599691,1822,26
8584,itaquaquecetuba,SP,-23.427580132199,-46.3465624292607,1822,26
8587,itaquaquecetuba,SP,-23.4310306870482,-46.3162383657054,1822,26
8588,itaquaquecetuba,SP,-23.4389577910524,-46.319281378458705,1822,26
8589,itaquaquecetuba,SP,-23.4391686930075,-46.30216186378809,1822,26
8590,itaquaquecetuba,SP,-23.4391041730197,-46.2767499932185,1822,26
8591,itaquaquecetuba,SP,-23.4528745031757,-46.3070567957174,1822,26
8593,itaquaquecetuba,SP,-23.4744798640807,-46.3064708019245,1822,26
8594,itaquaquecetuba,SP,-23.4873693800558,-46.30162214604119,1822,26
8595,itaquaquecetuba,SP,-23.4678519058315,-46.3034863492566,1822,26
8596,itaquaquecetuba,SP,-23.4812376810266,-46.3157418723452,1822,26
8597,itaquaquecetuba,SP,-23.4600857229981,-46.3206698738223,1822,26
8598,itaquaquecetuba,SP,-23.4669884875075,-46.32528745224129,1822,26
8599,itaquaquecetuba,SP,-23.4653511314783,-46.3395970510687,1822,26
8610,suzano,SP,-23.541564465809,-46.3001458594099,3760,26
8613,suzano,SP,-23.5409612750652,-46.2867599149401,3760,26
8615,suzano,SP,-23.5478173394453,-46.2956237349502,3760,26
8616,suzano,SP,-23.557167128317,-46.2927387727944,3760,26
8621,suzano,SP,-23.5333895385603,-46.2981931999447,3760,26
8625,suzano,SP,-23.6435429787992,-46.3130990424069,3760,26
8630,suzano,SP,-23.6466885753598,-46.3268939767715,3760,26
8633,suzano,SP,-23.643593132336,-46.311993874013,3760,26
8635,suzano,SP,-23.6690220644521,-46.3332175738423,3760,26
8640,suzano,SP,-23.6225257718187,-46.325956237829395,3760,26
8655,suzano,SP,-23.5938127383662,-46.3056857018729,3760,26
8656,suzano,SP,-23.5931340671586,-46.3055030818696,3760,26
8660,suzano,SP,-23.5592188209634,-46.3363214720898,3760,26
8663,suzano,SP,-23.568378754831503,-46.3335438361919,3760,26
8664,suzano,SP,-23.5578769412899,-46.3263681775062,3760,26
8665,suzano,SP,-23.5591390795377,-46.31339528338649,3760,26
8670,suzano,SP,-23.5383086228651,-46.3304265361428,3760,26
8671,suzano,SP,-23.5446397920446,-46.3269457968115,3760,26
8673,suzano,SP,-23.5405390290379,-46.3179495436979,3760,26
8674,suzano,SP,-23.5432835416104,-46.3130302063716,3760,26
8675,suzano,SP,-23.5517298451642,-46.313416040411,3760,26
8676,suzano,SP,-23.553927490558195,-46.30691050096,3760,26
8680,suzano,SP,-23.5282959805207,-46.3204133106388,3760,26
8683,suzano,SP,-23.5282332953884,-46.3109541530824,3760,26
8685,suzano,SP,-23.5234388612959,-46.3049656577592,3760,26
8686,suzano,SP,-23.5346858276526,-46.2873948457706,3760,26
8690,suzano,SP,-23.4980991552116,-46.31595583213899,3760,26
8693,suzano,SP,-23.5023188510224,-46.3052824155675,3760,26
8694,suzano,SP,-23.5111922621047,-46.2958211113243,3760,26
8695,suzano,SP,-23.4947022940357,-46.2796980007066,3760,26
8696,suzano,SP,-23.509968872336305,-46.29020664503249,3760,26
8710,mogi das cruzes,SP,-23.5228400943453,-46.1955458411618,2326,26
8715,mogi das cruzes,SP,-23.5259699975248,-46.18844218219639,2326,26
8717,mogi das cruzes,SP,-23.539784850233,-46.1909042109035,2326,26
8720,mogi das cruzes,SP,-23.5405031384108,-46.1795159927432,2326,26
8725,mogi das cruzes,SP,-23.554151262189,-46.1843794776774,2326,26
8726,mogi das cruzes,SP,-23.5592025219831,-46.1805840792364,2326,26
8730,mogi das cruzes,SP,-23.5356711518618,-46.2011383346922,2326,26
8735,mogi das cruzes,SP,-23.534371613792505,-46.212853320039,2326,26
8737,mogi das cruzes,SP,-23.5414941615051,-46.2051273551142,2326,26
8738,mogi das cruzes,SP,-23.552241458338,-46.20076519558139,2326,26
8740,mogi das cruzes,SP,-23.5428538722312,-46.2157459533423,2326,26
8742,mogi das cruzes,SP,-23.5495819269332,-46.2138146533802,2326,26
8743,mogi das cruzes,SP,-23.5554095787702,-46.2181322506505,2326,26
8744,mogi das cruzes,SP,-23.5476234605468,-46.2269920061267,2326,26
8745,mogi das cruzes,SP,-23.547270957714804,-46.2336696210413,2326,26
8747,mogi das cruzes,SP,-23.5582036850852,-46.2097988187835,2326,26
8750,mogi das cruzes,SP,-23.5485146593009,-46.2508958376943,2326,26
8752,mogi das cruzes,SP,-23.5433946001635,-46.2620856818461,2326,26
8753,mogi das cruzes,SP,-23.5997344577218,-46.244253520331,2326,26
8760,mogi das cruzes,SP,-23.561696330882,-46.2214530893383,2326,26
8761,mogi das cruzes,SP,-23.561245022024,-46.2191065101328,2326,26
8762,mogi das cruzes,SP,-23.5728563956742,-46.2217382446621,2326,26
8763,mogi das cruzes,SP,-23.5720120225518,-46.219148024353,2326,26
8765,mogi das cruzes,SP,-23.6726638771929,-46.1833131521842,2326,26
8766,mogi das cruzes,SP,-23.5266401244634,-46.2000036427079,2326,26
8767,mogi das cruzes,SP,-23.6387823903384,-46.1226680183658,2326,26
8770,mogi das cruzes,SP,-23.5164522239803,-46.2060204908648,2326,26
8771,mogi das cruzes,SP,-23.4636911598358,-46.1528625512609,2326,26
8772,mogi das cruzes,SP,-23.479720432669904,-46.28060346557519,2326,26
8773,mogi das cruzes,SP,-23.5136116256753,-46.1896750648978,2326,26
8774,mogi das cruzes,SP,-23.4724317081063,-46.2763791364198,2326,26
8775,mogi das cruzes,SP,-23.499702301795,-46.18523295889,2326,26
8780,mogi das cruzes,SP,-23.5202138942896,-46.1773226916366,2326,26
8790,mogi das cruzes,SP,-23.528928233255,-46.1716514884283,2326,26
8793,mogi das cruzes,SP,-23.540872984544,-46.1642899242929,2326,26
8795,mogi das cruzes,SP,-23.5320023017856,-46.1797962887405,2326,26
8810,mogi das cruzes,SP,-23.5015014548384,-46.1506701554278,2326,26
8820,mogi das cruzes,SP,-23.5089389461254,-46.150059218256,2326,26
8830,mogi das cruzes,SP,-23.51562982228,-46.141112172039605,2326,26
8832,mogi das cruzes,SP,-23.5169136483995,-46.1041724552651,2326,26
8840,mogi das cruzes,SP,-23.4821775001786,-46.1380488351981,2326,26
8850,mogi das cruzes,SP,-23.4842911918216,-46.0894968475637,2326,26
8880,mogi das cruzes,SP,-23.519975947056,-46.1875660764484,2326,26
8900,guararema,SP,-23.404915542335598,-46.0430699728935,1518,26
8940,biritiba-mirim,SP,-23.5745010796069,-46.040315566073,479,26
8970,salesopolis,SP,-23.5314544795086,-45.8489837524585,3210,26
9010,santo andre,SP,-23.659483201758,-46.5250876420999,3359,26
9015,santo andre,SP,-23.6593636364408,-46.5231833405217,3359,26
9020,santo andre,SP,-23.6618298628707,-46.5269351828251,3359,26
9030,santo andre,SP,-23.6688681244214,-46.5265203229585,3359,26
9040,santo andre,SP,-23.6638426970591,-46.5329635228997,3359,26
9041,santo andre,SP,-23.6634426907456,-46.538607058455,3359,26
9050,santo andre,SP,-23.674161457107598,-46.5452171413364,3359,26
9051,santo andre,SP,-23.6784731761096,-46.5511817591432,3359,26
9060,santo andre,SP,-23.6655355154586,-46.5491149701945,3359,26
9061,santo andre,SP,-23.6505191763673,-46.5591299206254,3359,26
9070,santo andre,SP,-23.6436553692046,-46.5463683919664,3359,26
9071,santo andre,SP,-23.6521819125493,-46.54881382269,3359,26
9080,santo andre,SP,-23.6404435965607,-46.5417422730076,3359,26
9090,santo andre,SP,-23.6522508998303,-46.538344449784,3359,26
9110,santo andre,SP,-23.6714103219224,-46.5060746370834,3359,26
9111,santo andre,SP,-23.6712090320598,-46.4911673007202,3359,26
9112,santo andre,SP,-23.668005562067105,-46.49203854828121,3359,26
9120,santo andre,SP,-23.6787285002964,-46.496062239465,3359,26
9121,santo andre,SP,-23.6815142523039,-46.500921807758,3359,26
9130,santo andre,SP,-23.6894446279147,-46.5050103487641,3359,26
9131,santo andre,SP,-23.6949225462571,-46.4971183067724,3359,26
9132,santo andre,SP,-23.703763476578203,-46.5017522711277,3359,26
9133,santo andre,SP,-23.7394524956445,-46.4916135929636,3359,26
9134,santo andre,SP,-23.7313749253404,-46.4789257368943,3359,26
9139,santo andre,SP,-23.7025148265984,-46.5218580396729,3359,26
9160,santo andre,SP,-23.7645587632099,-46.4634460329259,3359,26
9163,santo andre,SP,-23.7629458504831,-46.4733611038446,3359,26
9170,santo andre,SP,-23.7085449654812,-46.5088881103174,3359,26
9171,santo andre,SP,-23.7001976874388,-46.513128422189695,3359,26
9172,santo andre,SP,-23.6935885752869,-46.51272565763,3359,26
9175,santo andre,SP,-23.6863590446299,-46.5170780276037,3359,26
9176,santo andre,SP,-23.6789452175731,-46.5184016401583,3359,26
9180,santo andre,SP,-23.6933931936423,-46.523184416465604,3359,26
9181,santo andre,SP,-23.683272109835,-46.5252330290834,3359,26
9182,santo andre,SP,-23.6973963394605,-46.5303215201455,3359,26
9185,santo andre,SP,-23.682941244718105,-46.5354874390848,3359,26
9190,santo andre,SP,-23.6739154838235,-46.5381574228735,3359,26
9195,santo andre,SP,-23.676369727946,-46.5146273295093,3359,26
9210,santo andre,SP,-23.6373818488524,-46.5280978786108,3359,26
9220,santo andre,SP,-23.6222878960599,-46.5369008679483,3359,26
9230,santo andre,SP,-23.6205780118825,-46.5274097864033,3359,26
9240,santo andre,SP,-23.6294870503097,-46.524147754413605,3359,26
9241,santo andre,SP,-23.6326593335586,-46.5193057110843,3359,26
9250,santo andre,SP,-23.624085747491204,-46.5149058460382,3359,26
9251,santo andre,SP,-23.6303860013738,-46.5074902633742,3359,26
9260,santo andre,SP,-23.631075842944195,-46.4964322995241,3359,26
9270,santo andre,SP,-23.6405637225282,-46.4944318422103,3359,26
9271,santo andre,SP,-23.641860793712,-46.5007280723824,3359,26
9274,santo andre,SP,-23.6566044749999,-46.4975938359999,3359,26
9280,santo andre,SP,-23.640143776337,-46.5161594752102,3359,26
9290,santo andre,SP,-23.6523612714182,-46.5078969425668,3359,26
9291,santo andre,SP,-23.6451005664566,-46.5192005132739,3359,26
9310,maua,SP,-23.6703484590357,-46.4512258531937,2265,26
9311,maua,SP,-23.6780454395371,-46.4502030009834,2265,26
9320,maua,SP,-23.6600308727281,-46.4415114884992,2265,26
9321,maua,SP,-23.6487301932397,-46.43630674015861,2265,26
9330,maua,SP,-23.6622985033031,-46.4216951204824,2265,26
9331,maua,SP,-23.673149270468,-46.4198550162795,2265,26
9332,maua,SP,-23.6569365948008,-46.4179740647656,2265,26
9333,maua,SP,-23.6487187161073,-46.4177326193403,2265,26
9334,maua,SP,-23.6676851165867,-46.4076867836554,2265,26
9335,maua,SP,-23.6648715550077,-46.4167713988848,2265,26
9336,maua,SP,-23.6632125634508,-46.4152866648851,2265,26
9340,maua,SP,-23.6714067187402,-46.4302674504707,2265,26
9341,maua,SP,-23.6736077290607,-46.4203122497921,2265,26
9350,maua,SP,-23.6807292521633,-46.4442382727023,2265,26
9351,maua,SP,-23.6840337953656,-46.438790462631,2265,26
9360,maua,SP,-23.6849149275171,-46.4569578233415,2265,26
9361,maua,SP,-23.6963756235923,-46.4557929485248,2265,26
9370,maua,SP,-23.6785750226646,-46.4650838774546,2265,26
9371,maua,SP,-23.6698729598244,-46.4762130627023,2265,26
9372,maua,SP,-23.6951115965332,-46.465573494465,2265,26
9380,maua,SP,-23.6417359983745,-46.47864502112121,2265,26
9381,maua,SP,-23.6589082572486,-46.465463538435,2265,26
9390,maua,SP,-23.6541950347521,-46.4536538182539,2265,26
9391,maua,SP,-23.6508519033476,-46.4468578366751,2265,26
9400,ribeirao pires,SP,-23.7118514516121,-46.412441498836706,3104,26
9401,ribeirao pires,SP,-23.704476604816403,-46.40983373852149,3104,26
9402,ribeirao pires,SP,-23.7037521169153,-46.4162367355954,3104,26
9403,ribeirao pires,SP,-23.6931709922581,-46.4369854163106,3104,26
9404,ribeirao pires,SP,-23.6846728049417,-46.4151996006382,3104,26
9405,ribeirao pires,SP,-23.7007657712238,-46.4043333118321,3104,26
9406,ribeirao pires,SP,-23.7108289568022,-46.400522918579,3104,26
9407,ribeirao pires,SP,-23.703276930142703,-46.3886119001268,3104,26
9410,ribeirao pires,SP,-23.7108289355313,-46.3905188727081,3104,26
9411,ribeirao pires,SP,-23.718907865445,-46.3947160615545,3104,26
9412,ribeirao pires,SP,-23.7327071685302,-46.4179164898062,3104,26
9415,ribeirao pires,SP,-23.7550185013104,-46.44185735306,3104,26
9416,ribeirao pires,SP,-23.7388554703233,-46.4471409713536,3104,26
9420,ribeirao pires,SP,-23.7192233300725,-46.4132077963443,3104,26
9421,ribeirao pires,SP,-23.7219724935471,-46.41999096130619,3104,26
9422,ribeirao pires,SP,-23.7186325177781,-46.42150732572,3104,26
9423,ribeirao pires,SP,-23.720282854284005,-46.42575854777831,3104,26
9424,ribeirao pires,SP,-23.7142747166715,-46.4187344888659,3104,26
9425,ribeirao pires,SP,-23.7094127170907,-46.4279537491552,3104,26
9426,ribeirao pires,SP,-23.6981255579722,-46.4278918559677,3104,26
9430,ribeirao pires,SP,-23.7003549587988,-46.3967524627913,3104,26
9431,ribeirao pires,SP,-23.6914303167097,-46.3822384589669,3104,26
9432,ribeirao pires,SP,-23.6873198281834,-46.3932857931594,3104,26
9434,ribeirao pires,SP,-23.6600415186293,-46.3729410658639,3104,26
9435,ribeirao pires,SP,-23.653732574812903,-46.36491300013321,3104,26
9440,ribeirao pires,SP,-23.689816650485,-46.3712457434477,3104,26
9441,ribeirao pires,SP,-23.683765727615697,-46.3755575099159,3104,26
9443,ribeirao pires,SP,-23.6806449469618,-46.3495152093918,3104,26
9445,ribeirao pires,SP,-23.7005856009215,-46.3622640965201,3104,26
9450,rio grande da serra,SP,-23.745624893916503,-46.3946203369468,3147,26
9510,sao caetano do sul,SP,-23.6156557570868,-46.571860078429,3419,26
9520,sao caetano do sul,SP,-23.6085063439139,-46.5712815798851,3419,26
9521,sao caetano do sul,SP,-23.6131810128026,-46.572873214574294,3419,26
9530,sao caetano do sul,SP,-23.6215428918137,-46.5751026845386,3419,26
9531,sao caetano do sul,SP,-23.6199966883715,-46.57089993888349,3419,26
9540,sao caetano do sul,SP,-23.6249684207966,-46.5661943552858,3419,26
9541,sao caetano do sul,SP,-23.6202056901445,-46.5641446734805,3419,26
9550,sao caetano do sul,SP,-23.6174243030368,-46.5518817821884,3419,26
9551,sao caetano do sul,SP,-23.623453984201895,-46.5530395627146,3419,26
9560,sao caetano do sul,SP,-23.6326424137057,-46.5543813337032,3419,26
9561,sao caetano do sul,SP,-23.6390147044351,-46.5569375789304,3419,26
9570,sao caetano do sul,SP,-23.6327449172747,-46.5654309822667,3419,26
9571,sao caetano do sul,SP,-23.6349025563061,-46.5648373389124,3419,26
9572,sao caetano do sul,SP,-23.6424412709733,-46.5608312667853,3419,26
9580,sao caetano do sul,SP,-23.6427702172661,-46.572080102944504,3419,26
9581,sao caetano do sul,SP,-23.6352916954974,-46.5782884948868,3419,26
9600,sao bernardo do campo,SP,-23.6722254308732,-46.5557757729188,3413,26
9601,sao bernardo do campo,SP,-23.6715729931353,-46.5593944744709,3413,26
9603,sao bernardo do campo,SP,-23.6621027243371,-46.5645284370335,3413,26
9606,sao bernardo do campo,SP,-23.6758078302455,-46.5618263685977,3413,26
9607,sao bernardo do campo,SP,-23.6735523532224,-46.5613969268974,3413,26
9613,sao bernardo do campo,SP,-23.6709147165558,-46.5651351297337,3413,26
9614,sao bernardo do campo,SP,-23.6695808097268,-46.5562971123503,3413,26
9615,sao bernardo do campo,SP,-23.6787519584292,-46.5581440149167,3413,26
9616,sao bernardo do campo,SP,-23.6624492611892,-46.5595170988757,3413,26
9617,sao bernardo do campo,SP,-23.6672032352632,-46.5593061539143,3413,26
9618,sao bernardo do campo,SP,-23.6680698144986,-46.5644985317267,3413,26
9619,sao bernardo do campo,SP,-23.6658364343432,-46.5644734912434,3413,26
9620,sao bernardo do campo,SP,-23.6671394507782,-46.570456978968,3413,26
9621,sao bernardo do campo,SP,-23.6646154450096,-46.5716802317756,3413,26
9623,sao bernardo do campo,SP,-23.6608724162353,-46.5725429709857,3413,26
9624,sao bernardo do campo,SP,-23.6562122297438,-46.5737725003162,3413,26
9625,sao bernardo do campo,SP,-23.6610903465296,-46.5666903062888,3413,26
9626,sao bernardo do campo,SP,-23.6579303728979,-46.5700170857837,3413,26
9627,sao bernardo do campo,SP,-23.658316469386005,-46.5663182943786,3413,26
9628,sao bernardo do campo,SP,-23.6613047550637,-46.5642964072941,3413,26
9629,sao bernardo do campo,SP,-23.6567099071792,-46.567234018128,3413,26
9631,sao bernardo do campo,SP,-23.6589455364648,-46.561991124461294,3413,26
9633,sao bernardo do campo,SP,-23.654337222511,-46.5672092655425,3413,26
9634,sao bernardo do campo,SP,-23.6525788898331,-46.5691129676907,3413,26
9635,sao bernardo do campo,SP,-23.6616869730919,-46.5655599042088,3413,26
9636,sao bernardo do campo,SP,-23.6522265415035,-46.5744411791883,3413,26
9640,sao bernardo do campo,SP,-23.6566288374043,-46.5748686267315,3413,26
9641,sao bernardo do campo,SP,-23.655716300509,-46.5768203621056,3413,26
9651,sao bernardo do campo,SP,-23.6583502538187,-46.5802306889942,3413,26
9655,sao bernardo do campo,SP,-23.655481847595,-46.5946010032593,3413,26
9656,sao bernardo do campo,SP,-23.6599607722496,-46.6043587394634,3413,26
9657,sao bernardo do campo,SP,-23.6669080208266,-46.609323207065,3413,26
9660,sao bernardo do campo,SP,-23.6552431722604,-46.594071420262,3413,26
9661,sao bernardo do campo,SP,-23.6608649663383,-46.5964406131016,3413,26
9662,sao bernardo do campo,SP,-23.6608440183589,-46.5994212335007,3413,26
9663,sao bernardo do campo,SP,-23.655720170033202,-46.598582354115,3413,26
9664,sao bernardo do campo,SP,-23.6583758411254,-46.6046184176192,3413,26
9666,sao bernardo do campo,SP,-23.6590092372277,-46.6066343773778,3413,26
9667,sao bernardo do campo,SP,-23.661626250944,-46.6088181083367,3413,26
9668,sao bernardo do campo,SP,-23.6626021681704,-46.612137180891,3413,26
9669,sao bernardo do campo,SP,-23.6624358273739,-46.6077623725618,3413,26
9670,sao bernardo do campo,SP,-23.6617942832793,-46.6043470808882,3413,26
9671,sao bernardo do campo,SP,-23.6644796293227,-46.6060565370286,3413,26
9672,sao bernardo do campo,SP,-23.6607089499308,-46.6023742879725,3413,26
9682,sao bernardo do campo,SP,-23.6677303828605,-46.5975672870975,3413,26
9683,sao bernardo do campo,SP,-23.6677955923627,-46.5962461211763,3413,26
9684,sao bernardo do campo,SP,-23.6668561952361,-46.5943339108322,3413,26
9685,sao bernardo do campo,SP,-23.6651990706712,-46.5923194008995,3413,26
9686,sao bernardo do campo,SP,-23.6688700761967,-46.5931439617675,3413,26
9687,ao bernardo do campo,SP,-23.6733936334244,-46.5952405090702,208,26
9688,sao bernardo do campo,SP,-23.6726217740305,-46.5926264438321,3413,26
9689,sao bernardo do campo,SP,-23.6683651549069,-46.5914844654297,3413,26
9690,sao bernardo do campo,SP,-23.675120520463498,-46.59061531395739,3413,26
9691,sao bernardo do campo,SP,-23.6698555094011,-46.5898289055167,3413,26
9692,sao bernardo do campo,SP,-23.6684102070251,-46.5876880635221,3413,26
9693,sao bernardo do campo,SP,-23.6652414649086,-46.5884364994907,3413,26
9696,sao bernardo do campo,SP,-23.6748699999999,-46.5576199999999,3413,26
9710,sao bernardo do campo,SP,-23.7104664841316,-46.5489396504812,3413,26
9715,sao bernardo do campo,SP,-23.715655922883,-46.5457478291477,3413,26
9720,sao bernardo do campo,SP,-23.715603895819,-46.5540847126564,3413,26
9721,sao bernardo do campo,SP,-23.719645866039,-46.5475254638553,3413,26
9725,sao bernardo do campo,SP,-23.7063160180377,-46.5569562304058,3413,26
9726,sao bernardo do campo,SP,-23.688079710607802,-46.561821378433,3413,26
9732,sao bernardo do campo,SP,-23.6823856913024,-46.5610534225351,3413,26
9750,sao bernardo do campo,SP,-23.6881189580767,-46.5532217506538,3413,26
9751,sao bernardo do campo,SP,-23.6913846262178,-46.5437322966817,3413,26
9760,sao bernardo do campo,SP,-23.6990682186708,-46.5421969402636,3413,26
9761,sao bernardo do campo,SP,-23.7087653603434,-46.5282179669019,3413,26
9762,sao bernardo do campo,SP,-23.7062052814099,-46.5205011547451,3413,26
9765,sao bernardo do campo,SP,-23.7074966330893,-46.5339066691349,3413,26
9770,sao bernardo do campo,SP,-23.7083329887759,-46.5430409339728,3413,26
9771,sao bernardo do campo,SP,-23.7039146648469,-46.5429406412209,3413,26
9772,sao bernardo do campo,SP,-23.7129835437157,-46.5396182629349,3413,26
9780,sao bernardo do campo,SP,-23.7150495946571,-46.5372682083779,3413,26
9781,sao bernardo do campo,SP,-23.7251428867405,-46.5342328876366,3413,26
9782,sao bernardo do campo,SP,-23.7283878036888,-46.5370733978287,3413,26
9783,sao bernardo do campo,SP,-23.7230411408277,-46.52916433209301,3413,26
9784,sao bernardo do campo,SP,-23.717871285051597,-46.5249175958699,3413,26
9785,sao bernardo do campo,SP,-23.7094708447128,-46.5408817904987,3413,26
9790,sao bernardo do campo,SP,-23.7279922153005,-46.5428477899908,3413,26
9791,sao bernardo do campo,SP,-23.740862611463,-46.5318966631632,3413,26
9792,sao bernardo do campo,SP,-23.7445103872095,-46.5407888723214,3413,26
9810,sao bernardo do campo,SP,-23.7195762918369,-46.5647530924867,3413,26
9811,sao bernardo do campo,SP,-23.7270166562049,-46.5605726927653,3413,26
9812,sao bernardo do campo,SP,-23.7248850491105,-46.5704142887086,3413,26
9820,sao bernardo do campo,SP,-23.7408967721271,-46.5552033532026,3413,26
9821,sao bernardo do campo,SP,-23.7515675988133,-46.5571096603365,3413,26
9822,sao bernardo do campo,SP,-23.759784846733,-46.5437671793572,3413,26
9830,sao bernardo do campo,SP,-23.7900869024233,-46.5377627430594,3413,26
9831,sao bernardo do campo,SP,-23.7924956149057,-46.5403376021022,3413,26
9832,sao bernardo do campo,SP,-23.7768045476422,-46.5153827204231,3413,26
9837,sao bernardo do campo,SP,-23.8216620700423,-46.5666620284723,3413,26
9840,sao bernardo do campo,SP,-23.7378268963122,-46.5748716542005,3413,26
9841,sao bernardo do campo,SP,-23.7374767268517,-46.5757762244074,3413,26
9842,sao bernardo do campo,SP,-23.7537454602038,-46.59114822278,3413,26
9843,sao bernardo do campo,SP,-23.7703218258015,-46.5947597912735,3413,26
9844,sao bernardo do campo,SP,-23.758026931156895,-46.5773994029859,3413,26
9845,sao bernardo do campo,SP,-23.7420276370642,-46.5719035854655,3413,26
9846,sao bernardo do campo,SP,-23.7351355891411,-46.5757875327409,3413,26
9847,sao bernardo do campo,SP,-23.755443754564,-46.5848496731645,3413,26
9850,sao bernardo do campo,SP,-23.725231104378402,-46.5820350212213,3413,26
9851,sao bernardo do campo,SP,-23.7152847395251,-46.5904571846591,3413,26
9852,sao bernardo do campo,SP,-23.7292447045458,-46.5951705464857,3413,26
9853,sao bernardo do campo,SP,-23.738318909397,-46.5944766679009,3413,26
9854,sao bernardo do campo,SP,-23.7530352444139,-46.59720950762,3413,26
9855,sao bernardo do campo,SP,-23.7318650476961,-46.5891739828898,3413,26
9856,sao bernardo do campo,SP,-23.7339150636337,-46.6052480190526,3413,26
9857,sao bernardo do campo,SP,-23.7473867039805,-46.6168263951068,3413,26
9860,sao bernardo do campo,SP,-23.707691534778103,-46.5767227524888,3413,26
9861,sao bernardo do campo,SP,-23.7076935039635,-46.581331687353,3413,26
9862,sao bernardo do campo,SP,-23.7011531130671,-46.5829289799965,3413,26
9890,sao bernardo do campo,SP,-23.6947654114983,-46.5681307981179,3413,26
9891,sao bernardo do campo,SP,-23.6857980149302,-46.5708926738495,3413,26
9892,sao bernardo do campo,SP,-23.6830994741202,-46.575205510858005,3413,26
9894,sao bernardo do campo,SP,-23.6772433712415,-46.5764022074224,3413,26
9895,sao bernardo do campo,SP,-23.7044274049264,-46.5701771028587,3413,26
9896,sao bernardo do campo,SP,-23.7036193137157,-46.5638832950426,3413,26
9910,diadema,SP,-23.6913421670142,-46.6289884786813,1172,26
9911,diadema,SP,-23.689282735863,-46.6197148335987,1172,26
9912,diadema,SP,-23.6896126300087,-46.6155977101924,1172,26
9913,diadema,SP,-23.6811839049266,-46.6299914149097,1172,26
9920,diadema,SP,-23.6816615978341,-46.6233333077858,1172,26
9921,diadema,SP,-23.6797871315959,-46.6128398316833,1172,26
9930,diadema,SP,-23.6707487159325,-46.6167119322868,1172,26
9931,diadema,SP,-23.6666619567388,-46.6227394695279,1172,26
9932,diadema,SP,-23.6652550927508,-46.6163584070958,1172,26
9940,diadema,SP,-23.6690536266395,-46.603719967761,1172,26
9941,diadema,SP,-23.6780073528816,-46.6029782510152,1172,26
9942,diadema,SP,-23.6826966599836,-46.5987322777945,1172,26
9950,diadema,SP,-23.6835366186165,-46.58651864788761,1172,26
9951,diadema,SP,-23.6890062183734,-46.5909331208287,1172,26
9952,diadema,SP,-23.6921859107208,-46.5986749348372,1172,26
9960,diadema,SP,-23.6952322756869,-46.597599302951394,1172,26
9961,diadema,SP,-23.7024654129907,-46.5960515780238,1172,26
9962,diadema,SP,-23.700395856148,-46.597954546759,1172,26
9971,diadema,SP,-23.7258483847067,-46.6213472851887,1172,26
9972,diadema,SP,-23.721584133826997,-46.6190643617291,1172,26
9973,diadema,SP,-23.7178761215656,-46.6168925267049,1172,26
9974,diadema,SP,-23.7189240704894,-46.6121059067781,1172,26
9980,diadema,SP,-23.7055150192147,-46.61148022304409,1172,26
9981,diadema,SP,-23.7066768319477,-46.60862798351369,1172,26
9990,diadema,SP,-23.6967276745761,-46.6169081867113,1172,26
9991,diadema,SP,-23.695093827731,-46.6122397676764,1172,26
9992,diadema,SP,-23.6998935419437,-46.6234262472354,1172,26
9993,diadema,SP,-23.7030004385204,-46.6215964739293,1172,26
11010,santos,SP,-23.9335726098916,-46.3296252775982,3398,26
11013,santos,SP,-23.9377016405083,-46.3259974425445,3398,26
11015,santos,SP,-23.9531533112714,-46.3192077209694,3398,26
11020,santos,SP,-23.9684561479512,-46.3054700732723,3398,26
11025,santos,SP,-23.9704931768109,-46.3081952911413,3398,26
11030,santos,SP,-23.984858304705895,-46.302069951463594,3398,26
11035,santos,SP,-23.9804197373837,-46.3044813484011,3398,26
11040,santos,SP,-23.9723155849279,-46.31441392365,3398,26
11045,santos,SP,-23.9697462448877,-46.3219388267513,3398,26
11050,santos,SP,-23.9575126279037,-46.3267999907416,3398,26
11055,santos,SP,-23.9657338731951,-46.328721744203,3398,26
11060,santos,SP,-23.9625739243003,-46.3340987263601,3398,26
11065,santos,SP,-23.9652272435438,-46.3435813434983,3398,26
11070,santos,SP,-23.956747673686195,-46.3452719691174,3398,26
11075,santos,SP,-23.9546004763128,-46.3377311534732,3398,26
11080,santos,SP,-23.9444432101679,-46.3517347257856,3398,26
11081,santos,SP,-23.9347458763459,-46.3429747823375,3398,26
11082,santos,SP,-23.9389058859685,-46.3396558631402,3398,26
11085,santos,SP,-23.9378287823699,-46.3565915328851,3398,26
11086,santos,SP,-23.9451812379456,-46.3743958217198,3398,26
11088,santos,SP,-23.9409107981713,-46.3849353892827,3398,26
11089,santos,SP,-23.940192910182095,-46.369430449790094,3398,26
11090,santos,SP,-23.9371999959205,-46.3763524828186,3398,26
11095,santos,SP,-23.9272658215566,-46.3784749447722,3398,26
11250,bertioga,SP,-23.8183903968299,-46.0806237034307,469,26
11310,sao vicente,SP,-23.9674961284521,-46.3864545981086,3624,26
11320,sao vicente,SP,-23.970086581511,-46.3725888867238,3624,26
11325,sao vicente,SP,-23.9864785424376,-46.3916562853824,3624,26
11330,sao vicente,SP,-23.9679790451591,-46.4024614053506,3624,26
11335,sao vicente,SP,-23.9653649573437,-46.4120573656661,3624,26
11340,sao vicente,SP,-23.9577202574206,-46.4071754952537,3624,26
11345,sao vicente,SP,-23.988076947317,-46.4791947405128,3624,26
11346,sao vicente,SP,-23.9833403873934,-46.4879877326812,3624,26
11347,sao vicente,SP,-23.9816048181363,-46.4656455793934,3624,26
11348,sao vicente,SP,-23.9553867445931,-46.4557497874007,3624,26
11350,sao vicente,SP,-23.9446322539583,-46.4150183216565,3624,26
11355,sao vicente,SP,-23.9517700456527,-46.4081401007849,3624,26
11360,sao vicente,SP,-23.9471440411455,-46.3976118087259,3624,26
11365,sao vicente,SP,-23.9544916301751,-46.3951227268915,3624,26
11370,sao vicente,SP,-23.955980420412,-46.3816145241067,3624,26
11380,sao vicente,SP,-23.959894868797203,-46.3727945008467,3624,26
11390,sao vicente,SP,-23.9619426990242,-46.382116371506,3624,26
11410,guaruja,SP,-23.995219204417705,-46.25972348534891,1526,26
11420,guaruja,SP,-24.0081017781733,-46.2720020139474,1526,26
11421,guaruja,SP,-24.0135513526955,-46.2825737058127,1526,26
11425,guaruja,SP,-23.9975670563052,-46.3032048297225,1526,26
11430,guaruja,SP,-23.9939435645236,-46.2848881865308,1526,26
11431,guaruja,SP,-23.9958261994328,-46.278739121294,1526,26
11432,guaruja,SP,-23.9876140133136,-46.2703660822602,1526,26
11435,guaruja,SP,-23.9768554194374,-46.2598496803211,1526,26
11436,guaruja,SP,-23.9712083956614,-46.2515242025619,1526,26
11440,guaruja,SP,-23.983786906789195,-46.2407468075036,1526,26
11441,guaruja,SP,-23.9791558767424,-46.228265226057,1526,26
11442,guaruja,SP,-23.9761179149753,-46.2200384397062,1526,26
11443,guaruja,SP,-23.9790906125599,-46.2054384021949,1526,26
11444,guaruja,SP,-23.9699186022461,-46.1890983747,1526,26
11446,guaruja,SP,-23.9433770921193,-46.1979061315264,1526,26
11450,vicente de carvalho,SP,-23.9419540789981,-46.3025647795901,4044,26
11451,guaruja,SP,-23.9454738477738,-46.2894488342009,1526,26
11453,guaruja,SP,-23.936702982679105,-46.286899514162904,1526,26
11454,guaruja,SP,-23.9463508566144,-46.2813066733018,1526,26
11460,guaruja,SP,-23.957239570868,-46.2849671019154,1526,26
11461,guaruja,SP,-23.9552831794359,-46.2738649231513,1526,26
11462,guaruja,SP,-23.9545434975329,-46.2846127648053,1526,26
11463,guaruja,SP,-23.9530618968048,-46.2882235112796,1526,26
11470,guaruja,SP,-23.9603639962603,-46.2782501297676,1526,26
11471,guaruja,SP,-23.964550695666997,-46.278768564762196,1526,26
11472,guaruja,SP,-23.9730256038539,-46.275265502365,1526,26
11473,guaruja,SP,-23.9531196842556,-46.2910393810807,1526,26
11495,guaruja,SP,-23.9636388958041,-46.2521161455684,1526,26
11497,guaruja,SP,-23.96351925,-46.2448248749999,1526,26
11500,cubatao,SP,-23.8802144288033,-46.4172726649447,1132,26
11510,cubatao,SP,-23.8862684352533,-46.4240869928356,1132,26
11515,cubatao,SP,-23.8899044281565,-46.4290658766835,1132,26
11520,cubatao,SP,-23.8951793654237,-46.4238561204842,1132,26
11523,cubatao,SP,-23.9030163223501,-46.4248097764276,1132,26
11525,cubatao,SP,-23.8948115789633,-46.4277650050465,1132,26
11530,cubatao,SP,-23.9309616156297,-46.4002025836611,1132,26
11531,cubatao,SP,-23.920805354426495,-46.4077465626518,1132,26
11533,cubatao,SP,-23.9279477437418,-46.4097422735001,1132,26
11534,cubatao,SP,-23.9200945424405,-46.4265276507622,1132,26
11535,cubatao,SP,-23.9336474917469,-46.4302208187894,1132,26
11538,cubatao,SP,-23.8991325756238,-46.4335250670129,1132,26
11540,cubatao,SP,-23.87442495936,-46.4467034808632,1132,26
11542,cubatao,SP,-23.9124794523412,-46.4640918209116,1132,26
11543,cubatao,SP,-23.8860935524254,-46.4499371002669,1132,26
11600,sao sebastiao,SP,-23.771731754447895,-45.5252959294643,3604,26
11601,sao sebastiao,SP,-23.7172256173204,-45.4322461791991,3604,26
11602,sao sebastiao,SP,-23.726916961567,-45.4237302057383,3604,26
11605,sao sebastiao,SP,-23.7732050300867,-45.4060253038468,3604,26
11606,sao sebastiao,SP,-23.7812674509125,-45.4019476566517,3604,26
11608,sao sebastiao,SP,-23.7985034313632,-45.4033914240078,3604,26
11609,sao sebastiao,SP,-23.8016171541496,-45.4053557849867,3604,26
11610,sao sebastiao,SP,-23.8050756969844,-45.4132472153796,3604,26
11611,sao sebastiao,SP,-23.8143071250016,-45.4163624810611,3604,26
11612,sao sebastiao,SP,-23.8215515072397,-45.433037672161596,3604,26
11617,sao sebastiao,SP,-23.7945773640407,-45.5740824394736,3604,26
11618,sao sebastiao,SP,-23.7811873012875,-45.6201306000877,3604,26
11619,sao sebastiao,SP,-23.7746529552914,-45.6365537251782,3604,26
11621,sao sebastiao,SP,-23.7742919486577,-45.6745102692992,3604,26
11622,sao sebastiao,SP,-23.7704379762548,-45.679944929925,3604,26
11623,sao sebastiao,SP,-23.7639834094745,-45.7175458117245,3604,26
11624,sao sebastiao,SP,-23.7597653673861,-45.7639393747492,3604,26
11628,sao sebastiao,SP,-23.7875482026629,-45.5625696804459,3604,26
11629,sao sebastiao,SP,-23.7584688176386,-45.413977486604,3604,26
11630,ilhabela,SP,-23.814526222798296,-45.3687258643273,1640,26
11660,caraguatatuba,SP,-23.6228089362335,-45.4141359785868,809,26
11661,caraguatatuba,SP,-23.6211304588314,-45.3990299370242,809,26
11662,caraguatatuba,SP,-23.6229334083917,-45.38516861685,809,26
11664,caraguatatuba,SP,-23.6131709857616,-45.3929749437433,809,26
11665,caraguatatuba,SP,-23.6350639334881,-45.4250218216596,809,26
11666,caraguatatuba,SP,-23.6662001321689,-45.4369606168579,809,26
11667,caraguatatuba,SP,-23.686040177843797,-45.43677933108879,809,26
11668,caraguatatuba,SP,-23.7098201587992,-45.4406737501408,809,26
11669,caraguatatuba,SP,-23.6976572967004,-45.4441030628459,809,26
11670,caraguatatuba,SP,-23.6849277675884,-45.4431899549889,809,26
11671,caraguatatuba,SP,-23.6739826892031,-45.443431675164,809,26
11672,caraguatatuba,SP,-23.6581996644592,-45.4387007657637,809,26
11673,caraguatatuba,SP,-23.6375917302746,-45.4365396583433,809,26
11674,caraguatatuba,SP,-23.6290556431775,-45.4337118533691,809,26
11675,caraguatatuba,SP,-23.613610820929704,-45.4276767198212,809,26
11676,caraguatatuba,SP,-23.6045204318008,-45.3573861582273,809,26
11677,caraguatatuba,SP,-23.5811660099201,-45.3348909909081,809,26
11679,caraguatatuba,SP,-23.5933757473372,-45.3368484316056,809,26
11680,ubatuba,SP,-23.4529292999569,-45.0932194085284,3939,26
11700,praia grande,SP,-24.0103836981023,-46.4062770061577,2977,26
11701,praia grande,SP,-24.0089231492088,-46.4191253383556,2977,26
11702,praia grande,SP,-24.0143946743142,-46.4383583198176,2977,26
11703,praia grande,SP,-24.0204323826669,-46.4599605813293,2977,26
11704,praia grande,SP,-24.0265256678882,-46.478236942635,2977,26
11705,praia grande,SP,-24.0366170809826,-46.5048633448166,2977,26
11706,praia grande,SP,-24.0473324897475,-46.525443189675,2977,26
11707,praia grande,SP,-24.0545606529548,-46.5420911905963,2977,26
11708,praia grande,SP,-24.0678888051036,-46.5676178654466,2977,26
11709,praia grande,SP,-24.078626536796097,-46.5893428663843,2977,26
11710,praia grande,SP,-24.0764525513068,-46.5936137728502,2977,26
11711,praia grande,SP,-24.0471010815896,-46.53461369889019,2977,26
11712,praia grande,SP,-24.0358003503092,-46.5302724444379,2977,26
11713,praia grande,SP,-24.03084714756,-46.5226489298697,2977,26
11714,praia grande,SP,-24.0253498450007,-46.5117625021316,2977,26
11717,praia grande,SP,-24.022767949772,-46.4970689074406,2977,26
11718,praia grande,SP,-24.016285702089203,-46.482021557134296,2977,26
11719,praia grande,SP,-24.0149962280343,-46.4660252001762,2977,26
11720,praia grande,SP,-24.0083417550647,-46.4592925471672,2977,26
11721,praia grande,SP,-24.0109965690871,-46.4521916521151,2977,26
11722,praia grande,SP,-24.0014999003998,-46.4498635167305,2977,26
11723,praia grande,SP,-24.0050828850343,-46.4492402979391,2977,26
11724,praia grande,SP,-24.004725898961805,-46.43774006434071,2977,26
11725,praia grande,SP,-23.9974210039303,-46.4227931724496,2977,26
11730,mongagua,SP,-24.1118955574792,-46.6654374217681,2339,26
11740,itanhaem,SP,-24.1827102989956,-46.8018385999884,1778,26
11750,peruibe,SP,-24.3030988026799,-46.9870489791363,2789,26
11760,itariri,SP,-24.2906423944259,-47.1643502244711,1830,26
11790,pedro de toledo,SP,-24.2790339570858,-47.2357618258255,2758,26
11800,juquia,SP,-24.3166253854717,-47.6347455374751,2005,26
11850,miracatu,SP,-24.2787685309637,-47.4497451048222,2302,26
11900,registro,SP,-24.4988377795508,-47.8461612865098,3069,26
11910,sete barras,SP,-24.3854971303314,-47.9280560889346,3706,26
11920,iguape,SP,-24.7046195584388,-47.5553599045237,1630,26
11925,ilha comprida,SP,-24.7479204404903,-47.5561635771108,1635,26
11930,pariquera-acu,SP,-24.7152753366161,-47.8813846288403,2691,26
11940,jacupiranga,SP,-24.7018312400171,-48.0051842291289,1889,26
11950,cajati,SP,-24.7281988503207,-48.1128044045457,657,26
11955,barra do turvo,SP,-24.7784048801196,-48.4997522526467,412,26
11960,eldorado,SP,-24.5227988242158,-48.1080225111343,1236,26
11990,cananeia,SP,-25.0092927466889,-47.9319571036143,746,26
12010,taubate,SP,-23.0325053792777,-45.5594381761617,3816,26
12020,taubate,SP,-23.0242809051815,-45.559082115842,3816,26
12030,taubate,SP,-23.032142161173503,-45.5704612727181,3816,26
12031,taubate,SP,-23.0395361662765,-45.5810702203531,3816,26
12032,taubate,SP,-23.0424322063245,-45.5919731250304,3816,26
12040,taubate,SP,-23.0298073610675,-45.5899090344901,3816,26
12041,taubate,SP,-23.027766508413304,-45.5785642803689,3816,26
12042,taubate,SP,-23.0397297260823,-45.6100023767592,3816,26
12043,taubate,SP,-23.0278303014917,-45.6209907739434,3816,26
12050,taubate,SP,-23.0199703577743,-45.5715691613942,3816,26
12051,taubate,SP,-23.0120087434292,-45.5856520140907,3816,26
12052,taubate,SP,-23.0094176004638,-45.5679305926249,3816,26
12053,taubate,SP,-23.0055708061766,-45.5754630274643,3816,26
12060,taubate,SP,-23.014807429888,-45.558997198678206,3816,26
12061,taubate,SP,-23.0037751636603,-45.5592238708862,3816,26
12062,taubate,SP,-23.003031488837603,-45.5469311341487,3816,26
12070,taubate,SP,-23.0175862225282,-45.5414549976845,3816,26
12071,taubate,SP,-23.0043296588063,-45.53215600479249,3816,26
12072,taubate,SP,-23.0078414851296,-45.5211072983019,3816,26
12080,taubate,SP,-23.0228060491243,-45.5508473557373,3816,26
12081,taubate,SP,-23.0276334271654,-45.5335793218923,3816,26
12082,taubate,SP,-23.0355139138211,-45.5445280465859,3816,26
12086,taubate,SP,-23.0474541471481,-45.5183686829232,3816,26
12090,taubate,SP,-23.044417151183,-45.5540369578414,3816,26
12091,taubate,SP,-23.0460852021133,-45.568569904055,3816,26
12092,taubate,SP,-23.0616712576859,-45.5859674021162,3816,26
12093,taubate,SP,-23.0687253942963,-45.5693659529138,3816,26
12095,taubate,SP,-23.0755920234394,-45.5383147818226,3816,26
12120,tremembe,SP,-22.9749848837437,-45.5479375145357,3884,26
12130,lagoinha,SP,-23.088728617085,-45.190653491370504,2052,26
12140,sao luis do paraitinga,SP,-23.2240294303257,-45.3502517391125,3551,26
12170,redencao da serra,SP,-23.2766303233622,-45.5297791777292,3063,26
12180,natividade da serra,SP,-23.3776502551946,-45.4439920506923,2430,26
12209,sao jose dos campos,SP,-23.1780004751761,-45.8838177165503,3535,26
12210,sao jose dos campos,SP,-23.1834899556503,-45.8844656069955,3535,26
12211,sao jose dos campos,SP,-23.1641375707827,-45.8932646045436,3535,26
12212,sao jose dos campos,SP,-23.1554064394861,-45.8996315259172,3535,26
12213,sao jose dos campos,SP,-23.1503522771709,-45.9093127921606,3535,26
12214,sao jose dos campos,SP,-23.1590926765698,-45.9178849850853,3535,26
12215,sao jose dos campos,SP,-23.1854524191659,-45.8716462737039,3535,26
12216,sao jose dos campos,SP,-23.1955728871983,-45.879284650658,3535,26
12220,sao jose dos campos,SP,-23.1795582330329,-45.8551034343745,3535,26
12221,sao jose dos campos,SP,-23.1711341086484,-45.8410382073255,3535,26
12223,sao jose dos campos,SP,-23.1811714154633,-45.8288525462115,3535,26
12224,sao jose dos campos,SP,-23.1783001008874,-45.8234623625202,3535,26
12225,sao jose dos campos,SP,-23.1905661483758,-45.7961003436328,3535,26
12226,sao jose dos campos,SP,-23.1417282484105,-45.8985037934218,3535,26
12227,sao jose dos campos,SP,-23.2089889157681,-45.8544699995233,3535,26
12228,sao jose dos campos,SP,-23.251060768328,-45.8343518516465,3535,26
12229,sao jose dos campos,SP,-23.2697082798542,-45.864566803347,3535,26
12230,sao jose dos campos,SP,-23.2245033458486,-45.8878428502133,3535,26
12231,sao jose dos campos,SP,-23.2243720023113,-45.8820598038852,3535,26
12232,sao jose dos campos,SP,-23.2581312361829,-45.8876091049255,3535,26
12233,sao jose dos campos,SP,-23.2466806873142,-45.8869091356832,3535,26
12234,sao jose dos campos,SP,-23.2834568554257,-45.89541600724,3535,26
12235,sao jose dos campos,SP,-23.2337867807219,-45.9024717998776,3535,26
12236,sao jose dos campos,SP,-23.2509871851244,-45.8988738671542,3535,26
12237,sao jose dos campos,SP,-23.2435741035836,-45.9135976838058,3535,26
12238,sao jose dos campos,SP,-23.2565934969524,-45.9200930728721,3535,26
12239,sao jose dos campos,SP,-23.2670294562219,-45.9012637417941,3535,26
12240,sao jose dos campos,SP,-23.2242983575347,-45.9132008208959,3535,26
12241,sao jose dos campos,SP,-23.2325050150997,-45.9265716728111,3535,26
12242,sao jose dos campos,SP,-23.201725128273996,-45.90668585444039,3535,26
12243,sao jose dos campos,SP,-23.202268092167202,-45.8980284803046,3535,26
12244,sao jose dos campos,SP,-23.1989794113254,-45.94317085580051,3535,26
12245,sao jose dos campos,SP,-23.1980083273337,-45.8888877126431,3535,26
12246,sao jose dos campos,SP,-23.2168606770301,-45.9085938048893,3535,26
12247,sao jose dos campos,SP,-23.160675066688,-45.800316567755594,3535,26
12248,sao jose dos campos,SP,-23.1708221341842,-45.7963225963239,3535,26
12250,monteiro lobato,SP,-22.9537148821067,-45.8395502305202,2369,26
12260,paraibuna,SP,-23.3931486304259,-45.6607621947701,2657,26
12270,jambeiro,SP,-23.2616830304472,-45.698152136677,1906,26
12280,cacapava,SP,-23.093824983470004,-45.7017052021115,616,26
12281,cacapava,SP,-23.1046314052037,-45.7060949260298,616,26
12282,cacapava,SP,-23.1031356905376,-45.7002294226554,616,26
12283,cacapava,SP,-23.104114819584,-45.6775201099783,616,26
12284,cacapava,SP,-23.1140616968407,-45.7006119890647,616,26
12285,cacapava,SP,-23.1250162289813,-45.7140670577399,616,26
12286,cacapava,SP,-23.1097779676947,-45.7205368736088,616,26
12287,cacapava,SP,-23.1067853133413,-45.7136441668264,616,26
12288,cacapava,SP,-23.0931768072254,-45.7110536494635,616,26
12289,cacapava,SP,-23.0706544257372,-45.7178701388685,616,26
12294,cacapava,SP,-23.1388246289572,-45.7215256429294,616,26
12297,cacapava,SP,-23.0877271186236,-45.6901028027442,616,26
12301,jacarei,SP,-23.2677333628916,-45.9399526219782,1877,26
12302,jacarei,SP,-23.2726865621465,-45.9331936045442,1877,26
12305,jacarei,SP,-23.2767718344826,-45.9476363726432,1877,26
12306,jacarei,SP,-23.2878780424705,-45.9475855586299,1877,26
12307,jacarei,SP,-23.2971496467147,-45.9563055873102,1877,26
12308,jacarei,SP,-23.3039169098493,-45.9626524880137,1877,26
12309,jacarei,SP,-23.3090447964909,-45.9571392156835,1877,26
12310,jacarei,SP,-23.2990370672006,-45.946944301228804,1877,26
12311,jacarei,SP,-23.2820178204229,-45.9394077639282,1877,26
12312,jacarei,SP,-23.3014373947924,-45.9330873609666,1877,26
12315,jacarei,SP,-23.3163928452505,-45.92932461750589,1877,26
12316,jacarei,SP,-23.3163059349891,-45.9405691297555,1877,26
12318,jacarei,SP,-23.3123378917958,-45.9553610128701,1877,26
12319,jacarei,SP,-23.3235127103336,-45.9700132756445,1877,26
12320,jacarei,SP,-23.3135629013673,-45.9759114451797,1877,26
12321,jacarei,SP,-23.2984057385199,-45.9844384715515,1877,26
12322,jacarei,SP,-23.3106972508546,-45.9844265590484,1877,26
12323,jacarei,SP,-23.324866602513,-45.9909083083903,1877,26
12324,jacarei,SP,-23.3134622884187,-46.00368673383419,1877,26
12325,jacarei,SP,-23.3059683078144,-46.0156503326945,1877,26
12327,jacarei,SP,-23.302318252316898,-45.9718881789519,1877,26
12328,jacarei,SP,-23.288301572514897,-45.9629953460956,1877,26
12329,jacarei,SP,-23.2877865392578,-45.9536318507998,1877,26
12330,jacarei,SP,-23.2965014918086,-46.0204748875866,1877,26
12331,jacarei,SP,-23.2719379418625,-46.065498776935,1877,26
12333,jacarei,SP,-23.2274060860831,-46.0694446674613,1877,26
12334,jacarei,SP,-23.2704145151264,-46.0021787283167,1877,26
12335,jacarei,SP,-23.2640029595622,-45.9645009587333,1877,26
12341,jacarei,SP,-23.2935756566708,-45.9851049730721,1877,26
12350,igarata,SP,-23.2050408934048,-46.1532002578296,1623,26
12380,santa branca,SP,-23.3992804841867,-45.8853856066444,3246,26
12400,pindamonhangaba,SP,-22.9263574439844,-45.4628509108581,2818,26
12401,pindamonhangaba,SP,-22.9201863328345,-45.4644022267963,2818,26
12402,pindamonhangaba,SP,-22.917340261223597,-45.4473477378942,2818,26
12403,pindamonhangaba,SP,-22.9217320482906,-45.4438602662378,2818,26
12405,pindamonhangaba,SP,-22.923916492417202,-45.4376599015992,2818,26
12410,pindamonhangaba,SP,-22.9347449450781,-45.4566779657252,2818,26
12411,pindamonhangaba,SP,-22.931294281816,-45.4359212422566,2818,26
12412,pindamonhangaba,SP,-22.9530708100644,-45.45910290851091,2818,26
12413,pindamonhangaba,SP,-22.9473608702147,-45.4192632428079,2818,26
12414,pindamonhangaba,SP,-22.945432107581997,-45.407988510722,2818,26
12420,pindamonhangaba,SP,-22.9431064150454,-45.465236616495,2818,26
12421,pindamonhangaba,SP,-22.9508446807782,-45.478872812336796,2818,26
12422,pindamonhangaba,SP,-22.936425609192,-45.47206960119,2818,26
12423,pindamonhangaba,SP,-22.946357355535,-45.5031883042845,2818,26
12424,pindamonhangaba,SP,-22.9573538593044,-45.4882575666139,2818,26
12425,pindamonhangaba,SP,-22.9312556511419,-45.47658489549641,2818,26
12440,pindamonhangaba,SP,-22.9129778363499,-45.3685676551389,2818,26
12441,pindamonhangaba,SP,-22.9245836052648,-45.3702843028587,2818,26
12442,pindamonhangaba,SP,-22.9385265213452,-45.3823103496036,2818,26
12443,pindamonhangaba,SP,-22.8963232789946,-45.37170640368479,2818,26
12444,pindamonhangaba,SP,-22.8969141413317,-45.3792153560873,2818,26
12445,pindamonhangaba,SP,-22.888249250266,-45.3761938754924,2818,26
12446,pindamonhangaba,SP,-22.8861757881407,-45.3675750001827,2818,26
12450,santo antonio do pinhal,SP,-22.8100295461646,-45.6887328423266,3385,26
12460,campos do jordao,SP,-22.7367192905551,-45.586426088815,737,26
12490,sao bento do sapucai,SP,-22.6910525491326,-45.7184878391508,3408,26
12500,guaratingueta,SP,-22.8131993917351,-45.1923495952395,1520,26
12501,guaratingueta,SP,-22.8185146790657,-45.1946705402187,1520,26
12502,guaratingueta,SP,-22.8157240848596,-45.1835579383752,1520,26
12503,guaratingueta,SP,-22.8257025175204,-45.1903961557037,1520,26
12505,guaratingueta,SP,-22.814053971283,-45.1992159837667,1520,26
12506,guaratingueta,SP,-22.8034756542138,-45.2106506155981,1520,26
12507,guaratingueta,SP,-22.806655722449204,-45.2395871002127,1520,26
12509,guaratingueta,SP,-22.7966028658324,-45.2253192508803,1520,26
12510,guaratingueta,SP,-22.7862816125662,-45.2283458124816,1520,26
12511,guaratingueta,SP,-22.8000131793946,-45.2070169298819,1520,26
12512,guaratingueta,SP,-22.7781617554634,-45.2077351469476,1520,26
12513,guaratingueta,SP,-22.7793163311175,-45.1989340370254,1520,26
12514,guaratingueta,SP,-22.7966906620759,-45.1976246067117,1520,26
12515,guaratingueta,SP,-22.8057625532763,-45.193135141371,1520,26
12516,guaratingueta,SP,-22.8013735123312,-45.1876450493538,1520,26
12517,guaratingueta,SP,-22.7961226002205,-45.18345967035631,1520,26
12518,guaratingueta,SP,-22.786431160715,-45.1829864577279,1520,26
12519,guaratingueta,SP,-22.7770669466569,-45.1846184956435,1520,26
12520,guaratingueta,SP,-22.8041210987102,-45.1780670831328,1520,26
12522,guaratingueta,SP,-22.7845761289969,-45.1568218027524,1520,26
12523,guaratingueta,SP,-22.7870893310077,-45.1494071399348,1520,26
12524,guaratingueta,SP,-22.8128047390168,-45.1747940441804,1520,26
12525,potim,SP,-22.8375593540848,-45.2574157422418,2966,26
12530,cunha,SP,-23.0708640248793,-44.9555940657993,1139,26
12570,aparecida,SP,-22.851231225609,-45.2466469099532,209,26
12580,roseira,SP,-22.8989292522383,-45.3043911147658,3192,26
12600,lorena,SP,-22.7308930753209,-45.1234727902704,2102,26
12601,lorena,SP,-22.7373370320113,-45.1312358989984,2102,26
12602,lorena,SP,-22.7223274659584,-45.1203219100022,2102,26
12603,lorena,SP,-22.724701033285,-45.1104657845347,2102,26
12604,lorena,SP,-22.7314948768154,-45.1087676379323,2102,26
12605,lorena,SP,-22.7380011735483,-45.0959793097451,2102,26
12606,lorena,SP,-22.7415116331678,-45.1096107617254,2102,26
12607,lorena,SP,-22.7420377488225,-45.11570273785819,2102,26
12608,lorena,SP,-22.7416683807457,-45.1269502306228,2102,26
12609,lorena,SP,-22.750167811642,-45.1220347719047,2102,26
12610,lorena,SP,-22.7525271414944,-45.132286294825,2102,26
12620,piquete,SP,-22.6089071353028,-45.1833131511937,2840,26
12630,cachoeira paulista,SP,-22.6657738252354,-45.009051684655,630,26
12690,silveiras,SP,-22.6670952038387,-44.8526668311853,3720,26
12701,cruzeiro,SP,-22.5781262409189,-44.961549057409,1126,26
12702,cruzeiro,SP,-22.5857145226152,-44.9682674254054,1126,26
12703,cruzeiro,SP,-22.5841512675563,-44.976348651464,1126,26
12704,cruzeiro,SP,-22.5791135076795,-44.9828049000396,1126,26
12705,cruzeiro,SP,-22.5744339645359,-44.9699439571695,1126,26
12710,cruzeiro,SP,-22.5681959142578,-44.9597515989878,1126,26
12711,cruzeiro,SP,-22.5634206028686,-44.9679021145794,1126,26
12712,cruzeiro,SP,-22.561151367202,-44.9595338018406,1126,26
12720,cruzeiro,SP,-22.5653312140409,-44.9447933251287,1126,26
12721,cruzeiro,SP,-22.5589003881518,-44.9444642669257,1126,26
12722,cruzeiro,SP,-22.5618851530671,-44.9381516278749,1126,26
12730,cruzeiro,SP,-22.5797710889248,-44.9530863357892,1126,26
12760,lavrinhas,SP,-22.560121483523,-44.9188351729916,2076,26
12800,queluz,SP,-22.5389916139608,-44.7724618254604,3029,26
12820,areias,SP,-22.582287289027402,-44.6961557848773,290,26
12830,sao jose do barreiro,SP,-22.649594093894695,-44.5778178909819,3513,26
12850,bananal,SP,-22.6834505512279,-44.3189179333304,372,26
12870,arapei,SP,-22.673672472958,-44.4465426739561,254,26
12900,braganca paulista,SP,-22.9565449700802,-46.5419600853866,551,26
12902,braganca paulista,SP,-22.9593308949425,-46.5482884121165,551,26
12903,braganca paulista,SP,-22.9439588035687,-46.5542958920651,551,26
12904,braganca paulista,SP,-22.944605371138305,-46.5489170099633,551,26
12906,braganca paulista,SP,-22.9391529643301,-46.5494057167692,551,26
12908,braganca paulista,SP,-22.935170269703,-46.5450229027054,551,26
12910,braganca paulista,SP,-22.941403551092,-46.5316469756885,551,26
12912,braganca paulista,SP,-22.9511631653168,-46.5344803193341,551,26
12913,braganca paulista,SP,-22.9616937184857,-46.5238541652566,551,26
12914,braganca paulista,SP,-22.9648027830977,-46.5344193152852,551,26
12916,braganca paulista,SP,-22.981754447933195,-46.5340308924578,551,26
12917,braganca paulista,SP,-22.981212941373,-46.5476855307824,551,26
12918,braganca paulista,SP,-22.9744458113705,-46.6020036797654,551,26
12919,braganca paulista,SP,-22.9711009425849,-46.5505211738568,551,26
12922,braganca paulista,SP,-22.9145084478207,-46.555691446084,551,26
12924,braganca paulista,SP,-22.8781461569946,-46.5309539228608,551,26
12926,braganca paulista,SP,-22.9221208477092,-46.5400701567881,551,26
12927,braganca paulista,SP,-22.9129744253544,-46.5342941352227,551,26
12929,braganca paulista,SP,-22.9319533418242,-46.5240428114461,551,26
12930,tuiuti,SP,-22.8141926224813,-46.6948541758067,3911,26
12935,vargem,SP,-22.894549657811,-46.4106328698259,3998,26
12940,atibaia,SP,-23.114730524308,-46.5528805398779,331,26
12941,atibaia,SP,-23.123122478910496,-46.5415806323709,331,26
12942,atibaia,SP,-23.1228091829087,-46.5600500939844,331,26
12943,atibaia,SP,-23.1277768926162,-46.5691205520162,331,26
12944,atibaia,SP,-23.1093389006439,-46.5543522076765,331,26
12945,atibaia,SP,-23.112732633479,-46.5270940677992,331,26
12946,atibaia,SP,-23.1417069330073,-46.55109717181259,331,26
12947,atibaia,SP,-23.1383246972141,-46.5583764329057,331,26
12948,atibaia,SP,-23.1963356178522,-46.5870910654478,331,26
12949,atibaia,SP,-23.1524633151899,-46.5922799954752,331,26
12950,atibaia,SP,-23.141731401854,-46.5822339458806,331,26
12951,atibaia,SP,-23.124376740381,-46.5827915534665,331,26
12952,atibaia,SP,-23.0899252458561,-46.6116542250877,331,26
12953,atibaia,SP,-23.0953725751773,-46.6002934902457,331,26
12954,atibaia,SP,-23.0738033057725,-46.5565784037833,331,26
12955,bom jesus dos perdoes,SP,-23.1382769891755,-46.4686125325134,521,26
12960,nazare paulista,SP,-23.173659808343796,-46.3995099912028,2435,26
12970,piracaia,SP,-23.0558608520058,-46.359235959126,2841,26
12980,joanopolis,SP,-22.9308942169212,-46.2750335045086,1966,26
12990,pedra bela,SP,-22.7950785051534,-46.4459800210432,2740,26
12995,pinhalzinho,SP,-22.7807361296829,-46.5888671096183,2830,26
13010,campinas,SP,-22.9043770836882,-47.0589520912877,706,26
13012,campinas,SP,-22.905002116394,-47.0596435209838,706,26
13013,campinas,SP,-22.9061343983311,-47.0634557594334,706,26
13015,campinas,SP,-22.9042136924814,-47.056548996378,706,26
13020,campinas,SP,-22.8985353192557,-47.0679130125243,706,26
13023,campinas,SP,-22.893848032534,-47.061337022441904,706,26
13024,campinas,SP,-22.8921191865981,-47.05458135882981,706,26
13025,campinas,SP,-22.8983873173993,-47.0516405474548,706,26
13026,campinas,SP,-22.9124516742365,-47.04911549910741,706,26
13030,campinas,SP,-22.9249698620536,-47.0742835459636,706,26
13031,campinas,SP,-22.9197456260837,-47.0854500628469,706,26
13032,campinas,SP,-22.907875061471,-47.0850348483669,706,26
13033,campinas,SP,-22.9049367525666,-47.097084723020295,706,26
13034,campinas,SP,-22.9093691251325,-47.09076806719,706,26
13035,campinas,SP,-22.9116356945538,-47.0747633444191,706,26
13036,campinas,SP,-22.9194734108024,-47.0686350038382,706,26
13040,campinas,SP,-22.9394299775459,-47.0594587532918,706,26
13041,campinas,SP,-22.9195812361707,-47.0572314374927,706,26
13042,campinas,SP,-22.9462672795473,-47.0504982398539,706,26
13043,campinas,SP,-22.9340527839347,-47.0414932751287,706,26
13044,campinas,SP,-22.9420106390116,-47.042321116234,706,26
13045,campinas,SP,-22.933999074895596,-47.033040044139106,706,26
13046,campinas,SP,-22.9347098335328,-47.0206901214511,706,26
13049,campinas,SP,-22.948238331811105,-47.080044422851294,706,26
13050,campinas,SP,-22.9403829939259,-47.0952628873275,706,26
13051,campinas,SP,-22.9591763410606,-47.0884144710067,706,26
13052,campinas,SP,-22.977744928919,-47.1041530696193,706,26
13053,campinas,SP,-23.024933870653,-47.1160245199785,706,26
13054,campinas,SP,-22.9741313875823,-47.1264495588527,706,26
13056,campinas,SP,-22.975100456164597,-47.1429252303022,706,26
13057,campinas,SP,-22.9721771277393,-47.1641186422161,706,26
13058,campinas,SP,-22.9517861902769,-47.18393306814821,706,26
13059,campinas,SP,-22.9426731770941,-47.1532035454411,706,26
13060,campinas,SP,-22.9319801693275,-47.1118414916985,706,26
13061,campinas,SP,-22.911275620683597,-47.1146789484489,706,26
13063,campinas,SP,-22.8892292786844,-47.1085156313,706,26
13064,campinas,SP,-22.9002967249559,-47.000376207127,706,26
13065,campinas,SP,-22.8816629795963,-47.1260006669114,706,26
13067,campinas,SP,-22.8874425822783,-47.1409170760118,706,26
13068,campinas,SP,-22.8630752313695,-47.1499811889347,706,26
13069,campinas,SP,-22.8471245271387,-47.1398867986096,706,26
13070,campinas,SP,-22.8920575545659,-47.0824427841178,706,26
13073,campinas,SP,-22.884602705368,-47.06730188388,706,26
13075,campinas,SP,-22.8803674895247,-47.0608014305491,706,26
13076,campinas,SP,-22.881708557717,-47.0504642669471,706,26
13077,campinas,SP,-22.8778225011263,-47.0425100304926,706,26
13080,campinas,SP,-22.8528388966494,-47.0756974716602,706,26
13081,campinas,SP,-22.8574079211433,-47.0674932348004,706,26
13082,campinas,SP,-22.841108341963,-47.1038888950099,706,26
13083,campinas,SP,-22.8166568602008,-47.0712740520713,706,26
13084,campinas,SP,-22.8234207639351,-47.087192956804,706,26
13085,campinas,SP,-22.7910692505154,-47.0809987069122,706,26
13086,campinas,SP,-22.8205568398022,-47.0510982605932,706,26
13087,campinas,SP,-22.85798998347,-47.0530508804773,706,26
13088,campinas,SP,-22.859827954098,-47.038229238329,706,26
13090,campinas,SP,-22.8878026780454,-47.0382727734835,706,26
13091,campinas,SP,-22.877397525375304,-47.0294685122315,706,26
13092,campinas,SP,-22.8950006078013,-47.0348355489308,706,26
13097,campinas,SP,-22.846425889636,-47.0247679598329,706,26
13098,campinas,SP,-22.8162479007562,-47.02283651850149,706,26
13099,campinas,SP,-22.7537008103264,-47.0145345418698,706,26
13100,campinas,SP,-22.9142550094632,-47.0388412211599,706,26
13101,campinas,SP,-22.9140200060427,-47.0135354082324,706,26
13104,campinas,SP,-22.862234836097496,-46.976608256546,706,26
13105,campinas,SP,-22.8884131557148,-46.9844219815768,706,26
13106,campinas,SP,-22.885998814164,-46.9733931979357,706,26
13107,campinas,SP,-22.8729835765672,-46.9598492076562,706,26
13140,paulinia,SP,-22.76960017971,-47.1504022738869,2725,26
13141,paulinia,SP,-22.7935760221407,-47.1567607690681,2725,26
13142,paulinia,SP,-22.7821679154905,-47.1781610637693,2725,26
13144,paulinia,SP,-22.7563833627092,-47.2008363252429,2725,26
13145,paulinia,SP,-22.7353322356074,-47.176654065671,2725,26
13146,paulinia,SP,-22.7279831184386,-47.1674454821611,2725,26
13147,paulinia,SP,-22.7331343621834,-47.1402653626273,2725,26
13148,paulinia,SP,-22.7770948809025,-47.1126560176294,2725,26
13150,cosmopolis,SP,-22.641854186411,-47.1893851007123,1088,26
13152,cosmopolis,SP,-22.6386673163084,-47.1796146893798,1088,26
13154,cosmopolis,SP,-22.6334741649821,-47.1775149451076,1088,26
13155,cosmopolis,SP,-22.6302716641194,-47.1887288325023,1088,26
13157,cosmopolis,SP,-22.6367596277766,-47.1980478659916,1088,26
13160,artur nogueira,SP,-22.5712078616283,-47.1657687687331,315,26
13165,engenheiro coelho,SP,-22.4878177233523,-47.2045547125345,1253,26
13170,sumare,SP,-22.8221365108088,-47.2703354252125,3755,26
13171,sumare,SP,-22.8320680607645,-47.270520313249,3755,26
13172,sumare,SP,-22.8153935364239,-47.2864046322487,3755,26
13173,sumare,SP,-22.8003869254663,-47.2758988674504,3755,26
13174,sumare,SP,-22.814653098753,-47.2607883050976,3755,26
13175,sumare,SP,-22.8179918629225,-47.2411012641186,3755,26
13177,sumare,SP,-22.8092803637171,-47.226570221333,3755,26
13178,sumare,SP,-22.8043149623076,-47.2059631608954,3755,26
13179,sumare,SP,-22.8207624096112,-47.1715131390399,3755,26
13180,sumare,SP,-22.8377393208825,-47.1697329810789,3755,26
13181,sumare,SP,-22.841194048235696,-47.1916932012628,3755,26
13183,hortolandia,SP,-22.8550324970569,-47.2130300195921,1551,26
13184,hortolandia,SP,-22.8702833138469,-47.2124140636317,1551,26
13185,hortolandia,SP,-22.8927916056497,-47.17384949978639,1551,26
13186,hortolandia,SP,-22.8899823604583,-47.1989801200519,1551,26
13187,hortolandia,SP,-22.8962319861788,-47.2157920160417,1551,26
13188,hortolandia,SP,-22.898208677626,-47.23775589949491,1551,26
13189,hortolandia,SP,-22.8751178353415,-47.2331244687866,1551,26
13190,monte mor,SP,-22.9443894096943,-47.2953512215183,2364,26
13201,jundiai,SP,-23.1860517234778,-46.8859147464743,2000,26
13202,jundiai,SP,-23.2041038696093,-46.8725900966585,2000,26
13203,jundiai,SP,-23.2156753093274,-46.8603667585351,2000,26
13205,jundiai,SP,-23.2474033217439,-46.854640654102,2000,26
13206,jundiai,SP,-23.2113361578693,-46.8803029388077,2000,26
13207,jundiai,SP,-23.2013410193089,-46.88784814763899,2000,26
13208,jundiai,SP,-23.1948143174284,-46.8967992810081,2000,26
13209,jundiai,SP,-23.1810617818343,-46.9036432784825,2000,26
13210,jundiai,SP,-23.220872853278,-46.8850883285651,2000,26
13211,jundiai,SP,-23.189420416902305,-46.9215733471751,2000,26
13212,jundiai,SP,-23.176397106134697,-46.9741566217698,2000,26
13213,jundiai,SP,-23.1550894816705,-46.9856702114416,2000,26
13214,jundiai,SP,-23.1579949720146,-46.9181998526858,2000,26
13215,jundiai,SP,-23.1696680587173,-46.8867151641649,2000,26
13216,jundiai,SP,-23.170084199458,-46.87358089920141,2000,26
13218,jundiai,SP,-23.1739719192341,-46.8528641606196,2000,26
13219,jundiai,SP,-23.1884096289058,-46.8539878182878,2000,26
13220,varzea paulista,SP,-23.2109676289689,-46.8448190000569,4017,26
13221,varzea paulista,SP,-23.195121005761,-46.8303826624137,4017,26
13222,varzea paulista,SP,-23.1955520481823,-46.8216951401123,4017,26
13223,varzea paulista,SP,-23.2157948631328,-46.8103174607741,4017,26
13224,varzea paulista,SP,-23.2187022290396,-46.8324959086252,4017,26
13225,varzea paulista,SP,-23.2267583882593,-46.8449445152431,4017,26
13226,varzea paulista,SP,-23.2434015301963,-46.8276141261182,4017,26
13230,campo limpo paulista,SP,-23.2082913636884,-46.7866280230894,726,26
13231,campo limpo paulista,SP,-23.201281366969,-46.7818637825933,726,26
13232,campo limpo paulista,SP,-23.2117463327322,-46.7628751380513,726,26
13233,campo limpo paulista,SP,-23.1805212511005,-46.7641320705633,726,26
13234,campo limpo paulista,SP,-23.221051455728,-46.7261724378874,726,26
13236,campo limpo paulista,SP,-23.2231001715381,-46.796208537489,726,26
13238,campo limpo paulista,SP,-23.2351430329667,-46.7693041322398,726,26
13240,jarinu,SP,-23.0964922546016,-46.7179246602641,1937,26
13250,itatiba,SP,-23.0033017402768,-46.8377151549986,1833,26
13251,itatiba,SP,-22.9957618603015,-46.8364615752784,1833,26
13252,itatiba,SP,-22.9677981351671,-46.8070195144538,1833,26
13253,itatiba,SP,-23.0028598587367,-46.8242058282965,1833,26
13254,itatiba,SP,-23.0122702292962,-46.8135451288994,1833,26
13255,itatiba,SP,-23.0426471937812,-46.8440819962202,1833,26
13256,itatiba,SP,-23.0096990888363,-46.8543345098747,1833,26
13257,itatiba,SP,-22.9882573758894,-46.8539626950608,1833,26
13260,morungaba,SP,-22.8759384784145,-46.7934347068782,2395,26
13270,valinhos,SP,-22.9754581407223,-47.0026823923495,3993,26
13271,valinhos,SP,-22.9727723404151,-47.0122408319555,3993,26
13272,valinhos,SP,-22.951601887531595,-47.0019955589117,3993,26
13273,valinhos,SP,-22.9472101944419,-46.9774220454326,3993,26
13274,valinhos,SP,-22.9660011047084,-46.9788417616637,3993,26
13275,valinhos,SP,-22.9803116298363,-46.9852668754599,3993,26
13276,valinhos,SP,-22.9799438496408,-46.9953706815185,3993,26
13277,valinhos,SP,-22.990617033363502,-46.99726284808279,3993,26
13278,valinhos,SP,-23.000202575912,-47.0165547993775,3993,26
13279,valinhos,SP,-23.009535593925204,-47.0180664931648,3993,26
13280,vinhedo,SP,-23.0314772794815,-46.9811167678693,4069,26
13282,vinhedo,SP,-23.0675326675848,-46.9074919851299,4069,26
13283,vinhedo,SP,-23.0373668400734,-46.9771169112282,4069,26
13284,vinhedo,SP,-23.0344547685743,-46.9812236368028,4069,26
13285,vinhedo,SP,-23.0355433874923,-47.0057733817938,4069,26
13286,vinhedo,SP,-23.0484908768891,-47.0218675466437,4069,26
13287,vinhedo,SP,-23.0513457332309,-46.9893315309787,4069,26
13288,vinhedo,SP,-23.0702286289365,-47.0012631749151,4069,26
13289,vinhedo,SP,-23.0402523155528,-46.9797820361395,4069,26
13290,louveira,SP,-23.0855050741991,-46.9595409606705,2105,26
13295,itupeva,SP,-23.1573062283059,-47.0540604464265,1855,26
13300,itu,SP,-23.2658132077645,-47.2994442874378,1849,26
13301,itu,SP,-23.2552141806218,-47.2978202469044,1849,26
13304,itu,SP,-23.275224884481805,-47.2770091242385,1849,26
13305,itu,SP,-23.2852127252339,-47.2555039040996,1849,26
13306,itu,SP,-23.2872635077172,-47.2809466361259,1849,26
13308,itu,SP,-23.3853839463372,-47.338485814438,1849,26
13309,itu,SP,-23.2815966617422,-47.2943737728349,1849,26
13310,itu,SP,-23.2753107012236,-47.3071253321618,1849,26
13311,itu,SP,-23.2629423940922,-47.3155712215069,1849,26
13312,itu,SP,-23.2589741759252,-47.3442003066024,1849,26
13313,itu,SP,-23.2479320274425,-47.31563631288281,1849,26
13315,cabreuva,SP,-23.2729252801399,-47.0846305931781,613,26
13318,jacare,SP,-23.2831637647373,-46.2975213250083,1875,26
13320,salto,SP,-23.2027462676699,-47.2958664469469,3219,26
13321,salto,SP,-23.1919646264527,-47.29025803342,3219,26
13322,salto,SP,-23.1929037491045,-47.2753096960776,3219,26
13323,salto,SP,-23.2163152867714,-47.2715935008957,3219,26
13324,salto,SP,-23.2094712789164,-47.3092288922385,3219,26
13326,salto,SP,-23.1935054711531,-47.309706322617,3219,26
13327,salto,SP,-23.1795314899456,-47.3133838366604,3219,26
13328,salto,SP,-23.1750660424596,-47.3386506419711,3219,26
13329,salto,SP,-23.1619543069479,-47.3042037359874,3219,26
13330,indaiatuba,SP,-23.0863391564841,-47.2168868364349,1659,26
13331,indaiatuba,SP,-23.0742695444906,-47.2268355235786,1659,26
13332,indaiatuba,SP,-23.0575341246893,-47.2180464213866,1659,26
13333,indaiatuba,SP,-23.0733287405768,-47.2100596535905,1659,26
13334,indaiatuba,SP,-23.0822081548009,-47.2034325278278,1659,26
13335,indaiatuba,SP,-23.0755220018402,-47.1969972475416,1659,26
13336,indaiatuba,SP,-23.0620858190883,-47.1885157550725,1659,26
13337,indaiatuba,SP,-23.0618534089659,-47.1686069990525,1659,26
13338,indaiatuba,SP,-23.0888820708901,-47.1926776826221,1659,26
13339,indaiatuba,SP,-23.0921152901717,-47.200861290702896,1659,26
13340,indaiatuba,SP,-23.0983785962361,-47.1829946920607,1659,26
13341,indaiatuba,SP,-23.1212575090719,-47.1664214850952,1659,26
13342,indaiatuba,SP,-23.1327014294084,-47.1841139155909,1659,26
13343,indaiatuba,SP,-23.1004891827832,-47.2069414225915,1659,26
13344,indaiatuba,SP,-23.1063922378746,-47.2153524498155,1659,26
13345,indaiatuba,SP,-23.1022585767375,-47.2223781603617,1659,26
13346,indaiatuba,SP,-23.1179713216422,-47.2277867574287,1659,26
13347,indaiatuba,SP,-23.134112877805,-47.2279751413756,1659,26
13348,indaiatuba,SP,-23.116399349149905,-47.2378265415625,1659,26
13349,indaiatuba,SP,-23.1168244369013,-47.2487276871796,1659,26
13350,elias fausto,SP,-23.0406333296626,-47.3716486140602,1238,26
13360,capivari,SP,-22.9974837948589,-47.505725105505,803,26
13370,rafard,SP,-23.0178638852369,-47.5287510906979,3047,26
13375,mombuca,SP,-20.5693664754144,-46.0231191485012,2335,26
13380,nova odessa,SP,-22.785778889541,-47.3125371417407,2501,26
13382,nova odessa,SP,-22.8004228182146,-47.3074636655966,2501,26
13385,nova odessa,SP,-22.791088944580405,-47.2938417450878,2501,26
13386,nova odessa,SP,-22.803511012903,-47.3026150134901,2501,26
13387,nova odessa,SP,-22.7772560550921,-47.2831821069658,2501,26
13389,nova odessa,SP,-22.7642897585927,-47.2266129714907,2501,26
13390,rio das pedras,SP,-22.8423218767877,-47.607053611387194,3129,26
13400,piracicaba,SP,-22.7259192750164,-47.651635811139506,2844,26
13401,piracicaba,SP,-22.752482799035995,-47.6591724927299,2844,26
13402,piracicaba,SP,-22.7482791791705,-47.6719928533123,2844,26
13403,piracicaba,SP,-22.7238265262129,-47.6728978302283,2844,26
13405,piracicaba,SP,-22.7087021006625,-47.6647008524714,2844,26
13406,piracicaba,SP,-22.6818540809653,-47.7047214791888,2844,26
13408,piracicaba,SP,-22.6720679118511,-47.6957253397283,2844,26
13409,piracicaba,SP,-22.6770275347059,-47.7077068612607,2844,26
13411,piracicaba,SP,-22.6701003113956,-47.6874599459064,2844,26
13412,piracicaba,SP,-22.6822864088357,-47.6621118326616,2844,26
13413,piracicaba,SP,-22.6700520744268,-47.6085771045538,2844,26
13414,piracicaba,SP,-22.6915189544672,-47.6409527681029,2844,26
13415,piracicaba,SP,-22.7069705587115,-47.5947532216945,2844,26
13416,piracicaba,SP,-22.7169015816537,-47.6401882632061,2844,26
13417,piracicaba,SP,-22.7398779815606,-47.6361896987593,2844,26
13418,piracicaba,SP,-22.7250796924315,-47.630333420285496,2844,26
13419,piracicaba,SP,-22.7290292305127,-47.6411480898057,2844,26
13420,piracicaba,SP,-22.7359527425121,-47.6183986200581,2844,26
13421,piracicaba,SP,-22.7697617242809,-47.597279910981094,2844,26
13422,piracicaba,SP,-22.7502397570601,-47.602430878994106,2844,26
13423,piracicaba,SP,-22.757692968580404,-47.5923053059093,2844,26
13424,piracicaba,SP,-22.749481886689,-47.6454614889177,2844,26
13425,piracicaba,SP,-22.7545565944789,-47.6208414113606,2844,26
13426,piracicaba,SP,-22.762874274353198,-47.6283700569929,2844,26
13427,piracicaba,SP,-22.7429503134101,-47.5746347353324,2844,26
13428,piracicaba,SP,-22.7344970224328,-47.5571183478891,2844,26
13432,piracicaba,SP,-22.6761472676005,-47.77223074833,2844,26
13440,saltinho,SP,-22.8451699572027,-47.6774259881999,3218,26
13450,santa barbara dÂ´oeste,SP,-22.7578829201253,-47.4170549724752,3245,26
13451,santa barbara d'oeste,SP,-22.7450501834502,-47.420435267534,3242,26
13452,santa barbara d'oeste,SP,-22.7309889531013,-47.4093459022908,3242,26
13453,santa barbara d'oeste,SP,-22.7350639692133,-47.399368980317696,3242,26
13454,santa barbara d'oeste,SP,-22.740602295539105,-47.3758208547167,3242,26
13455,santa barbara d'oeste,SP,-22.7264921893907,-47.3680692490562,3242,26
13456,santa barbara d'oeste,SP,-22.7570969127763,-47.37609423222231,3242,26
13457,santa barbara d'oeste,SP,-22.767878146745,-47.3855008112699,3242,26
13458,santa barbara d'oeste,SP,-22.7733979149267,-47.4059657546271,3242,26
13459,santa barbara d'oeste,SP,-22.7360201272202,-47.4877788131874,3242,26
13460,nova odessa,SP,-22.7850359743533,-47.295187414369,2501,26
13465,americana,SP,-22.7437390771219,-47.3369973881905,152,26
13466,americana,SP,-22.7534512440754,-47.3270163223129,152,26
13467,americana,SP,-22.769601469495402,-47.3397904888726,152,26
13468,americana,SP,-22.7549376217771,-47.3494039671503,152,26
13469,americana,SP,-22.7295302273088,-47.3562001296091,152,26
13470,americana,SP,-22.7173771251073,-47.3546265821342,152,26
13471,americana,SP,-22.7261943345531,-47.3372546257877,152,26
13472,americana,SP,-22.7259518557649,-47.3164545822884,152,26
13473,americana,SP,-22.7206253301014,-47.3072368798472,152,26
13474,americana,SP,-22.7050594933037,-47.29428475108319,152,26
13475,americana,SP,-22.7203848080671,-47.2784470613849,152,26
13476,americana,SP,-22.742947820785,-47.2422303571089,152,26
13477,americana,SP,-22.7373887750541,-47.3004681099461,152,26
13478,americana,SP,-22.7436469198625,-47.3120357131508,152,26
13479,americana,SP,-22.7580264337717,-47.2869273225229,152,26
13480,limeira,SP,-22.570721481502495,-47.4030952037246,2088,26
13481,limeira,SP,-22.6000042592818,-47.4071285873196,2088,26
13482,limeira,SP,-22.5799858221109,-47.4286600456768,2088,26
13483,limeira,SP,-22.5607550228816,-47.4464944406528,2088,26
13484,limeira,SP,-22.5559914040596,-47.4220603783975,2088,26
13485,limeira,SP,-22.5456808582291,-47.3910032831105,2088,26
13486,limeira,SP,-22.5659647615924,-47.383806032359296,2088,26
13487,limeira,SP,-22.583825650676104,-47.3763861094968,2088,26
13490,cordeiropolis,SP,-22.4817635644801,-47.459958340316,1050,26
13495,iracemapolis,SP,-22.5865901476871,-47.5143448522831,1710,26
13500,rio claro,SP,-22.4089521437123,-47.5636804148211,3125,26
13501,rio claro,SP,-22.4257783610573,-47.5604367003223,3125,26
13502,rio claro,SP,-22.4360434368885,-47.5803561862401,3125,26
13503,rio claro,SP,-22.4129269357784,-47.5792958770093,3125,26
13504,rio claro,SP,-22.392136581834,-47.577681220068,3125,26
13505,rio claro,SP,-22.378490113006404,-47.56519468442949,3125,26
13506,rio claro,SP,-22.3917655405855,-47.5485111257286,3125,26
13508,ajapi,SP,-22.4114895673148,-47.5709634379652,67,26
13510,santa gertrudes,SP,-22.4532048122824,-47.5346300576141,3273,26
13515,charqueada,SP,-22.51133845226,-47.7758844627959,945,26
13520,sao pedro,SP,-22.551245258699197,-47.90659642198051,3587,26
13525,aguas de sao pedro,SP,-22.6024815525724,-47.8714302134882,55,26
13530,itirapina,SP,-22.2520025960145,-47.815431124514,1844,26
13540,corumbatai,SP,-22.2282755121401,-47.622972858108,1084,26
13550,analandia,SP,-22.1244830779546,-47.6623397703792,163,26
13560,sao carlos,SP,-22.0150043648016,-47.8901810855609,3420,26
13561,sao carlos,SP,-22.0144517769621,-47.9084174416709,3420,26
13562,sao carlos,SP,-22.004957566185,-47.9147364221996,3420,26
13563,sao carlos,SP,-21.9868294034214,-47.9256180420133,3420,26
13564,sao carlos,SP,-21.9961270819102,-47.9009567460482,3420,26
13565,sao carlos,SP,-21.9727792732171,-47.8941280676779,3420,26
13566,sao carlos,SP,-21.9994844846614,-47.8875036691918,3420,26
13567,sao carlos,SP,-22.0069774118093,-47.8704025724777,3420,26
13568,sao carlos,SP,-22.0052208702425,-47.8562163194249,3420,26
13569,sao carlos,SP,-22.016927097859,-47.8745705886405,3420,26
13570,sao carlos,SP,-22.0303226427814,-47.879492026181794,3420,26
13571,sao carlos,SP,-22.0317749955246,-47.86784580608511,3420,26
13572,sao carlos,SP,-22.0424992911352,-47.8921000529258,3420,26
13573,sao carlos,SP,-22.0600513783541,-47.9024616915898,3420,26
13574,sao carlos,SP,-22.0275700008977,-47.9007218802229,3420,26
13575,sao carlos,SP,-22.0335061633622,-47.90892483428421,3420,26
13580,ribeirao bonito,SP,-22.0816238495267,-48.2203623841781,3097,26
13590,dourado,SP,-22.1116039068465,-48.3144289846816,1221,26
13600,araras,SP,-22.355359127465,-47.3849159766438,267,26
13601,araras,SP,-22.370061245002,-47.3888746282835,267,26
13602,araras,SP,-22.3645902105887,-47.3949845163729,267,26
13603,araras,SP,-22.349908077989305,-47.4007534049985,267,26
13604,araras,SP,-22.3362501917718,-47.3811667131114,267,26
13605,araras,SP,-22.3464047109711,-47.3690161451517,267,26
13606,araras,SP,-22.3540671935651,-47.3350948886554,267,26
13607,araras,SP,-22.3691699747587,-47.3627934830026,267,26
13608,araras,SP,-22.3560552885483,-47.3247497793057,267,26
13609,araras,SP,-22.379486304301,-47.3798824759223,267,26
13610,leme,SP,-22.189204087033904,-47.38820219228679,2078,26
13611,leme,SP,-22.194884629066696,-47.37820267517301,2078,26
13612,leme,SP,-22.1936000424781,-47.404699238413706,2078,26
13613,leme,SP,-22.1816475993134,-47.4042667122654,2078,26
13614,leme,SP,-22.1763071967343,-47.3937412789224,2078,26
13615,leme,SP,-22.1685155677077,-47.3812412138008,2078,26
13616,leme,SP,-22.1731985341149,-47.3734216695834,2078,26
13617,leme,SP,-22.1870620867573,-47.3711972477105,2078,26
13625,santa cruz da conceicao,SP,-22.1385872990187,-47.4546018439061,3255,26
13630,pirassununga,SP,-21.9944665982873,-47.4281952225325,2863,26
13631,pirassununga,SP,-22.0162300210782,-47.4239867283074,2863,26
13632,pirassununga,SP,-22.0132719946841,-47.415154364565,2863,26
13633,pirassununga,SP,-22.0187099610897,-47.4306470219792,2863,26
13635,pirassununga,SP,-21.9740276655432,-47.4270785055422,2863,26
13636,pirassununga,SP,-21.9902000706054,-47.4158513624099,2863,26
13640,pirassununga,SP,-21.9451313766539,-47.3671709131833,2863,26
13641,pirassununga,SP,-21.931770844716898,-47.3698129495408,2863,26
13643,pirassununga,SP,-21.9540522965563,-47.3721244625241,2863,26
13650,santa cruz das palmeiras,SP,-21.8265600181657,-47.2487181924154,3256,26
13660,porto ferreira,SP,-21.8660324259835,-47.4781017581213,2947,26
13670,santa rita do passa quatro,SP,-21.7035534285876,-47.4828067630955,3315,26
13690,descalvado,SP,-21.9086341537278,-47.6195840295051,1165,26
13700,casa branca,SP,-21.789190389997405,-47.0723282808768,863,26
13707,venda branca,SP,-21.9485467633266,-47.1178027721367,4023,26
13710,tambau,SP,-21.7034950305355,-47.276353860301,3783,26
13715,itobi,SP,-21.7331024616837,-46.972270079691,1847,26
13720,sao jose do rio pardo,SP,-21.5829874299343,-46.9477585693344,3528,26
13730,mococa,SP,-21.4666601050037,-47.0053072961284,2322,26
13731,mococa,SP,-21.4646379526232,-47.0180063476217,2322,26
13732,mococa,SP,-21.4564837393054,-47.0141269778305,2322,26
13733,mococa,SP,-21.4567530304115,-47.0058742823045,2322,26
13735,mococa,SP,-21.4728919108697,-46.9970820932493,2322,26
13736,mococa,SP,-21.4819859810353,-47.0053890281787,2322,26
13737,mococa,SP,-21.4875586300279,-47.0086616357421,2322,26
13760,tapiratiba,SP,-21.472495940036804,-46.7484992018336,3800,26
13770,caconde,SP,-21.5286837223433,-46.6450508943682,635,26
13780,divinolandia,SP,-21.6614068228904,-46.7366229612712,1188,26
13790,sao sebastiao da grama,SP,-21.7108709548933,-46.8208353665748,3607,26
13800,mogi mirim,SP,-22.4372444975852,-46.9654570503464,2329,26
13801,mogi mirim,SP,-22.4385853822646,-46.9521882518663,2329,26
13802,mogi mirim,SP,-22.4368999083761,-46.9365261773602,2329,26
13803,mogi mirim,SP,-22.461559601994605,-46.97495192099499,2329,26
13806,mogi mirim,SP,-22.4200022915159,-46.9680011063815,2329,26
13807,mogi mirim,SP,-22.4094959737293,-46.9554466629538,2329,26
13808,mogi mirim,SP,-22.4470557074748,-46.9427771674516,2329,26
13820,jaguariuna,SP,-22.6929488448928,-46.9828775402933,1899,26
13825,holambra,SP,-22.6330460094361,-47.0526039122377,1547,26
13830,santo antonio de posse,SP,-22.6056184319977,-46.9204472381335,3370,26
13835,conchal,SP,-22.3383985693321,-47.1683209783616,1021,26
13840,mogi guacu,SP,-22.3660406495058,-46.9381671335819,2328,26
13841,mogi-guacu,SP,-22.3649632233789,-46.9243859446852,2330,26
13842,mogi-guacu,SP,-22.3848194830422,-46.9263504938328,2330,26
13843,mogi guacu,SP,-22.3834077303076,-46.9359873508705,2328,26
13844,mogi guacu,SP,-22.3834365140428,-46.9479265426196,2328,26
13845,mogi-guacu,SP,-22.3563141231984,-46.9512633640901,2330,26
13846,mogi-guacu,SP,-22.3327742770541,-46.9496839648136,2330,26
13847,mogi-guacu,SP,-22.3500972243323,-46.9411556909793,2330,26
13848,mogi-guacu,SP,-22.3397841143951,-46.9243096795394,2330,26
13855,mogi-guacu,SP,-22.2913193111309,-47.1203617402228,2330,26
13857,estiva gerbi,SP,-22.2746176987829,-46.9528438955836,1289,26
13860,aguai,SP,-22.0569686617224,-46.9761191506066,48,26
13870,sao joao da boa vista,SP,-21.9731676879227,-46.7945947474964,3468,26
13871,sao joao da boa vista,SP,-21.9809203966021,-46.8005680036852,3468,26
13872,sao joao da boa vista,SP,-21.9878617867943,-46.8068138163185,3468,26
13873,sao joao da boa vista,SP,-21.9550561560557,-46.7986341291967,3468,26
13874,sao joao da boa vista,SP,-21.969838473441,-46.7747162289668,3468,26
13875,sao joao da boa vista,SP,-21.983442462818,-46.7778340721274,3468,26
13876,sao joao da boa vista,SP,-21.995959859554905,-46.7829390366205,3468,26
13877,sao joao da boa vista,SP,-22.0046591304657,-46.818708131694,3468,26
13880,vargem grande do sul,SP,-21.8349186410343,-46.8991857259199,4005,26
13890,aguas da prata,SP,-21.9400877713392,-46.71391248489879,52,26
13900,amparo,SP,-22.7031279666516,-46.7663213677728,158,26
13901,amparo,SP,-22.7002507081784,-46.7733190470908,158,26
13902,amparo,SP,-22.7040245009949,-46.7522541160929,158,26
13903,amparo,SP,-22.7138609251166,-46.766126613014,158,26
13904,amparo,SP,-22.716115971598,-46.7780393024301,158,26
13905,amparo,SP,-22.7109007369088,-46.8013953627598,158,26
13908,amparo,SP,-22.7216052797684,-46.8441504759042,158,26
13909,amparo,SP,-22.6977944429612,-46.7214014361496,158,26
13910,monte alegre do sul,SP,-22.6989181698514,-46.8464961672896,2350,26
13911,jaguariuna,SP,-22.7011253281945,-46.9882933269769,1899,26
13912,jaguariuna,SP,-22.6872755067202,-46.9833259136895,1899,26
13915,jaguariuna,SP,-22.6964096017466,-46.9884042898085,1899,26
13920,pedreira,SP,-22.7403254861648,-46.8967536913393,2752,26
13930,serra negra,SP,-22.6146211377952,-46.7095934286123,3689,26
13940,aguas de lindoia,SP,-22.477153463969195,-46.6193732489483,53,26
13950,lindoia,SP,-22.5234122926534,-46.6463974117491,2093,26
13960,socorro,SP,-22.5963730401435,-46.507206719961,3738,26
13970,itapira,SP,-22.438586857786,-46.8211785761912,1807,26
13971,itapira,SP,-22.4202748569783,-46.8216987184294,1807,26
13972,itapira,SP,-22.4329329561592,-46.8143623799454,1807,26
13973,itapira,SP,-22.4506860166421,-46.8044230162525,1807,26
13974,itapira,SP,-22.4378096283137,-46.8288763950478,1807,26
13976,itapira,SP,-22.4236704772626,-46.8323736381491,1807,26
13977,itapira,SP,-22.4469027188501,-46.8366477208403,1807,26
13986,barao ataliba nogueira,SP,-22.3850542848532,-46.7465427237429,381,26
13990,espirito santo do pinhal,SP,-22.1932963137003,-46.753191817942,1280,26
13995,santo antonio do jardim,SP,-22.116303660811,-46.684397924054,3380,26
14010,ribeirao preto,SP,-21.1795395685402,-47.8085976482549,3105,26
14015,ribeirao preto,SP,-21.1812185752147,-47.8074785747606,3105,26
14020,ribeirao preto,SP,-21.2010646922248,-47.8023663760217,3105,26
14021,ribeirao preto,SP,-21.2138097521163,-47.7948745717235,3105,26
14022,ribeirao preto,SP,-21.2298701138085,-47.787102468007,3105,26
14024,ribeirao preto,SP,-21.2152951188924,-47.8081944596742,3105,26
14025,ribeirao preto,SP,-21.1936384912086,-47.81519785770761,3105,26
14026,ribeirao preto,SP,-21.21488983015,-47.821600486494994,3105,26
14027,ribeirao preto,SP,-21.2235335437132,-47.8310452923953,3105,26
14030,ribeirao preto,SP,-21.188418727804603,-47.8293843547503,3105,26
14031,ribeirao preto,SP,-21.2010272274716,-47.84481434920341,3105,26
14040,ribeirao preto,SP,-21.2276556718971,-47.9287882896695,3105,26
14050,ribeirao preto,SP,-21.1728614527507,-47.8236997395613,3105,26
14051,ribeirao preto,SP,-21.1643886131596,-47.8369242518576,3105,26
14055,ribeirao preto,SP,-21.1570058477645,-47.8249208432962,3105,26
14056,ribeirao preto,SP,-21.1436703612066,-47.8440681172764,3105,26
14057,ribeirao preto,SP,-21.1328292053408,-47.8464328278819,3105,26
14060,ribeirao preto,SP,-21.1405093581481,-47.8148521160312,3105,26
14061,ribeirao preto,SP,-21.1248879176861,-47.8103655644588,3105,26
14062,ribeirao preto,SP,-21.1183375200647,-47.819209029947196,3105,26
14065,ribeirao preto,SP,-21.1339716932665,-47.8323112438387,3105,26
14066,ribeirao preto,SP,-21.1265169951494,-47.8268863797632,3105,26
14070,ribeirao preto,SP,-21.112713275054,-47.7908100744794,3105,26
14071,ribeirao preto,SP,-21.1110668764765,-47.7993767232286,3105,26
14075,ribeirao preto,SP,-21.1402448439525,-47.7910629184894,3105,26
14076,ribeirao preto,SP,-21.1567003272702,-47.7861952304145,3105,26
14077,ribeirao preto,SP,-21.1210315513774,-47.7814674673677,3105,26
14078,ribeirao preto,SP,-21.1404959222831,-47.76651818751369,3105,26
14079,ribeirao preto / sao paulo,SP,-21.1341228646658,-47.7457790422806,3106,26
14080,ribeirao preto,SP,-21.1546399151898,-47.802752713837606,3105,26
14085,riberao preto,SP,-21.1658981664643,-47.797969175658,3112,26
14090,ribeirao preto,SP,-21.1798931921099,-47.7884291230686,3105,26
14091,ribeirao preto,SP,-21.1901279969035,-47.787901312705,3105,26
14092,ribeirao preto,SP,-21.1777098404853,-47.76782007545161,3105,26
14093,ribeirao preto,SP,-21.1778912570484,-47.7433749370918,3105,26
14094,ribeirao preto,SP,-21.2524948635464,-47.8178786954421,3105,26
14095,ribeirao preto,SP,-21.1910229955501,-47.7679141687606,3105,26
14096,ribeirao preto,SP,-21.201310823337,-47.7779524735565,3105,26
14097,ribeirao preto,SP,-21.2097032600114,-47.7409704943422,3105,26
14098,ribeirao preto,SP,-21.2233490328514,-47.7684001890894,3105,26
14110,ribeirao preto,SP,-21.2545476089362,-47.8152907655656,3105,26
14115,guatapara,SP,-21.4964790135773,-48.0302355615531,1530,26
14120,dumont,SP,-21.2398131076711,-47.9770661047794,1230,26
14140,cravinhos,SP,-21.3393199623213,-47.7373525569976,1101,26
14150,serrana,SP,-21.2081591200719,-47.601620925843,3692,26
14160,sertaozinho,SP,-21.1372378094405,-47.9892444553858,3705,26
14161,sertaozinho,SP,-21.126001225542,-47.9989497859418,3705,26
14165,sertaozinho,SP,-21.1170025993782,-47.9875876204087,3705,26
14166,sertaozinho,SP,-21.1310574673962,-47.9815609725269,3705,26
14169,sertaozinho,SP,-21.1408247035384,-47.9734812537879,3705,26
14170,sertaozinho,SP,-21.1425672519864,-47.9969126994031,3705,26
14171,sertaozinho,SP,-21.1521420702613,-47.9871613238496,3705,26
14175,sertaozinho,SP,-21.1527141327321,-48.0020160576876,3705,26
14177,sertaozinho,SP,-21.1295138019611,-48.0136782840583,3705,26
14178,sertaozinho,SP,-21.1147615142904,-48.0240312241942,3705,26
14179,sertaozinho,SP,-21.0750958047038,-47.90096023484259,3705,26
14180,pontal,SP,-21.0264930112105,-48.0371692865676,2912,26
14200,sao simao,SP,-21.4747757587291,-47.5616924463303,3617,26
14210,luis antonio,SP,-21.554254250788897,-47.7018619680095,2110,26
14230,serra azul,SP,-21.3119475246068,-47.5640343009962,3679,26
14240,cajuru,SP,-21.2744325648251,-47.3054762219141,662,26
14260,cassia dos coqueiros,SP,-21.2811317003989,-47.1682599537235,872,26
14270,santa rosa de viterbo,SP,-21.483488699983,-47.3686506348514,3319,26
14300,batatais,SP,-20.8928320770059,-47.585039751459696,437,26
14312,batatais,SP,-20.9164683536983,-47.5742167675271,437,26
14315,batatais,SP,-20.8977535082872,-47.5902658234745,437,26
14340,brodowski,SP,-20.9889269114315,-47.6546187035572,579,26
14350,altinopolis,SP,-21.0211850074634,-47.3773970970774,110,26
14390,santo antonio da alegria,SP,-21.2473224237918,-47.1256491616721,3363,26
14400,franca,SP,-20.5389246805825,-47.401380546896,1379,26
14401,franca,SP,-20.5286192843388,-47.3874099965292,1379,26
14402,franca,SP,-20.5236534083046,-47.3642722013087,1379,26
14403,franca,SP,-20.5536236274364,-47.38735911880549,1379,26
14404,franca,SP,-20.5806467880826,-47.3797327967602,1379,26
14405,franca,SP,-20.5287591361773,-47.4111097838561,1379,26
14406,franca,SP,-20.5366137595568,-47.4335838755418,1379,26
14407,franca,SP,-20.4962507654856,-47.4184337859099,1379,26
14408,franca,SP,-20.5127491822101,-47.43727952189639,1379,26
14409,franca,SP,-20.4984887553802,-47.3969294859009,1379,26
14412,franca,SP,-20.5522739188355,-47.36041658972929,1379,26
14415,patrocinio paulista,SP,-20.6444246195293,-47.2811004599854,2715,26
14440,sao jose da bela vista,SP,-20.5935468527067,-47.6417023123706,3503,26
14450,jeriquara,SP,-20.3083074096423,-47.5908843046574,1955,26
14460,cristais paulista,SP,-20.4079541520676,-47.4179131330004,1108,26
14470,pedregulho,SP,-20.2484463124804,-47.4767417041554,2751,26
14490,rifaina,SP,-20.0797124227107,-47.4246666270439,3113,26
14500,ituverava,SP,-20.331414435926,-47.7893884831679,1860,26
14530,miguelopolis,SP,-20.182732189905,-48.0278017205732,2288,26
14540,igarapava,SP,-20.0427297010233,-47.7505144952285,1618,26
14570,buritizal,SP,-20.1935166053234,-47.7099940383006,600,26
14580,guara,SP,-20.4321768991652,-47.8241638161784,1498,26
14600,sao joaquim da barra,SP,-20.5857513901054,-47.863693188164696,3493,26
14610,ipua,SP,-20.4455311322625,-48.0140233200646,1702,26
14620,orlandia,SP,-20.7168235997372,-47.8795350068089,2571,26
14640,morro agudo,SP,-20.7282833032555,-48.055148522082,2383,26
14660,sales oliveira,SP,-20.7676271034345,-47.8407278758017,3209,26
14670,nuporanga,SP,-20.7292987510318,-47.7523264150938,2550,26
14680,jardinopolis,SP,-21.0255781709797,-47.77320119312099,1935,26
14700,bebedouro,SP,-20.9460798433108,-48.48676807305709,442,26
14701,bebedouro,SP,-20.9510373845991,-48.4878437046926,442,26
14702,bebedouro,SP,-20.9625667120367,-48.4709269333457,442,26
14706,bebedouro,SP,-20.9397812535124,-48.5006794158082,442,26
14708,bebedouro,SP,-20.9211948838999,-48.4971892682353,442,26
14709,bebedouro,SP,-20.9245995084874,-48.4905907724663,442,26
14711,bebedouro,SP,-20.9433774257632,-48.4644647036707,442,26
14720,taiuva,SP,-21.1246733756715,-48.4486287682478,3780,26
14725,taiacu,SP,-21.1438474278798,-48.5108649773667,3776,26
14730,monte azul paulista,SP,-20.906495440904,-48.6424879380018,2355,26
14735,severinia,SP,-20.8087779045957,-48.8073851899748,3711,26
14740,viradouro,SP,-20.8682138698841,-48.2933348627998,4070,26
14745,terra roxa,SP,-20.7886916999981,-48.3304062295903,3844,26
14750,pitangueiras,SP,-21.0098745554299,-48.2192556400941,2877,26
14760,ibitiuva,SP,-19.8868706554267,-47.0163569320566,1601,26
14770,colina,SP,-20.7161528276248,-48.5352546233584,984,26
14775,jaborandi,SP,-20.6907163763814,-48.4144686353148,1870,26
14780,barretos,SP,-20.556279636011304,-48.5718649131468,423,26
14781,barretos,SP,-20.5389301630968,-48.55891073056781,423,26
14783,barretos,SP,-20.5714391240116,-48.5715393944304,423,26
14784,barretos,SP,-20.5782275953843,-48.5579407634217,423,26
14785,barretos,SP,-20.5739124950981,-48.5868485105792,423,26
14786,barretos,SP,-20.5461908652522,-48.6021161119613,423,26
14787,barretos,SP,-20.5422949643532,-48.5774961294899,423,26
14790,guaira,SP,-20.3249901235719,-48.3201312887808,1483,26
14795,colombia,SP,-20.18086262887,-48.6872571139007,989,26
14800,araraquara,SP,-21.8057785791665,-48.1822224154042,266,26
14801,araraquara,SP,-21.7907827162626,-48.1855024651884,266,26
14802,araraquara,SP,-21.7722257084838,-48.1802222265839,266,26
14803,araraquara,SP,-21.8026973360886,-48.205259611524,266,26
14804,araraquara,SP,-21.7671585754224,-48.1982271937991,266,26
14805,araraquara,SP,-21.7484569709421,-48.1860464683989,266,26
14806,araraquara,SP,-21.7512579373258,-48.1588157941083,266,26
14807,araraquara,SP,-21.8044004314724,-48.1606342633424,266,26
14808,araraquara,SP,-21.821529671917,-48.1448593961403,266,26
14810,araraquara,SP,-21.7800763712095,-48.1591422662574,266,26
14811,araraquara,SP,-21.7813242546602,-48.143821087501,266,26
14813,gaviao peixoto,SP,-21.8384250339083,-48.4927133049836,1421,26
14815,ibate,SP,-21.950503136823,-48.0021893068239,1564,26
14820,americo brasiliense,SP,-21.7332150893795,-48.1099398816381,154,26
14825,santa lucia,SP,-21.6866600442313,-48.0839341543126,3285,26
14830,rincao,SP,-21.5866494732049,-48.0750121564049,3114,26
14835,motuca,SP,-21.5097912763198,-48.1505335585147,2399,26
14840,guariba,SP,-21.3635017097993,-48.2296007788805,1524,26
14850,pradopolis,SP,-21.3599368029632,-48.0739129848299,2975,26
14860,barrinha,SP,-21.1908856386541,-48.156208788295,424,26
14870,jaboticabal,SP,-21.2571736446639,-48.3209638733447,1872,26
14871,jaboticabal,SP,-21.26692465857,-48.3300352571809,1872,26
14875,jaboticabal,SP,-21.252393119646,-48.3386301388733,1872,26
14882,jaboticabal,SP,-21.2456499154718,-48.3179006962564,1872,26
14883,jaboticabal,SP,-21.2461737018806,-48.3089382815651,1872,26
14887,jaboticabal,SP,-21.2613051394683,-48.3069513648719,1872,26
14890,jaboticabal,SP,-21.272675104819,-48.31899751414719,1872,26
14900,itapolis,SP,-21.5943405717503,-48.8110842558583,1815,26
14907,tapinas,SP,-21.4465571990121,-48.787370395936,3797,26
14910,tabatinga,SP,-21.7370631424217,-48.687600901117,3764,26
14920,nova europa,SP,-21.7804727719818,-48.5657787378028,2481,26
14930,boa esperanca do sul,SP,-21.9936738572693,-48.3901823516446,485,26
14935,trabiju,SP,-22.0391687115749,-48.338877795076,3874,26
14940,ibitinga,SP,-21.757320637712702,-48.8297435334371,1598,26
14955,borborema,SP,-21.6207863988555,-49.0749179890605,539,26
14960,novo horizonte,SP,-21.4696009553403,-49.22221684743829,2537,26
14980,sales,SP,-21.342211165541,-49.4998876259235,3208,26
14990,irapua,SP,-21.2796433592615,-49.4093119394111,1716,26
15010,sao jose do rio preto,SP,-20.8132161204131,-49.3817108601492,3530,26
15013,sao jose do rio preto,SP,-20.8289527066426,-49.3305184377589,3530,26
15014,s jose do rio preto,SP,-20.8189592338139,-49.3773463622572,3200,26
15015,sao jose do rio preto,SP,-20.8191207478406,-49.37902791741081,3530,26
15020,sao jose do rio preto,SP,-20.8199220006866,-49.4026850775817,3530,26
15025,sao jose do rio preto,SP,-20.8067069310183,-49.3891645352492,3530,26
15030,sao jose do rio preto,SP,-20.7965899328214,-49.3876744451226,3530,26
15035,sao jose do rio preto,SP,-20.8127074944515,-49.4150397134232,3530,26
15038,sao jose do rio preto,SP,-20.8270144952047,-49.378346308971,3530,26
15040,sao jose do rio preto,SP,-20.7996152585229,-49.4153582316646,3530,26
15041,sao jose do rio preto,SP,-20.790373567376,-49.4182624845406,3530,26
15042,sao jose do rio preto,SP,-20.7915779883051,-49.4326103332403,3530,26
15043,sao jose do rio preto,SP,-20.7871246888365,-49.3994343709642,3530,26
15044,sao jose do rio preto,SP,-20.7810968137531,-49.4181387352601,3530,26
15045,sao jose do rio preto,SP,-20.7785873618202,-49.3937269259716,3530,26
15046,sao jose do rio preto,SP,-20.7768635997685,-49.3641112179517,3530,26
15047,sao jose do rio preto,SP,-20.7639654000946,-49.4046525881758,3530,26
15050,sao jose do rio preto,SP,-20.7895803981103,-49.3724993633385,3530,26
15051,sao jose do rio preto,SP,-20.7908767975351,-49.3701163168922,3530,26
15052,sao jose do rio preto,SP,-20.7621713804046,-49.3642951300449,3530,26
15053,sao jose do rio preto,SP,-20.7773850421688,-49.3653459496324,3530,26
15054,sao jose do rio preto,SP,-20.7866629766992,-49.359327111273,3530,26
15055,sao jose do rio preto,SP,-20.794068968967,-49.36508132014,3530,26
15056,sao jose do rio preto,SP,-20.774165285757597,-49.3409181151765,3530,26
15057,sao jose do rio preto,SP,-20.7918681789047,-49.343258784299,3530,26
15060,sao jose do rio preto,SP,-20.8015986918045,-49.3676167906689,3530,26
15061,sao jose do rio preto,SP,-20.8103607107914,-49.3485454585998,3530,26
15062,sao jose do rio preto,SP,-20.8304063932245,-49.3389387188697,3530,26
15063,sao jose do rio preto,SP,-20.8120083792836,-49.3379073655301,3530,26
15070,sao jose do rio preto,SP,-20.8180072140671,-49.3623201184867,3530,26
15075,sao jose do rio preto,SP,-20.8216109653928,-49.352930673334,3530,26
15076,sao jose do rio preto,SP,-20.8320446365636,-49.3533448037374,3530,26
15077,sao jose do rio preto,SP,-20.8514864761483,-49.3380513887299,3530,26
15080,sao jose do rio preto,SP,-20.8312124570888,-49.3696796010177,3530,26
15081,sao jose do rio preto,SP,-20.8447946908926,-49.362630067187105,3530,26
15084,sao jose do rio preto,SP,-20.8298378118532,-49.3783923242351,3530,26
15085,sao jose do rio preto,SP,-20.8362088218029,-49.388070956996,3530,26
15086,sao jose do rio preto,SP,-20.8430164044511,-49.3820287414799,3530,26
15090,sao jose do rio preto,SP,-20.8354951826198,-49.3946921589828,3530,26
15091,sao jose do rio preto,SP,-20.8370704463603,-49.403182574292295,3530,26
15092,sao jose do rio preto,SP,-20.8362324174185,-49.4132555708634,3530,26
15093,sao jose do rio preto,SP,-20.8553802189436,-49.410999511658,3530,26
15102,sao jose do rio preto,SP,-20.6999444282492,-49.1129237478364,3530,26
15105,potirendaba,SP,-21.0450337077415,-49.3761578050584,2968,26
15108,ipigua,SP,-20.6598832974558,-49.3882340230819,1691,26
15110,guapiacu,SP,-20.7945430687838,-49.22462305902119,1492,26
15115,bady bassitt,SP,-20.9171153377706,-49.4508188395413,350,26
15120,neves paulista,SP,-20.8439582218708,-49.6311018093941,2441,26
15130,mirassol,SP,-20.8147719989953,-49.5069275248817,2315,26
15131,mirassol,SP,-20.8115105022117,-49.5289070487826,2315,26
15137,mirassol,SP,-20.8217068011263,-49.4924872375853,2315,26
15140,balsamo,SP,-20.7371639178884,-49.5821974941494,368,26
15150,monte aprazivel,SP,-20.7700022353088,-49.7118336205528,2353,26
15154,engenheiro balduino,SP,-20.6832647486802,-49.6897831187932,1252,26
15155,jaci,SP,-20.8847093088342,-49.5719207629502,1880,26
15160,poloni,SP,-20.7849664449234,-49.8141824013023,2903,26
15170,tanabi,SP,-20.6235215910557,-49.6519584497654,3785,26
15190,nhandeara,SP,-20.6935374305997,-50.0424990926856,2442,26
15200,jose bonifacio,SP,-21.0577982574112,-49.689910403948,1982,26
15220,mendonca,SP,-21.1846840610997,-49.5794012833543,2279,26
15230,adolfo,SP,-21.2344564562932,-49.6427156452681,27,26
15240,nipoa,SP,-20.9130838680878,-49.7781185655924,2444,26
15260,planalto,SP,-21.0328623051162,-49.9279797612943,2889,26
15265,zacarias,SP,-21.050431326479,-50.0527265541945,4109,26
15270,macaubal,SP,-20.8043984592885,-49.9635983746684,2134,26
15275,moncoes,SP,-20.8524805154645,-50.0906891467938,2337,26
15285,lourdes,SP,-20.9653680198632,-50.2255889990406,2104,26
15290,buritama,SP,-21.0672875087715,-50.14440187114211,592,26
15300,general salgado,SP,-20.6469640547445,-50.3625637126758,1425,26
15310,magda,SP,-20.6456524769687,-50.2233185118104,2153,26
15315,sao joao de iracema,SP,-20.5140022903916,-50.3527559068948,3474,26
15320,floreal,SP,-20.6767863365626,-50.1492126137792,1346,26
15330,gastao vidigal,SP,-20.7977501450162,-50.191440357247394,1418,26
15340,nova luzitania,SP,-20.8564511630271,-50.262113211145,2497,26
15350,auriflama,SP,-20.6850831742599,-50.55462075520381,337,26
15355,guzolandia,SP,-20.6487441417548,-50.6598890315141,1538,26
15360,sud mennucci,SP,-20.6894392383703,-50.9232322063525,3753,26
15367,bandeirantes d'oeste,SP,-23.1062414945402,-50.3779570470953,377,26
15370,pereira barreto,SP,-20.6420578690631,-51.1070106789236,2779,26
15380,suzanapolis,SP,-20.5008102090912,-51.0264409628552,3759,26
15385,ilha solteira,SP,-20.4288872002357,-51.3404702067573,1639,26
15390,itapura,SP,-20.6430625812907,-51.5070831130894,1820,26
15400,olimpia,SP,-20.7375299919996,-48.9090364662508,2561,26
15410,cajobi,SP,-20.8778753775571,-48.8109624894002,659,26
15420,guaraci,SP,-20.4962249335495,-48.9454490501179,1501,26
15425,embauba,SP,-20.9817333648768,-48.8364024001873,1243,26
15440,nova granada,SP,-20.5363871341222,-49.320855730638,2485,26
15450,onda verde,SP,-20.6081644562396,-49.2980590772727,2566,26
15460,icem,SP,-20.3404452183811,-49.1982750937819,1609,26
15470,palestina,SP,-20.3896921020451,-49.4345293052168,2617,26
15480,orindiuva,SP,-20.1852674310911,-49.3529037903578,2568,26
15490,paulo de faria,SP,-20.0319122840891,-49.4054650706617,2730,26
15495,riolandia,SP,-19.9816666649508,-49.679931964355696,3166,26
15500,votuporanga,SP,-20.4202697818176,-49.97168387901121,4092,26
15501,votuporanga,SP,-20.431757417861,-49.97463017667851,4092,26
15502,votuporanga,SP,-20.4163637553308,-49.9850039542402,4092,26
15503,votuporanga,SP,-20.3986726494298,-49.9732595196622,4092,26
15505,votuporanga,SP,-20.4227638250966,-49.96673753748,4092,26
15520,valentim gentil,SP,-20.4217923596557,-50.0828920506788,3992,26
15525,parisi,SP,-20.3059915335481,-50.0111506814762,2692,26
15530,cosmorama,SP,-20.480037106637,-49.7762432225279,1089,26
15540,alvares florence,SP,-20.3213315475163,-49.908554876317,135,26
15550,americo de campos,SP,-20.2993589449294,-49.7326449740982,155,26
15560,pontes gestal,SP,-20.1844307430087,-49.7028258118071,2921,26
15570,cardoso,SP,-20.0809418061667,-49.9126931770349,825,26
15580,mira estrela,SP,-19.9756132774764,-50.1343923976876,2301,26
15600,fernandopolis,SP,-20.2841225372951,-50.2497039381375,1330,26
15601,fernandopolis,SP,-20.2933088450203,-50.2563182461226,1330,26
15603,fernandopolis,SP,-20.2869284336843,-50.2418234387685,1330,26
15620,macedonia,SP,-20.1463924232168,-50.1957446568725,2136,26
15625,meridiano,SP,-20.3582412348757,-50.1754601505521,2282,26
15630,pedranopolis,SP,-20.249109437731,-50.1112502171077,2747,26
15650,estrela d oeste,SP,-20.2854845348872,-50.3975617178186,1292,26
15670,populina,SP,-19.9429871140283,-50.5374603667959,2926,26
15685,ouroeste,SP,-20.0016896067194,-50.3752823497613,2597,26
15690,indiapora,SP,-19.9793866465477,-50.287789123874,1663,26
15700,jales,SP,-20.2695907759028,-50.5434356983474,1903,26
15703,jales,SP,-20.2789653863755,-50.5422624162529,1903,26
15704,jales,SP,-20.2800184605072,-50.5514350463896,1903,26
15706,jales,SP,-20.2698855773746,-50.5587463851337,1903,26
15707,jales,SP,-20.2534046353554,-50.5497781053027,1903,26
15710,sao francisco,SP,-20.3612108905612,-50.6944956171776,3438,26
15718,pontalinda,SP,-20.4402578152451,-50.5219839030978,2915,26
15720,palmeira d'oeste,SP,-20.4159049627369,-50.7621543967218,2628,26
15730,marinopolis,SP,-20.44132954577,-50.823099173961,2226,26
15735,aparecida d'oeste,SP,-20.4537160662621,-50.8827663853578,210,26
15745,paranapua,SP,-20.1005849747293,-50.58720254842,2676,26
15750,santa albertina,SP,-20.0302980912466,-50.7284113684929,3238,26
15755,turmalina,SP,-20.053648674765,-50.4759184448385,3924,26
15760,urania,SP,-20.2464922532291,-50.6435182581771,3965,26
15768,santa salete,SP,-20.2455503386895,-50.6901359380543,3321,26
15770,tres fronteiras,SP,-20.2358054367835,-50.8897638263034,3892,26
15773,nova canaa paulista,SP,-20.3826245703429,-50.9434364602784,2471,26
15775,santa fe do sul,SP,-20.220526787462,-50.9034243658862,3271,26
15780,santa rita d'oeste,SP,-20.1446509646837,-50.8317828180983,3307,26
15785,santa clara d'oeste,SP,-20.092526859081,-50.9270815060604,3251,26
15790,rubineia,SP,-20.1723175415807,-51.0008239974858,3197,26
15800,catanduva,SP,-21.1413580266954,-48.9753493773112,886,26
15801,catanduva,SP,-21.1376192513172,-48.98140794581659,886,26
15802,catanduva,SP,-21.1433889519569,-48.9953139568196,886,26
15803,catanduva,SP,-21.1287261595051,-48.9929536791472,886,26
15804,catanduva,SP,-21.1210284322497,-48.9708182847111,886,26
15805,catanduva,SP,-21.122415018222,-48.9633189513784,886,26
15806,catanduva,SP,-21.1326115703225,-48.9587712144576,886,26
15807,catanduva,SP,-21.1238485147982,-48.95129208439429,886,26
15808,catanduva,SP,-21.143217739306,-48.9471876547802,886,26
15810,catanduva,SP,-21.1541427150983,-48.9713335408696,886,26
15811,catanduva,SP,-21.178463807648,-48.9994827576701,886,26
15813,catanduva,SP,-21.128944936077,-49.0171686163824,886,26
15820,pirangi,SP,-21.0956284174375,-48.6640477171119,2854,26
15823,elisiario,SP,-21.1692107008185,-49.1098580593825,1240,26
15825,paraiso,SP,-21.0194140878833,-48.7745833143348,2659,26
15828,palmares paulista,SP,-21.0862516694719,-48.8045675889861,2624,26
15830,pindorama,SP,-21.184170397432,-48.9079733309035,2822,26
15840,itajobi,SP,-21.3149977471528,-49.0554173050759,1763,26
15850,urupes,SP,-21.2040385865215,-49.2930545726222,3981,26
15860,ibira,SP,-21.0827071459319,-49.239534252796,1585,26
15868,termas de ibira,SP,-21.0810263519796,-49.2416424515957,3838,26
15870,catigua,SP,-21.0523926870411,-49.0598195118429,891,26
15880,tabapua,SP,-20.963703917030305,-49.03260884407,3763,26
15885,novais,SP,-20.995435280436,-48.9193317248466,2528,26
15890,uchoa,SP,-20.95405306674,-49.1741523210276,3944,26
15895,cedral,SP,-20.9041135568228,-49.26857484683169,905,26
15900,taquaritinga,SP,-21.4052787662732,-48.5044535876205,3806,26
15903,guariroba,SP,-21.4483059053802,-48.5749588444341,1525,26
15910,monte alto,SP,-21.2634592201142,-48.4954967275063,2351,26
15915,aparecida de monte alto,SP,-21.5953328561772,-48.1244610541228,212,26
15920,vista alegre do alto,SP,-21.1720810086076,-48.6324220765346,4079,26
15930,candido rodrigues,SP,-21.3244862902836,-48.6322395723312,759,26
15940,fernando prestes,SP,-21.267134804144,-48.6866785243012,1329,26
15950,santa adelia,SP,-21.2434994880941,-48.8048103941832,3237,26
15953,botelho,SP,-21.9758914846033,-47.6750901692205,543,26
15960,ariranha,SP,-21.1895883406166,-48.7877175870076,298,26
15970,santa ernestina,SP,-21.4611247410047,-48.390233507196,3267,26
15980,dobrada,SP,-21.518612546651,-48.392202600489,1195,26
15990,matao,SP,-21.6048047700843,-48.365561096011795,2247,26
15991,matao,SP,-21.6376879953782,-48.3353699435224,2247,26
15993,matao,SP,-21.6227665289863,-48.364572340001,2247,26
15995,matao,SP,-21.5992724924629,-48.3888306759194,2247,26
15996,matao,SP,-21.5881909832818,-48.37488382226851,2247,26
15997,matao,SP,-21.592172722177896,-48.3569370615436,2247,26
16010,aracatuba,SP,-21.2082930148396,-50.4403774453227,233,26
16011,aracatuba,SP,-21.2066396816877,-50.4244281340105,233,26
16012,aracatuba,SP,-21.2117059918945,-50.4036394515529,233,26
16013,aracatuba,SP,-21.2200912868927,-50.41656092527549,233,26
16015,aracatuba,SP,-21.2126746420052,-50.4341387929529,233,26
16016,aracatuba,SP,-21.2321514120954,-50.4232827692146,233,26
16018,aracatuba,SP,-21.2276353179283,-50.4362963080111,233,26
16020,aracatuba,SP,-21.2226540260163,-50.4464872452754,233,26
16021,aracatuba,SP,-21.2275370066585,-50.4558870326864,233,26
16022,aracatuba,SP,-21.2323087026561,-50.4639231904696,233,26
16025,aracatuba,SP,-21.2134134387738,-50.4548009095409,233,26
16026,aracatuba,SP,-21.2173076359033,-50.4687551501008,233,26
16050,aracatuba,SP,-21.196570516822597,-50.442511066131196,233,26
16052,aracatuba,SP,-21.1699171055546,-50.4385519792192,233,26
16055,aracatuba,SP,-21.1932409489964,-50.4290797618288,233,26
16056,aracatuba,SP,-21.1866638634864,-50.4283734617732,233,26
16057,aracatuba,SP,-21.1726350054971,-50.4493055082027,233,26
16070,aracatuba,SP,-21.2006799064662,-50.4784752259497,233,26
16071,aracatuba,SP,-21.205636066227,-50.4654320936146,233,26
16072,aracatuba,SP,-21.2017866684495,-50.4580667462939,233,26
16074,aracatuba,SP,-21.193288718426597,-50.4527940686794,233,26
16075,aracatuba,SP,-21.1860343961995,-50.4592834584951,233,26
16078,aracatuba,SP,-21.1707642530602,-50.4696714097123,233,26
16130,santo antonio do aracangua,SP,-21.0780325003501,-50.241934895118,3372,26
16200,birigui,SP,-21.2949537963242,-50.3432673557327,478,26
16201,birigui,SP,-21.2718272136613,-50.3305855667716,478,26
16202,birigui,SP,-21.2852508006291,-50.3190396928828,478,26
16203,birigui,SP,-21.297097998727,-50.3251182554688,478,26
16204,birigui,SP,-21.3033547247595,-50.3540874852947,478,26
16205,birigui,SP,-21.3077206007601,-50.3655357535131,478,26
16206,birigui,SP,-21.2869901986411,-50.3609493692149,478,26
16207,birigui,SP,-21.3025978547905,-50.3765406710992,478,26
16208,birigui,SP,-21.2448836807271,-50.3221919536708,478,26
16210,bilac,SP,-21.4026106513215,-50.4753963563773,477,26
16220,gabriel monteiro,SP,-21.5301652068561,-50.5525513243265,1401,26
16230,piacatu,SP,-21.5926482109821,-50.5992117954315,2796,26
16250,clementina,SP,-21.5601849131765,-50.4458003198176,968,26
16260,coroados,SP,-21.3555180056268,-50.2846347235375,1060,26
16270,glicerio,SP,-21.3822221442278,-50.2091705198542,1432,26
16290,brauna,SP,-21.5042760237141,-50.3223443949758,561,26
16300,penapolis,SP,-21.4207198964895,-50.0764711906004,2769,26
16301,penapolis,SP,-21.4270022470372,-50.0650091318163,2769,26
16303,penapolis,SP,-21.4291649151475,-50.0723605486044,2769,26
16304,penapolis,SP,-21.437402661479595,-50.0769305719817,2769,26
16305,penapolis,SP,-21.429445995996,-50.0879177646402,2769,26
16306,penapolis,SP,-21.4148512146798,-50.08817277672821,2769,26
16308,penapolis,SP,-21.4109304619677,-50.0804434092644,2769,26
16309,penapolis,SP,-21.3976977602736,-50.0802926920826,2769,26
16340,luiziania,SP,-21.6754930978037,-50.32830013703799,2116,26
16360,avanhandava,SP,-21.4607100639241,-49.9464452188757,342,26
16370,promissao,SP,-21.5409999720451,-49.856858452635,3004,26
16400,lins,SP,-21.673906970212702,-49.7580594368395,2096,26
16401,lins,SP,-21.6640397231035,-49.7423433554297,2096,26
16402,lins,SP,-21.6767044277516,-49.7331141310701,2096,26
16403,lins,SP,-21.6895995398856,-49.74510895753,2096,26
16406,lins,SP,-21.6568100377579,-49.7650176493542,2096,26
16430,guaicara,SP,-21.6220995560536,-49.7959617756038,1481,26
16440,sabino,SP,-21.4602629409619,-49.57708358253709,3203,26
16450,getulina,SP,-21.7997466473977,-49.9313648616877,1427,26
16480,guaimbe,SP,-21.9099795379703,-49.8961722505571,1482,26
16500,cafelandia,SP,-21.8032005993952,-49.60221269289009,644,26
16570,guaranta,SP,-21.8946575250521,-49.5891401249124,1510,26
16600,pirajui,SP,-21.9963110341435,-49.4546912508311,2851,26
16640,balbinos,SP,-21.9012624186196,-49.35683857159,358,26
16660,pongai,SP,-21.7371069801008,-49.3581019226654,2909,26
16670,presidente alves,SP,-22.0979359039642,-49.4385755552502,2982,26
16700,guararapes,SP,-21.2505866606285,-50.6464450392542,1517,26
16750,rubiacea,SP,-21.3020022249665,-50.7346081341154,3194,26
16790,bento de abreu,SP,-21.2735040737808,-50.8112502710925,463,26
16800,mirandopolis,SP,-21.1325036776936,-51.103186563082694,2311,26
16850,lavinia,SP,-21.1674074742115,-51.0434628788572,2072,26
16880,valparaiso,SP,-21.2259482484234,-50.8669015931584,3994,26
16900,andradina,SP,-20.9054692036063,-51.3816272285432,175,26
16901,andradina,SP,-20.8944987962768,-51.3739389176942,175,26
16902,andradina,SP,-20.9053096940141,-51.3587118203975,175,26
16903,andradina,SP,-20.9013254426736,-51.3951025808465,175,26
16920,castilho,SP,-20.8668471592909,-51.4917654917456,880,26
16940,nova independencia,SP,-21.1075610507415,-51.491342998877,2490,26
16950,murutinga do sul,SP,-20.992635723091,-51.2785202245721,2415,26
16980,guaracai,SP,-21.033222839311,-51.208017389636595,1500,26
17010,bauru,SP,-22.3197374147569,-49.0723931600006,440,26
17011,bauru,SP,-22.3318834499001,-49.0537515552455,440,26
17012,bauru,SP,-22.336525175612,-49.05938161826361,440,26
17013,bauru,SP,-22.3213347106527,-49.0601728932095,440,26
17014,bauru,SP,-22.334793192506897,-49.075456107356594,440,26
17015,bauru,SP,-22.3264890521589,-49.0730521448542,440,26
17016,bauru,SP,-22.3413691984958,-49.0700181402786,440,26
17017,bauru,SP,-22.3471944980486,-49.0596891467523,440,26
17018,bauru,SP,-22.3599344949586,-49.051324533543,440,26
17020,bauru,SP,-22.3062009160749,-49.0666247825096,440,26
17021,bauru,SP,-22.2987654377605,-49.0777098396009,440,26
17022,bauru,SP,-22.277313985913,-49.0751188611987,440,26
17023,bauru,SP,-22.2824775746441,-49.0572125011344,440,26
17024,bauru,SP,-22.2968684805878,-49.063014046485,440,26
17025,bauru,SP,-22.303148942634397,-49.0525168275371,440,26
17026,bauru,SP,-22.2947139049904,-49.0456957667668,440,26
17027,bauru,SP,-22.2866933739326,-49.032952096591,440,26
17030,bauru,SP,-22.3220011613802,-49.0457513027095,440,26
17031,bauru,SP,-22.3236327681418,-49.0207989763482,440,26
17032,bauru,SP,-22.3224741242186,-49.0293408724457,440,26
17033,bauru,SP,-22.3321674159927,-49.0315556763707,440,26
17034,bauru,SP,-22.3107324741025,-49.0288516907364,440,26
17035,bauru,SP,-22.322115362156,-49.0005751902038,440,26
17039,bauru,SP,-22.307203566198,-48.9983427152351,440,26
17047,bauru,SP,-22.3364232203798,-49.0433743154496,440,26
17050,bauru,SP,-22.3255492115823,-49.0943305385508,440,26
17051,bauru,SP,-22.3309850927263,-49.099944067844,440,26
17052,bauru,SP,-22.3407606880787,-49.09506969646531,440,26
17053,bauru,SP,-22.3658445066541,-49.0747211806748,440,26
17054,bauru,SP,-22.3470411440961,-49.089499418891,440,26
17055,bauru,SP,-22.3390662375158,-49.1108421318824,440,26
17056,bauru,SP,-22.3538270522218,-49.1014713601243,440,26
17057,bauru,SP,-22.3231839926216,-49.1197473106004,440,26
17060,bauru,SP,-22.3151396600439,-49.0823895574003,440,26
17063,bauru,SP,-22.3095552885006,-49.0890149386598,440,26
17064,bauru,SP,-22.304240864894904,-49.090193517128704,440,26
17065,bauru,SP,-22.3143794071116,-49.1181927682715,440,26
17066,bauru,SP,-22.3063523664633,-49.1117419880024,440,26
17067,bauru,SP,-22.3093643604733,-49.1022397338045,440,26
17110,bauru,SP,-21.9867686838582,-48.8215037554391,440,26
17120,agudos,SP,-22.4710373185685,-48.9862147592338,62,26
17150,paulistania,SP,-22.5780721042195,-49.4033589888754,2728,26
17160,arealva,SP,-22.0295014557572,-48.9135667322031,285,26
17180,iacanga,SP,-21.8921632634006,-49.0215723200704,1555,26
17190,reginopolis,SP,-21.881492534338395,-49.264698099654105,3068,26
17201,jau,SP,-22.2943602981734,-48.5585236883873,1942,26
17202,jau,SP,-22.300403390531,-48.560112997892794,1942,26
17203,jau,SP,-22.303194941586,-48.5712360799809,1942,26
17204,jau,SP,-22.292516144794195,-48.5778580630961,1942,26
17205,jau,SP,-22.2929051133531,-48.5682614021054,1942,26
17206,jau,SP,-22.2664426450762,-48.5684693712842,1942,26
17207,jau,SP,-22.2838132052532,-48.557704357141496,1942,26
17208,jau,SP,-22.2732937698577,-48.5548001354716,1942,26
17209,jau,SP,-22.2752489670223,-48.5435842508265,1942,26
17210,jau,SP,-22.2855643581907,-48.5350578092421,1942,26
17211,jau,SP,-22.3018455903221,-48.543231634571306,1942,26
17212,jau,SP,-22.3170620789215,-48.5469451015892,1942,26
17213,jau,SP,-22.3112671888838,-48.57966307628,1942,26
17214,jau,SP,-22.2881982563838,-48.5126920055542,1942,26
17220,jau,SP,-22.3654784423086,-48.6672923638014,1942,26
17230,itapui,SP,-22.2345585796472,-48.7218350021753,1819,26
17240,bocaina,SP,-22.1418662954069,-48.52780319919551,496,26
17250,bariri,SP,-22.0740222705675,-48.7402562165556,392,26
17260,itaju,SP,-21.9816837955304,-48.805331211161594,1764,26
17270,boraceia,SP,-22.1961337971167,-48.7780112332621,538,26
17280,pederneiras,SP,-22.348013116995,-48.7844956970205,2737,26
17290,macatuba,SP,-22.514093447641496,-48.716942122204905,2132,26
17300,dois corregos,SP,-22.368024597233397,-48.3862619792224,1196,26
17310,guarapua,SP,-22.2503516845758,-48.3846411620275,1513,26
17320,mineiros do tiete,SP,-22.4133960017393,-48.451296972993894,2299,26
17340,barra bonita,SP,-22.4861976744137,-48.5595910235053,394,26
17350,igaracu do tiete,SP,-22.5161872131742,-48.5628054860292,1617,26
17360,torrinha,SP,-22.431454129411595,-48.16996617407241,3873,26
17370,santa maria da serra,SP,-22.569639672881504,-48.1553987068113,3292,26
17380,brotas,SP,-22.2821549680383,-48.12510155957019,580,26
17400,garca,SP,-22.2114714835643,-49.6586249719763,1410,26
17410,alvaro de carvalho,SP,-22.0824898324654,-49.7182715217147,137,26
17420,lupercio,SP,-22.414984762262197,-49.8171545413079,2120,26
17440,ubirajara,SP,-22.527613435195,-49.6617527581835,3942,26
17450,galia,SP,-22.2928379824683,-49.5504280935967,1402,26
17455,fernao,SP,-22.3602839950204,-49.5210214126644,1331,26
17470,duartina,SP,-22.4151788594649,-49.4062201459532,1227,26
17475,lucianopolis,SP,-22.430820013229596,-49.521938239958196,2109,26
17480,cabralia paulista,SP,-22.4565426069764,-49.337532593623,612,26
17490,piratininga,SP,-22.4145997067904,-49.1393596587743,2865,26
17500,marilia,SP,-22.2180715372371,-49.9502213591016,2223,26
17501,marilia,SP,-22.222454492299,-49.9469822953876,2223,26
17502,marilia,SP,-22.2235374311393,-49.958513948518,2223,26
17504,marilia,SP,-22.2138650321342,-49.958519724399,2223,26
17505,marilia,SP,-22.2018583993867,-49.968323182105,2223,26
17506,marilia,SP,-22.2034213798015,-49.9590678258262,2223,26
17507,marilia,SP,-22.1908842032209,-49.9636558354179,2223,26
17509,marilia,SP,-22.2123351544054,-49.9456611852149,2223,26
17510,marilia,SP,-22.1972067661143,-49.9521952681175,2223,26
17511,marilia,SP,-22.1791410916832,-49.9569481219503,2223,26
17512,marilia,SP,-22.1588012449938,-49.9615059489823,2223,26
17513,marilia,SP,-22.2032291295278,-49.9387096755351,2223,26
17514,marilia,SP,-22.1855866817483,-49.9263336504304,2223,26
17515,marilia,SP,-22.2110542434536,-49.9387980192868,2223,26
17516,marilia,SP,-22.223278613965995,-49.9262344867597,2223,26
17519,marilia,SP,-22.2299626286465,-49.936188527463,2223,26
17520,marilia,SP,-22.2390895404137,-49.9250240418307,2223,26
17521,marilia,SP,-22.2395217108724,-49.9166849801402,2223,26
17522,marilia,SP,-22.2493009951733,-49.9302826233631,2223,26
17523,marilia,SP,-22.251677790161796,-49.9385713494304,2223,26
17524,marilia,SP,-22.2417067506827,-49.9321985243515,2223,26
17525,marilia,SP,-22.2350430736762,-49.9659201772914,2223,26
17526,marilia,SP,-22.2343834253747,-49.9766672941931,2223,26
17527,marilia,SP,-22.219369298918,-49.9744731958388,2223,26
17533,marilia,SP,-22.1874983478914,-49.9790341174588,2223,26
17540,ocaucu,SP,-22.4397858433952,-49.920418157041,2552,26
17550,julio mesquita,SP,-22.0109346281709,-49.7900546380388,1997,26
17560,vera cruz,SP,-22.2221739310198,-49.8226743195386,4029,26
17570,oriente,SP,-22.1538461974623,-50.0939503302127,2567,26
17580,pompeia,SP,-22.1036734301236,-50.17893613850751,2907,26
17590,queiroz,SP,-21.7988728835579,-50.2400246962739,3027,26
17600,tupa,SP,-21.934484546249,-50.5139822943069,3915,26
17601,tupa,SP,-21.9268640461618,-50.5141374998841,3915,26
17602,tupa,SP,-21.9305477782844,-50.4983475138976,3915,26
17603,tupa,SP,-21.9420718790733,-50.5008273949578,3915,26
17604,tupa,SP,-21.9430914400351,-50.516763040944,3915,26
17605,tupa,SP,-21.9350671932489,-50.5248188251659,3915,26
17606,tupa,SP,-21.9284654915391,-50.5256835711249,3915,26
17607,tupa,SP,-21.9214520535362,-50.5228772734209,3915,26
17625,tupa,SP,-22.0829326789293,-50.5403991847042,3915,26
17650,herculandia,SP,-22.0034948653018,-50.3877372391357,1540,26
17670,quintana,SP,-22.0695665626204,-50.3039773767421,3037,26
17680,iacri,SP,-21.8580449271791,-50.6888536894185,1557,26
17690,bastos,SP,-21.9212576454704,-50.7323774241982,433,26
17700,osvaldo cruz,SP,-21.7957110192894,-50.879277765103,2580,26
17720,salmourao,SP,-21.6242688075017,-50.858928969583,3215,26
17730,parapua,SP,-21.7816653650763,-50.7915569158123,2681,26
17740,rinopolis,SP,-21.7254105189104,-50.7237613558433,3115,26
17760,inubia paulista,SP,-21.769363742814296,-50.9619584509698,1676,26
17780,lucelia,SP,-21.723624738454003,-51.019157750564,2107,26
17800,adamantina,SP,-21.6842389079664,-51.0760153355603,25,26
17810,mariapolis,SP,-21.7960856908666,-51.1821388603493,2215,26
17830,florida paulista,SP,-21.6144017928893,-51.1717225020406,1357,26
17860,pacaembu,SP,-21.5630595366404,-51.2633328752068,2599,26
17870,flora rica,SP,-21.676849970433,-51.3809814894854,1342,26
17880,irapuru,SP,-21.5677266606824,-51.3514735501518,1717,26
17890,junqueiropolis,SP,-21.5114469041808,-51.43577488892931,2003,26
17900,dracena,SP,-21.486393359708,-51.5337441439938,1226,26
17905,jamaica,SP,-24.2285857479572,-46.8834127030376,1904,26
17920,ouro verde,SP,-21.4898096613724,-51.7009822999332,2593,26
17930,tupi paulista,SP,-21.3858668619818,-51.5736339735358,3923,26
17940,santa mercedes,SP,-21.3520060288988,-51.7536188828018,3302,26
17950,nova guataporanga,SP,-21.3324558632003,-51.6459699013904,2487,26
17960,monte castelo,SP,-21.2994686175088,-51.5678132069837,2361,26
17980,panorama,SP,-21.3618731388708,-51.8569028224592,2642,26
17990,pauliceia,SP,-21.3111724781889,-51.8349023743576,2724,26
18010,sorocaba,SP,-23.5006996621697,-47.45936934082601,3746,26
18013,sorocaba,SP,-23.4911156250121,-47.4301104399436,3746,26
18015,sorocaba,SP,-23.502754626563203,-47.430450592560994,3746,26
18016,sorocaba,SP,-23.4954642398731,-47.4282867892038,3746,26
18017,sorocaba,SP,-23.4925782158019,-47.4109167043958,3746,26
18020,sorocaba,SP,-23.5068186890065,-47.4456511347112,3746,26
18021,sorocaba,SP,-23.5083110437503,-47.4286674463192,3746,26
18022,sorocaba,SP,-23.5246886211318,-47.4405785046051,3746,26
18023,sorocaba,SP,-23.5105316220087,-47.3556745885215,3746,26
18025,sorocaba,SP,-23.5156124415736,-47.44346053722511,3746,26
18030,sorocaba,SP,-23.5105389702512,-47.4596697898554,3746,26
18031,sorocaba,SP,-23.5170225811206,-47.4577629805483,3746,26
18035,sorocaba,SP,-23.5010087187634,-47.4620259172642,3746,26
18040,sorocaba,SP,-23.5055479501766,-47.4697052639322,3746,26
18043,sorocaba,SP,-23.5056544825584,-47.479115135789606,3746,26
18044,sorocaba,SP,-23.5101864957986,-47.4780296940419,3746,26
18045,sorocaba,SP,-23.5190464860091,-47.485265751559,3746,26
18046,sorocaba,SP,-23.5219778333302,-47.474408508980595,3746,26
18047,sorocaba,SP,-23.5203768313007,-47.4629846526563,3746,26
18048,sorocaba,SP,-23.536889528171102,-47.4696868600855,3746,26
18050,sorocaba,SP,-23.5149427623489,-47.4995297315133,3746,26
18051,sorocaba,SP,-23.518036151648502,-47.5035467718204,3746,26
18052,sorocaba,SP,-23.5317319453385,-47.4998035105878,3746,26
18053,sorocaba,SP,-23.5011315875362,-47.518579280491,3746,26
18054,sorocaba,SP,-23.4936625555806,-47.5235597826004,3746,26
18055,sorocaba,SP,-23.4973165006885,-47.5016021640742,3746,26
18056,sorocaba,SP,-23.5072032593848,-47.5034849508903,3746,26
18057,sorocaba,SP,-23.4798562256096,-47.5098498800812,3746,26
18060,sorocaba,SP,-23.491386351129,-47.4706062539832,3746,26
18061,sorocaba,SP,-23.495455071965,-47.4849138065118,3746,26
18065,sorocaba,SP,-23.4854904724688,-47.4795040591251,3746,26
18066,sorocaba,SP,-23.4811723183949,-47.4954758325312,3746,26
18070,sorocaba,SP,-23.4735306542071,-47.4834695536042,3746,26
18071,sorocaba,SP,-23.4630054991499,-47.5026167469087,3746,26
18072,sorocaba,SP,-23.433547523155998,-47.5091793663968,3746,26
18074,sorocaba,SP,-23.4535845063327,-47.488513121454694,3746,26
18075,sorocaba,SP,-23.4740303493718,-47.4673971465216,3746,26
18076,sorocaba,SP,-23.4642047077765,-47.4714566601021,3746,26
18077,sorocaba,SP,-23.453975800323,-47.4737090829162,3746,26
18078,sorocaba,SP,-23.4380790609757,-47.4677408531006,3746,26
18079,sorocaba,SP,-23.4363147396889,-47.4713762945992,3746,26
18080,sorocaba,SP,-23.485222804707,-47.4598698997518,3746,26
18081,sorocaba,SP,-23.4772452621993,-47.4507100208777,3746,26
18085,sorocaba,SP,-23.4724145670458,-47.4336692263042,3746,26
18086,sorocaba,SP,-23.4476089767417,-47.4471363365441,3746,26
18087,sorocaba,SP,-23.459173046685102,-47.4045458005104,3746,26
18090,sorocaba,SP,-23.4815996354788,-47.448214832826,3746,26
18095,sorocaba,SP,-23.4890487492699,-47.4488457058483,3746,26
18103,sorocaba,SP,-23.419167901610205,-47.4167211093245,3746,26
18105,sorocaba,SP,-23.4015874153133,-47.379336229819,3746,26
18108,sorocaba,SP,-23.4998594013753,-47.37469832927301,3746,26
18110,votorantim,SP,-23.543319623797895,-47.4573800331167,4091,26
18111,votorantim,SP,-23.534966496904,-47.4402660390027,4091,26
18112,votorantim,SP,-23.5298542000696,-47.4337214243311,4091,26
18113,votorantim,SP,-23.5381146382415,-47.4147799514924,4091,26
18114,votorantim,SP,-23.543695877487,-47.4362617476572,4091,26
18115,votorantim,SP,-23.5614813665452,-47.45059205912181,4091,26
18116,votorantim,SP,-23.5510568295519,-47.4625350741755,4091,26
18117,votorantim,SP,-23.5692716481685,-47.4601547348827,4091,26
18118,votorantim,SP,-23.475461855285,-46.8530648280758,4091,26
18119,votorantim,SP,-23.5465307284618,-47.492200937032,4091,26
18120,mairinque,SP,-23.5365029583529,-47.1888901160532,2157,26
18125,aluminio,SP,-23.5238655088295,-47.25661347249329,133,26
18130,sao roque,SP,-23.5314243907345,-47.1344276504627,3601,26
18131,sao roque,SP,-23.531716378829,-47.1486707593275,3601,26
18132,sao roque,SP,-23.5178566788907,-47.1400006224205,3601,26
18133,sao roque,SP,-23.5185439270104,-47.1286085377364,3601,26
18134,sao roque,SP,-23.5239702565899,-47.13087539496,3601,26
18135,sao roque,SP,-23.5473862244239,-47.1219920366402,3601,26
18136,sao roque,SP,-23.548583180283,-47.1372451269874,3601,26
18140,sao roque,SP,-23.5396081041833,-47.0537455454589,3601,26
18143,sao roque,SP,-23.5602067755074,-47.0877417758363,3601,26
18145,sao roque,SP,-23.5866182395987,-47.1352993992547,3601,26
18147,aracariguama,SP,-23.4343705160195,-47.0673619873311,230,26
18150,ibiuna,SP,-23.6602974027475,-47.2168038758834,1602,26
18160,salto de pirapora,SP,-23.6500848602269,-47.5777404248927,3221,26
18170,piedade,SP,-23.715944600804104,-47.4142318899136,2806,26
18180,tapirai,SP,-23.963910485651,-47.505444644652,3798,26
18185,pilar do sul,SP,-23.8119745544459,-47.7229075968185,2813,26
18190,aracoiaba da serra,SP,-23.515283983306002,-47.6101837826726,238,26
18195,capela do alto,SP,-23.4779432161048,-47.7392565147633,786,26
18200,itapetininga,SP,-23.587565723331,-48.04486901382981,1802,26
18201,itapetininga,SP,-23.5843233187985,-48.0357464662462,1802,26
18202,itapetininga,SP,-23.5871880027779,-48.0196017529974,1802,26
18203,itapetininga,SP,-23.5965748761083,-48.0341857142622,1802,26
18205,itapetininga,SP,-23.6008986544425,-48.0510842995587,1802,26
18206,itapetininga,SP,-23.6172411451864,-48.0582880845879,1802,26
18207,itapetininga,SP,-23.6012558848577,-48.0702891249373,1802,26
18208,itapetininga,SP,-23.5917931308845,-48.0688450614244,1802,26
18209,itapetininga,SP,-23.5847583391817,-48.0705150565066,1802,26
18210,itapetininga,SP,-23.5809890628937,-48.0538557223979,1802,26
18211,itapetininga,SP,-23.562257623703,-48.0415334767674,1802,26
18212,itapetininga,SP,-23.5718175514256,-48.0360494095149,1802,26
18213,itapetininga,SP,-23.5726766269842,-48.0237167857999,1802,26
18214,itapetininga,SP,-23.5782044572102,-48.0119881393382,1802,26
18215,itapetininga,SP,-23.589453812024,-47.988820112558,1802,26
18217,rechan,SP,-23.5991539231165,-48.3174722560504,3059,26
18220,alambari,SP,-23.5615710660584,-47.8851005485283,74,26
18225,sarapui,SP,-23.6377899643737,-47.8264296873328,3636,26
18230,sao miguel arcanjo,SP,-23.8784434296227,-47.9952791021619,3564,26
18240,angatuba,SP,-23.4956309880761,-48.4072031562243,179,26
18245,campina do monte alegre,SP,-23.5767790409592,-48.4462106322194,700,26
18250,guarei,SP,-23.3704331256356,-48.1828721297365,1523,26
18255,quadra,SP,-23.293914797337,-48.0575380847926,3015,26
18260,porangaba,SP,-23.1804412885019,-48.1247752183346,2927,26
18270,tatui,SP,-23.3497771668368,-47.8473777434754,3814,26
18271,tatui,SP,-23.3433379846978,-47.8396895329988,3814,26
18272,tatui,SP,-23.3460344054042,-47.8251743666872,3814,26
18273,tatui,SP,-23.3606656560488,-47.8145898100748,3814,26
18274,tatui,SP,-23.373381773276396,-47.8469971612432,3814,26
18275,tatui,SP,-23.357148289823,-47.854661029579496,3814,26
18276,tatui,SP,-23.3603344226285,-47.8674681817267,3814,26
18277,tatui,SP,-23.3527950295399,-47.8721379856112,3814,26
18278,tatui,SP,-23.3440008342155,-47.8615252734947,3814,26
18279,tatui,SP,-23.3337913042522,-47.8474597293332,3814,26
18285,cesario lange,SP,-23.2261568499222,-47.9550795004994,929,26
18290,buri,SP,-23.7992529007035,-48.6000179691714,591,26
18300,capao bonito,SP,-24.0046578070866,-48.350226407136994,778,26
18301,capao bonito,SP,-23.9916145259591,-48.3486097667683,778,26
18303,capao bonito,SP,-23.9807595618781,-48.3450305622959,778,26
18304,capao bonito,SP,-24.0065825000152,-48.3376645239158,778,26
18305,capao bonito,SP,-24.0138467191776,-48.3408161880169,778,26
18307,capao bonito,SP,-24.0117479528156,-48.3504809495601,778,26
18310,guapiara,SP,-24.1877191983919,-48.531430541899,1493,26
18320,apiai,SP,-24.5103902774688,-48.8440582978665,218,26
18360,itaoca,SP,-24.6401012880803,-48.8388748484745,1784,26
18380,ribeira,SP,-24.6577297840021,-49.0077510239081,3093,26
18385,itapirapua paulista,SP,-24.5666841558125,-49.1799420078382,1810,26
18400,itapeva,SP,-23.9832494362654,-48.8765251232558,1803,26
18401,itapeva,SP,-23.974148024905602,-48.87104664329501,1803,26
18403,itapeva,SP,-23.9822206815153,-48.8680946013589,1803,26
18404,itapeva,SP,-23.9912756627628,-48.8683128541836,1803,26
18405,itapeva,SP,-23.9943339837349,-48.877390150461,1803,26
18406,itapeva,SP,-23.9955931329374,-48.8851368464211,1803,26
18407,itapeva,SP,-23.9900108109094,-48.8910565241794,1803,26
18408,itapeva,SP,-23.9956182206855,-48.9031957341326,1803,26
18409,itapeva,SP,-23.9831216096662,-48.8889409064699,1803,26
18410,itapeva,SP,-23.9777030486123,-48.8870753719456,1803,26
18411,itapeva,SP,-23.9714212222995,-48.8836422269031,1803,26
18425,taquarivai,SP,-23.925760560299995,-48.6979958293911,3809,26
18430,ribeirao branco,SP,-24.1909334031331,-48.8113755050426,3098,26
18435,nova campina,SP,-24.12178997742,-48.9048848304429,2468,26
18440,itabera,SP,-23.8652311951694,-49.1409224710006,1733,26
18460,itarare,SP,-24.1115028820577,-49.3314327297037,1828,26
18470,riversul,SP,-23.829015027571,-49.4343770044154,3169,26
18480,itaporanga,SP,-23.7054649462117,-49.4863634780179,1817,26
18500,laranjal paulista,SP,-23.0495517326145,-47.8376213113126,2067,26
18510,maristela,SP,-23.0387667009271,-47.8938760915967,2230,26
18520,cerquilho,SP,-23.1662619037853,-47.7466887035042,922,26
18530,tiete,SP,-23.101621006439995,-47.7118191405567,3849,26
18535,jumirim,SP,-23.0818950294899,-47.7942878126415,1998,26
18540,porto feliz,SP,-23.2119904744157,-47.5220983770913,2946,26
18550,boituva,SP,-23.2874269483057,-47.6705861467145,503,26
18560,ipero,SP,-23.3660172731789,-47.6756280683508,1687,26
18570,conchas,SP,-23.0191072434246,-48.0109251710223,1022,26
18580,pereiras,SP,-23.0745195674089,-47.9753586055221,2780,26
18590,bofete,SP,-23.1106022860873,-48.2624704488195,502,26
18600,botucatu,SP,-22.8875379855245,-48.4410868982303,545,26
18601,botucatu,SP,-22.8925926770288,-48.4328078906585,545,26
18602,botucatu,SP,-22.8939644082541,-48.44436506123,545,26
18603,botucatu,SP,-22.8824588123208,-48.4511709341001,545,26
18604,botucatu,SP,-22.8758149336271,-48.4276007451481,545,26
18605,botucatu,SP,-22.9169572970611,-48.4417092258307,545,26
18606,botucatu,SP,-22.901659839487,-48.4518737476009,545,26
18607,botucatu,SP,-22.8903849060472,-48.4631303841359,545,26
18608,botucatu,SP,-22.8660527732773,-48.4606920332762,545,26
18609,botucatu,SP,-22.8648998248379,-48.4488163195721,545,26
18610,botucatu,SP,-22.8599337494128,-48.4421247114448,545,26
18611,botucatu,SP,-22.8748816584044,-48.4357533856322,545,26
18618,botucatu,SP,-22.8987776040736,-48.4948952990865,545,26
18620,anhembi,SP,-22.7905531329672,-48.1292283726356,191,26
18640,pardinho,SP,-23.0899834857701,-48.3840631726734,2686,26
18650,sao manuel,SP,-22.7402649261453,-48.5718132083889,3556,26
18655,aparecida de sao manuel,SP,-22.7311438324099,-48.6106886065475,213,26
18670,areiopolis,SP,-22.6736532769223,-48.665882907433705,291,26
18680,lencois paulista,SP,-22.593650748264103,-48.7996623114129,2080,26
18681,lencois paulista,SP,-22.5991223305566,-48.78750986401851,2080,26
18682,lencois paulista,SP,-22.6098976766387,-48.7962369888981,2080,26
18683,lencois paulista,SP,-22.601443045355,-48.8071041045474,2080,26
18684,lencois paulista,SP,-22.5852266752533,-48.8145965043339,2080,26
18685,lencois paulista,SP,-22.5813015998128,-48.81033394794779,2080,26
18690,itatinga,SP,-23.1032653634508,-48.614112554621,1836,26
18700,avare,SP,-23.1045848962128,-48.9245153484848,343,26
18701,avare,SP,-23.1038450200894,-48.9141914768525,343,26
18702,avare,SP,-23.1120308812456,-48.90588619066799,343,26
18703,avare,SP,-23.123106641515204,-48.9314363437666,343,26
18704,avare,SP,-23.1152002665705,-48.93596485863301,343,26
18705,avare,SP,-23.1003607296186,-48.9345905287162,343,26
18706,avare,SP,-23.0863811678928,-48.9310177481849,343,26
18707,avare,SP,-23.084796702590797,-48.9243257525855,343,26
18708,avare,SP,-23.084538184716,-48.9148391739077,343,26
18710,arandu,SP,-23.136564843736,-49.0544403985391,252,26
18720,paranapanema,SP,-23.3887780471661,-48.7343660448555,2674,26
18725,holambra ii,SP,-22.9942186041841,-47.5914471384281,1548,26
18730,itai,SP,-23.4180465587435,-49.0910446731748,1754,26
18740,taquarituba,SP,-23.5323444074087,-49.2463222335984,3808,26
18745,coronel macedo,SP,-23.6306108446969,-49.3131891240718,1068,26
18760,cerqueira cesar,SP,-23.0341004187705,-49.1623445580543,921,26
18770,aguas de santa barbara,SP,-22.8774121530478,-49.240138759388095,54,26
18775,iaras,SP,-22.8719754743311,-49.1563652045556,1560,26
18780,manduri,SP,-23.0063445077172,-49.3184149545307,2172,26
18790,oleo,SP,-22.9404621264405,-49.3404494057287,2557,26
18800,piraju,SP,-23.1982034303548,-49.382780495954,2849,26
18830,tejupa,SP,-23.3754366501239,-49.3283906221241,3823,26
18840,sarutaia,SP,-23.274627877633,-49.4770318849493,3638,26
18860,timburi,SP,-23.2064894573911,-49.6030749363482,3854,26
18870,fartura,SP,-23.3886508181465,-49.5106507094962,1310,26
18890,taguai,SP,-23.4535346848618,-49.4054922479659,3774,26
18900,santa cruz do rio pardo,SP,-22.8963284805329,-49.6242401624688,3264,26
18935,espirito santo do turvo,SP,-22.6951122284838,-49.4303698601356,1281,26
18940,sao pedro do turvo,SP,-22.7350777695258,-49.6427467343718,3596,26
18950,ipaussu,SP,-23.0551516805958,-49.6271909842569,1684,26
18960,bernardino de campos,SP,-23.015535401221,-49.4774344996331,468,26
18970,chavantes,SP,-23.0394381254166,-49.7081395135905,949,26
18980,irape,SP,-23.0578026448612,-49.7323951930995,1715,26
18990,canitar,SP,-23.0053411414548,-49.7833921860572,769,26
19010,presidente prudente,SP,-22.1227352117767,-51.386369334705,2996,26
19013,presidente prudente,SP,-22.1357282012806,-51.3920041591977,2996,26
19014,presidente prudente,SP,-22.1294201408025,-51.3968689681165,2996,26
19015,presidente prudente,SP,-22.121295785525195,-51.3949219764828,2996,26
19020,presidente prudente,SP,-22.1135073536358,-51.3864550035305,2996,26
19023,presidente prudente,SP,-22.1106805809395,-51.3990921204813,2996,26
19024,presidente prudente,SP,-22.1007303049148,-51.3945425989353,2996,26
19025,presidente prudente,SP,-22.1003151018366,-51.4073563378332,2996,26
19026,presidente prudente,SP,-22.0989876380946,-51.4164606855583,2996,26
19027,presidente prudente,SP,-22.1122624238428,-51.4211796662305,2996,26
19028,presidente prudente,SP,-22.0847157458107,-51.4327219647413,2996,26
19029,presidente prudente,SP,-22.0770897425695,-51.4154862493316,2996,26
19030,presidente prudente,SP,-22.1173540856442,-51.3776751812501,2996,26
19031,presidente prudente,SP,-22.1286951918282,-51.3789955865606,2996,26
19033,presidente prudente,SP,-22.0965984041803,-51.3887861119259,2996,26
19034,presidente prudente,SP,-22.0880576468215,-51.3829728476836,2996,26
19035,presidente prudente,SP,-22.1253644427603,-51.3729231625734,2996,26
19040,presidente prudente,SP,-22.1326667507022,-51.3841719187374,2996,26
19041,presidente prudente,SP,-22.1376940206615,-51.3792040619189,2996,26
19042,presidente prudente,SP,-22.1362294598616,-51.3724500454797,2996,26
19045,presidente prudente,SP,-22.1448346190705,-51.3809894937342,2996,26
19050,presidente prudente,SP,-22.1365979273409,-51.4007672143725,2996,26
19051,presidente prudente,SP,-22.1430683444739,-51.4587987530321,2996,26
19053,presidente prudente,SP,-22.146839992188,-51.4136105919514,2996,26
19060,presidente prudente,SP,-22.1219369296545,-51.4137959669207,2996,26
19061,presidente prudente,SP,-22.1278999895511,-51.4102480048291,2996,26
19062,presidente prudente,SP,-22.1329610600928,-51.4261316128993,2996,26
19063,presidente prudente,SP,-22.1281396718084,-51.4414359838081,2996,26
19064,presidente prudente,SP,-22.1534507974589,-51.453195149957104,2996,26
19065,presidente prudente,SP,-22.1081826083876,-51.4319277091948,2996,26
19066,presidente prudente,SP,-22.1091739670972,-51.4290655329525,2996,26
19067,presidente prudente,SP,-22.1222204618173,-51.4275745410744,2996,26
19070,presidente prudente,SP,-22.1394912025613,-51.4206760298288,2996,26
19085,presidente prudente,SP,-22.1107856272806,-51.4395809084974,2996,26
19110,presidente prudente,SP,-22.0887124576378,-51.3675905938253,2996,26
19140,presidente prudente,SP,-21.8031040256864,-51.3004348938927,2996,26
19160,alvares machado,SP,-22.0769936874058,-51.4675628250004,136,26
19180,alfredo marcondes,SP,-21.9542888865976,-51.4161543915917,89,26
19190,santo expedito,SP,-21.8518639177617,-51.3945588659491,3394,26
19200,pirapozinho,SP,-22.2758560874806,-51.4984988992635,2861,26
19210,tarabai,SP,-22.3044901244357,-51.558277515285496,3811,26
19220,narandiba,SP,-22.406475309515,-51.5238702434125,2426,26
19230,estrela do norte,SP,-22.4891468865025,-51.6615243346063,1295,26
19260,mirante do paranapanema,SP,-22.2951517428106,-51.9115524214896,2314,26
19273,rosana,SP,-22.5738824922721,-53.0446302325322,3188,26
19274,primavera,SP,-21.6463344490109,-49.3826632933053,2999,26
19275,euclides da cunha paulista,SP,-22.5706217713792,-52.3908216193817,1299,26
19280,teodoro sampaio,SP,-22.5296614979933,-52.172370000651,3828,26
19300,presidente bernardes,SP,-22.0085081438705,-51.5563436015344,2983,26
19350,emilianopolis,SP,-21.830441063754,-51.483140023328,1248,26
19360,santo anastacio,SP,-21.9769200747866,-51.6525418616863,3358,26
19400,presidente venceslau,SP,-21.8742882795038,-51.8449696041087,2998,26
19410,piquerobi,SP,-21.8764296675891,-51.7243969857934,2839,26
19450,caiua,SP,-21.8317176768622,-51.9900957048074,653,26
19470,presidente epitacio,SP,-21.7735626356688,-52.1157099374105,2986,26
19500,martinopolis,SP,-22.1480848584682,-51.1695494948901,2236,26
19505,tecainda,SP,-22.002037882381,-51.1358607631775,3818,26
19560,indiana,SP,-22.1749006998856,-51.2555370863029,1661,26
19570,regente feijo,SP,-22.2219457570177,-51.3034394099545,3067,26
19575,espigao,SP,-22.1955222848186,-51.3567411304972,1276,26
19580,anhumas,SP,-22.2961261461395,-51.3870049745449,192,26
19590,taciba,SP,-22.3897960194034,-51.2895783861975,3772,26
19600,rancharia,SP,-22.2293106491305,-50.8946812710778,3049,26
19610,agisse,SP,-23.5373287374973,-48.5449339368876,33,26
19640,iepe,SP,-22.6603521511289,-51.075322660062,1614,26
19645,nantes,SP,-22.6196098627859,-51.2380557394172,2423,26
19680,joao ramalho,SP,-22.2494357270924,-50.76827149621679,1975,26
19700,paraguacu paulista,SP,-22.4212548260422,-50.5807307803374,2653,26
19750,lutecia,SP,-22.3394516043927,-50.392418293507,2122,26
19770,oscar bressane,SP,-22.3144244550239,-50.2771176574089,2578,26
19780,quata,SP,-22.2472968263987,-50.700629072734806,3017,26
19800,assis,SP,-22.6655860999343,-50.415247086026895,323,26
19801,assis,SP,-22.6701647930978,-50.4113492911947,323,26
19802,assis,SP,-22.6693539286067,-50.42693117309731,323,26
19803,assis,SP,-22.6756802737803,-50.437555529853796,323,26
19804,assis,SP,-22.6639021112708,-50.4358180331074,323,26
19806,assis,SP,-22.6555023430645,-50.4257100791395,323,26
19807,assis,SP,-22.645362089009,-50.4239052997087,323,26
19810,assis,SP,-22.6335554999999,-50.4210937499999,323,26
19812,assis,SP,-22.6394988859205,-50.396471200276004,323,26
19813,assis,SP,-22.6449596551885,-50.4025669210112,323,26
19814,assis,SP,-22.6573993723214,-50.4096759656036,323,26
19815,assis,SP,-22.6556622939674,-50.3954290069836,323,26
19816,assis,SP,-22.663861739285,-50.3997771697594,323,26
19820,taruma,SP,-22.7489466206339,-50.5789516844657,3812,26
19830,echapora,SP,-22.4299509636415,-50.205434067425,1233,26
19840,maracai,SP,-22.6150590825772,-50.6680820941724,2191,26
19860,cruzalia,SP,-22.7434756254785,-50.7878613858171,1125,26
19865,pedrinhas paulista,SP,-22.8152725533347,-50.7912715671895,2754,26
19870,florinia,SP,-22.9021065981528,-50.7270417237259,1358,26
19880,candido mota,SP,-22.7511288937303,-50.3867285284847,758,26
19900,ourinhos,SP,-22.9810632595677,-49.8670414959835,2586,26
19901,ourinhos,SP,-22.991132964016,-49.8691939986074,2586,26
19902,ourinhos,SP,-22.9937987003758,-49.860821174996,2586,26
19904,ourinhos,SP,-23.0132421046378,-49.8848833480144,2586,26
19905,ourinhos,SP,-22.9966281594833,-49.8833950101802,2586,26
19906,ourinhos,SP,-22.9847059827976,-49.88183480538469,2586,26
19907,ourinhos,SP,-22.974466157111504,-49.8813825690159,2586,26
19909,ourinhos,SP,-22.9695000031031,-49.9036974565036,2586,26
19910,ourinhos,SP,-22.9652050936064,-49.8925940454089,2586,26
19911,ourinhos,SP,-22.9675104484472,-49.871393061370405,2586,26
19912,ourinhos,SP,-22.9802705515543,-49.8604184338824,2586,26
19913,ourinhos,SP,-22.981358365381,-49.8535661090713,2586,26
19915,ourinhos,SP,-22.9585378050123,-49.8636384812899,2586,26
19920,salto grande,SP,-22.8868139322549,-49.9821918198017,3226,26
19930,ribeirao do sul,SP,-22.7818696896646,-49.7999709089014,3103,26
19940,ibirarema,SP,-22.8136670803661,-50.0727878706431,1593,26
19970,palmital,SP,-22.7865327379109,-50.2183195185503,2634,26
20010,rio de janeiro,RJ,-22.9025659335482,-43.17859890530709,3131,19
20011,rio de janeiro,RJ,-22.9049934459039,-43.176077696473904,3131,19
20020,rio de janeiro,RJ,-22.907494545333304,-43.1731691294784,3131,19
20021,rio de janeiro,RJ,-22.9123695449134,-43.1735007933549,3131,19
20030,rio de janeiro,RJ,-22.9098739390825,-43.1736503654852,3131,19
20031,rio de janeiro,RJ,-22.9095724376554,-43.1777031129869,3131,19
20040,rio de janeiro,RJ,-22.905686000249,-43.1771563070604,3131,19
20041,rio de janeiro,RJ,-22.9032007523872,-43.1786455823314,3131,19
20050,rio de janeiro,RJ,-22.9056962394204,-43.179258208124,3131,19
20051,rio de janeiro,RJ,-22.9030631009425,-43.1829892687573,3131,19
20060,rio de janeiro,RJ,-22.9074264600348,-43.22111290328179,3131,19
20061,rio de janeiro,RJ,-22.9058117241671,-43.1856290237516,3131,19
20070,rio de janeiro,RJ,-22.902331574261705,-43.179278841545,3131,19
20071,rio de janeiro,RJ,-22.9020769542441,-43.1814978338257,3131,19
20080,rio de janeiro,RJ,-22.901209379401603,-43.1849572428175,3131,19
20081,rio de janeiro,RJ,-22.8977150833002,-43.1833299206064,3131,19
20090,rio de janeiro,RJ,-22.8990541238289,-43.1794206317178,3131,19
20091,rio de janeiro,RJ,-22.9001512862648,-43.178275874395,3131,19
20210,rio de janeiro,RJ,-22.9086965035651,-43.2010163782844,3131,19
20211,rio de janeiro,RJ,-22.9114850386656,-43.198442479731,3131,19
20220,rio de janeiro,RJ,-22.8998295339092,-43.2008043353978,3131,19
20221,rio de janeiro,RJ,-22.8994580215658,-43.197084522165,3131,19
20230,rio de janeiro,RJ,-22.912857010734296,-43.1883491184379,3131,19
20231,rio de janeiro,RJ,-22.912591686606305,-43.1862926503345,3131,19
20240,rio de janeiro,RJ,-22.9177703404088,-43.189057541577895,3131,19
20241,rio de janeiro,RJ,-22.9220064251705,-43.1856574185095,3131,19
20250,rio de janeiro,RJ,-22.9193376551366,-43.2124747097623,3131,19
20251,rio de janeiro,RJ,-22.9222005589184,-43.200156266641294,3131,19
20260,rio de janeiro,RJ,-22.9193425844498,-43.2154232250256,3131,19
20261,rio de janeiro,RJ,-22.9240154282923,-43.2135476716089,3131,19
20270,rio de janeiro,RJ,-22.9162445647387,-43.21795033526521,3131,19
20271,rio de janeiro,RJ,-22.9156693309161,-43.2252134823305,3131,19
20510,rio de janeiro,RJ,-22.9303477893307,-43.242752264879,3131,19
20511,rio de janeiro,RJ,-22.9284131316606,-43.2405381801148,3131,19
20520,rio de janeiro,RJ,-22.9262588252572,-43.2318464246091,3131,19
20521,rio de janeiro,RJ,-22.9279188482109,-43.2319721217749,3131,19
20530,rio de janeiro,RJ,-22.9376862530641,-43.2488694341794,3131,19
20531,rio de janeiro,RJ,-22.9582468528759,-43.2703329320397,3131,19
20535,rio de janeiro,RJ,-22.8778026175476,-43.2730928539724,3131,19
20540,rio de janeiro,RJ,-22.9225559104108,-43.2439012313176,3131,19
20541,rio de janeiro,RJ,-22.9227589809894,-43.246104027508,3131,19
20550,rio de janeiro,RJ,-22.9167921431868,-43.2315503991291,3131,19
20551,rio de janeiro,RJ,-22.914390650925,-43.2456987488348,3131,19
20560,rio de janeiro,RJ,-22.918636000417795,-43.2572448639632,3131,19
20561,rio de janeiro,RJ,-22.9236710618549,-43.2795106132553,3131,19
20710,rio de janeiro,RJ,-22.9083085876345,-43.2764243094503,3131,19
20715,rio de janeiro,RJ,-22.912241980546998,-43.268726673369905,3131,19
20720,rio de janeiro,RJ,-22.9065759469318,-43.2881916759057,3131,19
20725,rio de janeiro,RJ,-22.9064122174807,-43.2824951770071,3131,19
20730,rio de janeiro,RJ,-22.9022909138525,-43.2983951732687,3131,19
20735,rio de janeiro,RJ,-22.9002470040097,-43.2862095465143,3131,19
20740,rio de janeiro,RJ,-22.8962028812507,-43.3126606135441,3131,19
20745,rio de janeiro,RJ,-22.903600471965,-43.3069015895193,3131,19
20750,rio de janeiro,RJ,-22.8751807184064,-43.3008279773679,3131,19
20751,rio de janeiro,RJ,-22.8838946784365,-43.3053842560509,3131,19
20755,rio de janeiro,RJ,-22.8887191299588,-43.2971087013592,3131,19
20756,rio de janeiro,RJ,-22.889303208418298,-43.3045403722546,3131,19
20760,rio de janeiro,RJ,-22.8791772451625,-43.2859269094274,3131,19
20761,rio de janeiro,RJ,-22.8700981490139,-43.2972179170695,3131,19
20765,rio de janeiro,RJ,-22.8706751210027,-43.2861246862715,3131,19
20766,rio de janeiro,RJ,-22.8656730650922,-43.2893178200431,3131,19
20770,rio de janeiro,RJ,-22.8926311041178,-43.2860135732631,3131,19
20771,rio de janeiro,RJ,-22.8865452261788,-43.2815789907082,3131,19
20775,rio de janeiro,RJ,-22.894787607705,-43.277545553376,3131,19
20780,rio de janeiro,RJ,-22.8964631877728,-43.2721717022589,3131,19
20785,rio de janeiro,RJ,-22.8865932543133,-43.2678342006985,3131,19
20910,rio de janeiro,RJ,-22.8995243951098,-43.230524380416696,3131,19
20911,rio de janeiro,RJ,-22.8931488531146,-43.2422010146425,3131,19
20920,rio de janeiro,RJ,-22.8952448596722,-43.231902550437,3131,19
20921,rio de janeiro,RJ,-22.8937032365822,-43.23151762119,3131,19
20930,rio de janeiro,RJ,-22.8899796532512,-43.2288328916147,3131,19
20931,rio de janeiro,RJ,-22.88047650268,-43.2177231526386,3131,19
20932,rio de janeiro,RJ,-22.8533224895082,-43.3973600982691,3131,19
20940,rio de janeiro,RJ,-22.9017814819456,-43.2192000532575,3131,19
20941,rio de janeiro,RJ,-22.9050385793097,-43.2182898368802,3131,19
20943,rio de janeiro,RJ,-22.9076198449637,-43.235904454902105,3131,19
20950,rio de janeiro,RJ,-22.9039956914167,-43.2555860955915,3131,19
20960,rio de janeiro,RJ,-22.899105988671902,-43.2493216378158,3131,19
20961,rio de janeiro,RJ,-22.8989210885412,-43.2604878305771,3131,19
20970,rio de janeiro,RJ,-22.8949096292112,-43.2989551859595,3131,19
20972,rio de janeiro,RJ,-22.9081495718528,-43.260206309713,3131,19
20973,rio de janeiro,RJ,-22.8948029936588,-43.304606788075,3131,19
20975,rio de janeiro,RJ,-22.8944235569721,-43.2516227082614,3131,19
21010,rio de janeiro,RJ,-22.8238391842547,-43.3063018523626,3131,19
21011,rio de janeiro,RJ,-22.8277275466008,-43.2864223207302,3131,19
21012,rio de janeiro,RJ,-22.835042850775,-43.3126364724043,3131,19
21020,rio de janeiro,RJ,-22.8358284876188,-43.2761437841655,3131,19
21021,rio de janeiro,RJ,-22.842072893003195,-43.2650654343193,3131,19
21030,rio de janeiro,RJ,-22.8500025544993,-43.2633540201764,3131,19
21031,rio de janeiro,RJ,-22.848256572311,-43.2561334436864,3131,19
21032,rio de janeiro,RJ,-22.8603766017691,-43.2556698277571,3131,19
21040,rio de janeiro,RJ,-22.8582671726272,-43.2526922297884,3131,19
21041,rio de janeiro,RJ,-22.871441098801,-43.2587275785037,3131,19
21042,rio de janeiro,RJ,-22.8648654110572,-43.2487005035279,3131,19
21043,rio de janeiro,RJ,-22.8865804160603,-43.2773189390998,3131,19
21044,rio de janeiro,RJ,-22.8577063334656,-43.2671862020263,3131,19
21046,rio de janeiro,RJ,-22.8717846061862,-43.250040209943,3131,19
21050,rio de janeiro,RJ,-22.8759817047549,-43.2600561546643,3131,19
21051,rio de janeiro,RJ,-22.8742224143753,-43.2672879004495,3131,19
21060,rio de janeiro,RJ,-22.857331891254,-43.263639568164,3131,19
21061,rio de janeiro,RJ,-22.8663912970642,-43.271588010936206,3131,19
21070,rio de janeiro,RJ,-22.8439144116826,-43.2837790667763,3131,19
21071,rio de janeiro,RJ,-22.8607262673129,-43.2876465058197,3131,19
21073,rio de janeiro,RJ,-22.850770856037,-43.270521523602,3131,19
21210,rio de janeiro,RJ,-22.8437314063761,-43.3024267258263,3131,19
21211,rio de janeiro,RJ,-22.8368280712431,-43.3080446096391,3131,19
21215,rio de janeiro,RJ,-22.8337887767625,-43.2960443338999,3131,19
21220,rio de janeiro,RJ,-22.8494228685922,-43.3135088274882,3131,19
21221,rio de janeiro,RJ,-22.8460647640283,-43.3105353622751,3131,19
21230,rio de janeiro,RJ,-22.8266629756243,-43.3225314634884,3131,19
21231,rio de janeiro,RJ,-22.8315272689458,-43.322196719974,3131,19
21235,rio de janeiro,RJ,-22.8379117765251,-43.3222710460582,3131,19
21236,rio de janeiro,RJ,-22.8396852659843,-43.337124800231,3131,19
21240,rio de janeiro,RJ,-22.8111210300631,-43.3262127990776,3131,19
21241,rio de janeiro,RJ,-22.813496962318,-43.3080367713423,3131,19
21250,rio de janeiro,RJ,-22.8246190914395,-43.3067466748838,3131,19
21310,rio de janeiro,RJ,-22.8790833420039,-43.3393556070339,3131,19
21311,rio de janeiro,RJ,-22.8891817735233,-43.3276359459646,3131,19
21320,rio de janeiro,RJ,-22.8929058760068,-43.3476443895336,3131,19
21321,rio de janeiro,RJ,-22.8951261732899,-43.357502145957,3131,19
21330,rio de janeiro,RJ,-22.8828767826158,-43.3641744835704,3131,19
21331,rio de janeiro,RJ,-22.873507152287,-43.3656775438744,3131,19
21340,rio de janeiro,RJ,-22.8710181347179,-43.3568449147153,3131,19
21341,rio de janeiro,RJ,-22.8824429157567,-43.3494700702844,3131,19
21350,rio de janeiro,RJ,-22.8779323526,-43.3301662044274,3131,19
21351,rio de janeiro,RJ,-22.8704482026435,-43.342965268163,3131,19
21360,rio de janeiro,RJ,-22.8669453382581,-43.3347817050669,3131,19
21361,rio de janeiro,RJ,-22.8533282617632,-43.3282280626311,3131,19
21370,rio de janeiro,RJ,-22.8700063672011,-43.3200448632428,3131,19
21371,rio de janeiro,RJ,-22.8510622859687,-43.3261788477525,3131,19
21380,rio de janeiro,RJ,-22.8833179351806,-43.3195119066802,3131,19
21381,rio de janeiro,RJ,-22.87907528708,-43.3146720630742,3131,19
21510,rio de janeiro,RJ,-22.8425100332959,-43.3534906906613,3131,19
21511,rio de janeiro,RJ,-22.8441029927037,-43.3521926922259,3131,19
21512,rio de janeiro,RJ,-22.8414686882908,-43.3619529209293,3131,19
21515,rio de janeiro,RJ,-22.8390273098709,-43.355877462265106,3131,19
21520,rio de janeiro,RJ,-22.810998397638,-43.3618771585305,3131,19
21530,rio de janeiro,RJ,-22.8288119153528,-43.34630760944051,3131,19
21532,rio de janeiro,RJ,-22.8130814021041,-43.3603640809823,3131,19
21535,rio de janeiro,RJ,-22.8194481093075,-43.3540849019001,3131,19
21540,rio de janeiro,RJ,-22.8521435264094,-43.3428130202788,3131,19
21545,rio de janeiro,RJ,-22.8432861377693,-43.3434443181937,3131,19
21550,rio de janeiro,RJ,-22.8620711772098,-43.3562304149266,3131,19
21555,rio de janeiro,RJ,-22.855135850025995,-43.3635073084281,3131,19
21557,rio de janeiro,RJ,-22.8562037145325,-43.3749557896773,3131,19
21610,rio de janeiro,RJ,-22.8670110455103,-43.3718833166048,3131,19
21615,rio de janeiro,RJ,-22.8620907863219,-43.3913692586888,3131,19
21616,rio de janeiro,RJ,-22.8538797391686,-43.3968094322222,3131,19
21620,rio de janeiro,RJ,-22.8393505596094,-43.40486056012261,3131,19
21625,rio de janeiro,RJ,-22.83260534906,-43.402808561949,3131,19
21630,rio de janeiro,RJ,-22.8256494954446,-43.4116498467643,3131,19
21635,rio de janeiro,RJ,-22.8329029715251,-43.4123027811979,3131,19
21640,rio de janeiro,RJ,-22.8346332402286,-43.3927563699728,3131,19
21645,rio de janeiro,RJ,-22.8213856363149,-43.3976031804867,3131,19
21650,rio de janeiro,RJ,-22.8168506894745,-43.3743145324172,3131,19
21655,rio de janeiro,RJ,-22.8186163943599,-43.382598700728,3131,19
21660,rio de janeiro,RJ,-22.8399605529605,-43.37703910572289,3131,19
21665,rio de janeiro,RJ,-22.8342715660105,-43.3779786415156,3131,19
21670,rio de janeiro,RJ,-22.8498436521503,-43.3808702413711,3131,19
21675,rio de janeiro,RJ,-22.8490345546021,-43.3744236468127,3131,19
21710,rio de janeiro,RJ,-22.8769796997757,-43.425279126762895,3131,19
21715,rio de janeiro,RJ,-22.8794767470533,-43.440263981238,3131,19
21720,rio de janeiro,RJ,-22.8651208057353,-43.4470342137163,3131,19
21721,rio de janeiro,RJ,-22.8753558465787,-43.2806364620047,3131,19
21725,rio de janeiro,RJ,-22.8591829939341,-43.456665616338,3131,19
21730,rio de janeiro,RJ,-22.8643550525542,-43.4347571441701,3131,19
21735,rio de janeiro,RJ,-22.8715375172569,-43.4297269148469,3131,19
21740,rio de janeiro,RJ,-22.884333053403,-43.3875048773441,3131,19
21741,rio de janeiro,RJ,-22.8896278835065,-43.3951244292496,3131,19
21745,rio de janeiro,RJ,-22.8795493012411,-43.4101186249618,3131,19
21746,rio de janeiro,RJ,-22.8857755266933,-43.4110256032492,3131,19
21750,rio de janeiro,RJ,-22.8787354326554,-43.4157883622877,3131,19
21755,rio de janeiro,RJ,-22.8838533441556,-43.4191363554975,3131,19
21760,rio de janeiro,RJ,-22.8904482920852,-43.4205838945504,3131,19
21765,rio de janeiro,RJ,-22.8909383643622,-43.4306853774135,3131,19
21770,rio de janeiro,RJ,-22.8922575174522,-43.4420869654487,3131,19
21775,rio de janeiro,RJ,-22.8869529116336,-43.4466441272013,3131,19
21810,rio de janeiro,RJ,-22.8792205441721,-43.4593104649379,3131,19
21815,rio de janeiro,RJ,-22.8854838518738,-43.4576928067265,3131,19
21820,rio de janeiro,RJ,-22.8818884350476,-43.4689976040073,3131,19
21825,rio de janeiro,RJ,-22.892248480036496,-43.4708662033272,3131,19
21830,rio de janeiro,RJ,-22.8801186558489,-43.483604754804,3131,19
21831,rio de janeiro,RJ,-22.8897626041912,-43.483907851345,3131,19
21832,rio de janeiro,RJ,-22.8949986401119,-43.4908369602155,3131,19
21833,rio de janeiro,RJ,-22.881481875105305,-43.49448328547961,3131,19
21840,rio de janeiro,RJ,-22.8683638142636,-43.4692321679506,3131,19
21842,rio de janeiro,RJ,-22.8684213645343,-43.4798555413483,3131,19
21843,rio de janeiro,RJ,-22.8708934294042,-43.4833015044321,3131,19
21850,rio de janeiro,RJ,-22.8594252195579,-43.4868170549894,3131,19
21852,rio de janeiro,RJ,-22.863055922807,-43.4696365930169,3131,19
21853,rio de janeiro,RJ,-22.8570827648756,-43.4864391911654,3131,19
21854,rio de janeiro,RJ,-22.8455565189641,-43.4950164564806,3131,19
21860,rio de janeiro,RJ,-22.8623691018635,-43.4672864611779,3131,19
21862,rio de janeiro,RJ,-22.8646987953516,-43.4663601397452,3131,19
21863,rio de janeiro,RJ,-22.8509515520399,-43.4669351274745,3131,19
21864,rio de janeiro,RJ,-22.8538459625364,-43.4610356502507,3131,19
21865,rio de janeiro,RJ,-22.8530422626333,-43.4704249711521,3131,19
21866,rio de janeiro,RJ,-22.859130493251104,-43.4788060568934,3131,19
21870,rio de janeiro,RJ,-22.8710192839865,-43.4585144287257,3131,19
21875,rio de janeiro,RJ,-22.8734090104904,-43.4537411569272,3131,19
21910,rio de janeiro,RJ,-22.7977783922046,-43.1813608625154,3131,19
21911,rio de janeiro,RJ,-22.7900819429952,-43.1725731935636,3131,19
21920,rio de janeiro,RJ,-22.7981155814393,-43.195697722709404,3131,19
21921,rio de janeiro,RJ,-22.8083044291334,-43.1856485669772,3131,19
21930,rio de janeiro,RJ,-22.8194810629811,-43.17835858534951,3131,19
21931,rio de janeiro,RJ,-22.809517664348704,-43.2002031654349,3131,19
21932,rio de janeiro,RJ,-22.8048628627177,-43.2257282263195,3131,19
21940,rio de janeiro,RJ,-22.8138887114301,-43.2024774963825,3131,19
21941,rio de janeiro,RJ,-22.8338340042933,-43.2488566897388,3131,19
22010,rio de janeiro,RJ,-22.9627129388147,-43.1708107829535,3131,19
22011,rio de janeiro,RJ,-22.9640061056326,-43.1765835861897,3131,19
22020,rio de janeiro,RJ,-22.9654538491568,-43.1784756680437,3131,19
22021,rio de janeiro,RJ,-22.9657156728081,-43.1789057525417,3131,19
22030,rio de janeiro,RJ,-22.965586191842597,-43.1840530686181,3131,19
22031,rio de janeiro,RJ,-22.9669336212308,-43.187921650856,3131,19
22040,rio de janeiro,RJ,-22.968389299018,-43.1849944726417,3131,19
22041,rio de janeiro,RJ,-22.9676736046203,-43.1900282834328,3131,19
22050,rio de janeiro,RJ,-22.9725956556015,-43.1877194563372,3131,19
22051,rio de janeiro,RJ,-22.9728738463173,-43.1905213037087,3131,19
22060,rio de janeiro,RJ,-22.9770286245459,-43.1903408976079,3131,19
22061,rio de janeiro,RJ,-22.9754192523271,-43.1926336521947,3131,19
22070,rio de janeiro,RJ,-22.9806880175635,-43.1895593650821,3131,19
22071,rio de janeiro,RJ,-22.9801847873188,-43.1945906677399,3131,19
22080,rio de janeiro,RJ,-22.9846637765602,-43.1925284491283,3131,19
22081,rio de janeiro,RJ,-22.9844411498948,-43.1934159239032,3131,19
22210,rio de janeiro,RJ,-22.9310708108932,-43.1761159621893,3131,19
22211,rio de janeiro,RJ,-22.9233842972809,-43.1795304365499,3131,19
22220,rio de janeiro,RJ,-22.9295644637217,-43.1768463689096,3131,19
22221,rio de janeiro,RJ,-22.928999413639,-43.1814503283996,3131,19
22230,rio de janeiro,RJ,-22.9372979732528,-43.1768896129763,3131,19
22231,rio de janeiro,RJ,-22.9361539097526,-43.181832267833,3131,19
22240,rio de janeiro,RJ,-22.9352634762396,-43.1872635729711,3131,19
22241,rio de janeiro,RJ,-22.9384583469167,-43.1963680762055,3131,19
22245,rio de janeiro,RJ,-22.9410610919731,-43.1912311911733,3131,19
22250,rio de janeiro,RJ,-22.9422116440815,-43.1775869381825,3131,19
22251,rio de janeiro,RJ,-22.9453442035742,-43.185010548945,3131,19
22260,rio de janeiro,RJ,-22.9492162651112,-43.1902139625684,3131,19
22261,rio de janeiro,RJ,-22.9572182580897,-43.2002606090593,3131,19
22270,rio de janeiro,RJ,-22.9530821882322,-43.1892453649067,3131,19
22271,rio de janeiro,RJ,-22.9561037964145,-43.1939510553518,3131,19
22280,rio de janeiro,RJ,-22.9544086854814,-43.1856500310573,3131,19
22281,rio de janeiro,RJ,-22.956851905823,-43.1936457414002,3131,19
22290,rio de janeiro,RJ,-22.9544284294033,-43.1770742085836,3131,19
22291,rio de janeiro,RJ,-22.9423119513832,-43.1667809067625,3131,19
22410,rio de janeiro,RJ,-22.9839234304986,-43.2071014659179,3131,19
22411,rio de janeiro,RJ,-22.9819446997767,-43.2024131357082,3131,19
22420,rio de janeiro,RJ,-22.9853120226065,-43.2041427637871,3131,19
22421,rio de janeiro,RJ,-22.9821402165473,-43.2068752507303,3131,19
22430,rio de janeiro,RJ,-22.9821023284118,-43.2201331497018,3131,19
22431,rio de janeiro,RJ,-22.982843713402,-43.2247400072017,3131,19
22440,rio de janeiro,RJ,-22.9844391285774,-43.2215127131589,3131,19
22441,rio de janeiro,RJ,-22.984160176092498,-43.2249547488026,3131,19
22450,rio de janeiro,RJ,-22.9864936963992,-43.2330680624736,3131,19
22451,rio de janeiro,RJ,-22.9784152297171,-43.2377291927178,3131,19
22452,rio de janeiro,RJ,-22.9526454981074,-43.3026707054214,3131,19
22460,rio de janeiro,RJ,-22.9648349586416,-43.2249022307029,3131,19
22461,rio de janeiro,RJ,-22.961345034096,-43.2136413880508,3131,19
22470,rio de janeiro,RJ,-22.9655043269756,-43.2154484132203,3131,19
22471,rio de janeiro,RJ,-22.9676259714085,-43.2032128823924,3131,19
22610,rio de janeiro,RJ,-22.9959981364995,-43.2616637034225,3131,19
22611,rio de janeiro,RJ,-23.0080688414478,-43.2986117653444,3131,19
22620,rio de janeiro,RJ,-23.0094749799147,-43.3345300489149,3131,19
22621,rio de janeiro,RJ,-23.010803499326396,-43.3098866524811,3131,19
22630,rio de janeiro,RJ,-23.0101312579604,-43.3386795199741,3131,19
22631,rio de janeiro,RJ,-23.0036566683839,-43.3407588532138,3131,19
22640,rio de janeiro,RJ,-23.0012676170106,-43.3355988370672,3131,19
22641,rio de janeiro,RJ,-22.9861050988526,-43.3115206706323,3131,19
22710,rio de janeiro,RJ,-22.9345760229978,-43.3757884133268,3131,19
22711,rio de janeiro,RJ,-22.913731197183,-43.3908971205776,3131,19
22713,rio de janeiro,RJ,-22.9301745840166,-43.3960839121456,3131,19
22715,rio de janeiro,RJ,-22.923355641776,-43.3830469175082,3131,19
22720,rio de janeiro,RJ,-22.9181674199852,-43.38651552844111,3131,19
22723,rio de janeiro,RJ,-22.9168970848402,-43.4027888331353,3131,19
22725,rio de janeiro,RJ,-22.9115017127676,-43.3765261072241,3131,19
22730,rio de janeiro,RJ,-22.9200025223577,-43.3695754073506,3131,19
22733,rio de janeiro,RJ,-22.9060157506714,-43.364980246342,3131,19
22735,rio de janeiro,RJ,-22.9209285327593,-43.3584654815096,3131,19
22740,rio de janeiro,RJ,-22.9262565953219,-43.359757778281,3131,19
22743,rio de janeiro,RJ,-22.9301742782679,-43.34644038809,3131,19
22745,rio de janeiro,RJ,-22.935058480174003,-43.3335940704285,3131,19
22750,rio de janeiro,RJ,-22.9433846709006,-43.33437919544059,3131,19
22753,rio de janeiro,RJ,-22.9661923608996,-43.3307345138754,3131,19
22755,rio de janeiro,RJ,-22.9475025494368,-43.338142101932,3131,19
22760,rio de janeiro,RJ,-22.9388565594913,-43.3458338034662,3131,19
22763,rio de janeiro,RJ,-22.9494184338896,-43.3871768963977,3131,19
22765,rio de janeiro,RJ,-22.9544313338151,-43.3552734222176,3131,19
22770,rio de janeiro,RJ,-22.936910913712605,-43.3609733503508,3131,19
22772,rio de janeiro,RJ,-22.9500501771091,-43.3608475110472,3131,19
22773,rio de janeiro,RJ,-22.9484691003055,-43.3644898982074,3131,19
22775,rio de janeiro,RJ,-22.9691482011526,-43.3830652379681,3131,19
22776,rio de janeiro,RJ,-22.9900485081585,-43.3544810720158,3131,19
22780,rio de janeiro,RJ,-22.9628437904393,-43.4011657830673,3131,19
22783,rio de janeiro,RJ,-22.9840824087821,-43.4488901991941,3131,19
22785,rio de janeiro,RJ,-22.979900329721,-43.4917647591336,3131,19
22790,rio de janeiro,RJ,-23.0129865042264,-43.4655195410329,3131,19
22793,rio de janeiro,RJ,-23.0006189910956,-43.4047182845672,3131,19
22795,rio de janeiro,RJ,-23.0204707373348,-43.462656420683,3131,19
23010,rio de janeiro,RJ,-22.8858722003867,-43.5137289180404,3131,19
23012,rio de janeiro,RJ,-22.8912897091256,-43.5285380348613,3131,19
23013,rio de janeiro,RJ,-22.9012578101004,-43.5414345030673,3131,19
23015,rio de janeiro,RJ,-22.9081740328052,-43.5396778782595,3131,19
23016,rio de janeiro,RJ,-22.912595307197,-43.5359387911535,3131,19
23017,rio de janeiro,RJ,-22.9195747626159,-43.528555702253,3131,19
23020,rio de janeiro,RJ,-23.0049905225767,-43.5478452045754,3131,19
23025,rio de janeiro,RJ,-22.9904692479853,-43.6155057018189,3131,19
23026,rio de janeiro,RJ,-22.9907373482947,-43.6304509214483,3131,19
23027,rio de janeiro,RJ,-23.0012369083129,-43.6400951369083,3131,19
23028,rio de janeiro,RJ,-22.9805629631743,-43.65998986714779,3131,19
23030,rio de janeiro,RJ,-22.966699556811005,-43.6017686687425,3131,19
23031,rio de janeiro,RJ,-22.964378631240198,-43.6118673692667,3131,19
23032,rio de janeiro,RJ,-22.972563998366798,-43.6429504703143,3131,19
23033,rio de janeiro,RJ,-22.9559439865686,-43.6065961335881,3131,19
23035,rio de janeiro,RJ,-22.9458941029356,-43.5944570215384,3131,19
23036,rio de janeiro,RJ,-22.9378999663296,-43.5786461426334,3131,19
23040,rio de janeiro,RJ,-22.9331056624521,-43.5541138101255,3131,19
23042,rio de janeiro,RJ,-22.9277793252372,-43.5545033928836,3131,19
23045,rio de janeiro,RJ,-22.9168407457021,-43.5623401071212,3131,19
23047,rio de janeiro,RJ,-22.9259428864184,-43.56135750790761,3131,19
23050,rio de janeiro,RJ,-22.9063741706149,-43.5664100613297,3131,19
23052,rio de janeiro,RJ,-22.9066193434479,-43.5522498596065,3131,19
23055,rio de janeiro,RJ,-22.9099494896573,-43.5764230099429,3131,19
23056,rio de janeiro,RJ,-22.9181898816774,-43.6123508565418,3131,19
23057,rio de janeiro,RJ,-22.9175309278529,-43.5283248967944,3131,19
23058,rio de janeiro,RJ,-22.9147872661771,-43.5907803955371,3131,19
23059,rio de janeiro,RJ,-22.9133079456777,-43.5904298513721,3131,19
23060,rio de janeiro,RJ,-22.8960895841859,-43.5988967119092,3131,19
23061,rio de janeiro,RJ,-22.9084452850884,-43.6081002128695,3131,19
23062,rio de janeiro,RJ,-22.9026576889767,-43.5991719327075,3131,19
23063,rio de janeiro,RJ,-22.8975219617023,-43.5917522526232,3131,19
23064,rio de janeiro,RJ,-22.9007427025736,-43.5846384255415,3131,19
23065,rio de janeiro,RJ,-22.8829382835811,-43.6250862109886,3131,19
23066,rio de janeiro,RJ,-22.8881924582158,-43.6247365042869,3131,19
23067,rio de janeiro,RJ,-22.8824361447902,-43.6165834679847,3131,19
23068,rio de janeiro,RJ,-22.8864586485702,-43.5976296819071,3131,19
23070,rio de janeiro,RJ,-22.8964078428811,-43.577510013811,3131,19
23071,rio de janeiro,RJ,-22.8883686726111,-43.5809094944829,3131,19
23073,rio de janeiro,RJ,-22.8899842283226,-43.5793975830376,3131,19
23075,rio de janeiro,RJ,-22.8777751795426,-43.5777105128978,3131,19
23076,rio de janeiro,RJ,-22.8824553901139,-43.574942249018,3131,19
23078,rio de janeiro,RJ,-22.8721670513631,-43.5892530737724,3131,19
23080,rio de janeiro,RJ,-22.8985393354084,-43.5654214051634,3131,19
23081,rio de janeiro,RJ,-22.8943395992037,-43.5672229045466,3131,19
23082,rio de janeiro,RJ,-22.8942153041908,-43.571290871484,3131,19
23085,rio de janeiro,RJ,-22.8939204591102,-43.5464239780756,3131,19
23087,rio de janeiro,RJ,-22.8863934250258,-43.5588726183955,3131,19
23088,rio de janeiro,RJ,-22.8854377170545,-43.54971957423259,3131,19
23090,rio de janeiro,RJ,-22.8780433194965,-43.5629173958442,3131,19
23092,rio de janeiro,RJ,-22.8708560120071,-43.5438487489629,3131,19
23093,rio de janeiro,RJ,-22.8775152957433,-43.5302934807537,3131,19
23094,rio de janeiro,RJ,-22.8762097702427,-43.5198167363802,3131,19
23095,rio de janeiro,RJ,-22.869409666214995,-43.5565871778294,3131,19
23097,rio de janeiro,RJ,-22.8510967632703,-43.5361386909503,3131,19
23098,rio de janeiro,RJ,-22.8701888906705,-43.5218768853331,3131,19
23510,rio de janeiro,RJ,-22.9197343705511,-43.6714845796875,3131,19
23515,rio de janeiro,RJ,-22.9236892372433,-43.68292592394349,3131,19
23520,rio de janeiro,RJ,-22.9362554918666,-43.6613990657475,3131,19
23525,rio de janeiro,RJ,-22.9450355226265,-43.6769243141021,3131,19
23530,rio de janeiro,RJ,-22.9738343212623,-43.6810761924786,3131,19
23535,rio de janeiro,RJ,-22.9790211808901,-43.6901224516525,3131,19
23540,rio de janeiro,RJ,-22.9744680217534,-43.6965397043656,3131,19
23545,rio de janeiro,RJ,-22.9670913080009,-43.700265635554,3131,19
23547,rio de janeiro,RJ,-22.9324932164497,-43.6230075311386,3131,19
23550,rio de janeiro,RJ,-22.930711174851904,-43.6894638002585,3131,19
23555,rio de janeiro,RJ,-22.9175048877634,-43.6930872201473,3131,19
23560,rio de janeiro,RJ,-22.8989797224669,-43.699308339686,3131,19
23565,rio de janeiro,RJ,-22.8977617413411,-43.6966595130626,3131,19
23570,rio de janeiro,RJ,-22.9093107742421,-43.6711197277399,3131,19
23573,rio de janeiro,RJ,-22.9131490275328,-43.6535696736374,3131,19
23575,rio de janeiro,RJ,-22.8979897401688,-43.6685591848473,3131,19
23580,rio de janeiro,RJ,-22.9111194000694,-43.6226416252275,3131,19
23585,rio de janeiro,RJ,-22.9245105097275,-43.6352970573142,3131,19
23587,rio de janeiro,RJ,-22.9223807511353,-43.6295105369123,3131,19
23595,rio de janeiro,RJ,-22.9266840232364,-43.6293303106983,3131,19
23810,itaguai,RJ,-22.870934109341,-43.7690126830267,1749,19
23811,itaguai,RJ,-22.8647493438354,-43.7673009842025,1749,19
23812,itaguai,RJ,-22.8720596669728,-43.7709336283585,1749,19
23815,itaguai,RJ,-22.8686701532632,-43.7801395278004,1749,19
23820,itaguai,RJ,-22.8627804716443,-43.7852676281919,1749,19
23821,itaguai,RJ,-22.870305329108,-43.7906413747055,1749,19
23822,itaguai,RJ,-22.8616385859339,-43.7934266306454,1749,19
23825,itaguai,RJ,-22.8858283137124,-43.8278558481932,1749,19
23826,itaguai,RJ,-22.8956048413311,-43.8458702630325,1749,19
23830,itaguai,RJ,-22.8458671869452,-43.7833338042819,1749,19
23831,itaguai,RJ,-22.87663503197,-43.8098512669818,1749,19
23832,itaguai,RJ,-22.8553450929897,-43.7658345632847,1749,19
23855,itaguai,RJ,-22.8638707699914,-43.7592342671893,1749,19
23860,mangaratiba,RJ,-22.947798006321005,-44.0147782188725,2175,19
23870,vila muriqui,RJ,-22.9213197842636,-43.9207571352686,4059,19
23890,seropedica,RJ,-22.7876883756901,-43.648901661126,3677,19
23893,seropedica,RJ,-22.7107215446861,-43.6914023286029,3677,19
23894,seropedica,RJ,-22.7410067949252,-43.6998298199383,3677,19
23895,seropedica,RJ,-22.7462740016266,-43.7085034246101,3677,19
23897,seropedica,RJ,-22.7923668494515,-43.6626401199806,3677,19
23898,seropedica,RJ,-22.8079108162536,-43.6443044124738,3677,19
23900,angra dos reis,RJ,-23.0077509211167,-44.316365798269,185,19
23904,angra dos reis,RJ,-23.0032586078531,-44.3116986368336,185,19
23905,angra dos reis,RJ,-22.9813011973632,-44.3034016492354,185,19
23906,angra dos reis,RJ,-22.9989723374238,-44.3052935243412,185,19
23907,angra dos reis,RJ,-23.0061815436184,-44.3024906006167,185,19
23909,angra dos reis,RJ,-23.0166524036624,-44.3432833416912,185,19
23911,angra dos reis,RJ,-23.0119422633237,-44.2793763017394,185,19
23912,angra dos reis,RJ,-22.9958350156685,-44.269199129363,185,19
23914,angra dos reis,RJ,-22.9937175865114,-44.2378475141998,185,19
23915,angra dos reis,RJ,-22.9903630240107,-44.24714059828,185,19
23916,angra dos reis,RJ,-23.0156470118289,-44.2214798819489,185,19
23918,angra dos reis,RJ,-23.0337765166628,-44.179425681179,185,19
23931,angra dos reis,RJ,-23.005481738341,-44.3284687772753,185,19
23932,angra dos reis,RJ,-22.9796546197277,-44.3000726186683,185,19
23933,angra dos reis,RJ,-22.9733193416002,-44.2929409590386,185,19
23934,angra dos reis,RJ,-22.9750677106706,-44.3043314418161,185,19
23935,angra dos reis,RJ,-22.9600102155057,-44.2865243306066,185,19
23936,angra dos reis,RJ,-22.9658902766357,-44.3394138987806,185,19
23942,angra dos reis,RJ,-22.9493198899388,-44.324088893714,185,19
23943,angra dos reis,RJ,-22.942733002502,-44.39440102941611,185,19
23946,angra dos reis,RJ,-22.968929967021705,-44.440011355261596,185,19
23950,angra dos reis,RJ,-23.0036626672243,-44.4327391973222,185,19
23953,angra dos reis,RJ,-23.0171199093643,-44.5277792839243,185,19
23954,angra dos reis,RJ,-23.0127199177228,-44.5371195300464,185,19
23955,angra dos reis,RJ,-23.008407848206,-44.5204294377922,185,19
23970,paraty,RJ,-23.2128860714071,-44.707780077051,2683,19
24020,niteroi,RJ,-22.8937011455631,-43.1204178492766,2446,19
24027,niteroi,RJ,-21.2189719026067,-41.8775235056882,2446,19
24030,niteroi,RJ,-22.8886974577822,-43.1183070209367,2446,19
24040,niteroi,RJ,-22.8827356243089,-43.1234962812347,2446,19
24050,niteroi,RJ,-22.8751750398588,-43.1095602847539,2446,19
24060,niteroi,RJ,-22.8859341963165,-43.1106543708203,2446,19
24070,niteroi,RJ,-22.8934862450898,-43.110890975818,2446,19
24110,niteroi,RJ,-22.8679152764003,-43.0996054877294,2446,19
24111,niteroi,RJ,-22.8639845149447,-43.0925230667908,2446,19
24119,niteroi,RJ,-22.8634349284625,-43.0972573740316,2446,19
24120,niteroi,RJ,-22.8832702368568,-43.0922740055889,2446,19
24130,niteroi,RJ,-22.8792268932026,-43.0915718657214,2446,19
24140,niteroi,RJ,-22.8892674932618,-43.048608858087,2446,19
24141,niteroi,RJ,-22.8781691571899,-43.0556416308574,2446,19
24210,niteroi,RJ,-22.9006237676799,-43.1270729241988,2446,19
24220,niteroi,RJ,-22.9032448166188,-43.1070235982204,2446,19
24230,niteroi,RJ,-22.8786369149632,-43.0860961460105,2446,19
24240,niteroi,RJ,-22.8972372325489,-43.0991575642869,2446,19
24241,niteroi,RJ,-22.9042198004434,-43.0915806502821,2446,19
24310,niteroi,RJ,-22.9110328213164,-43.067426812379,2446,19
24315,niteroi,RJ,-22.9016847920854,-43.0689149608881,2446,19
24320,niteroi,RJ,-22.902823180776,-43.0508581293772,2446,19
24322,niteroi,RJ,-22.8963230566331,-43.0384577272772,2446,19
24325,niteroi,RJ,-22.8305639538964,-43.0451960292614,2446,19
24330,niteroi,RJ,-22.9011995477464,-42.991174595669,2446,19
24340,niteroi,RJ,-22.9476544325619,-43.0336508704976,2446,19
24342,niteroi,RJ,-22.9373916166206,-43.0221463841135,2446,19
24344,niteroi,RJ,-22.9368598357308,-43.0149152299082,2446,19
24346,niteroi,RJ,-22.9492303623972,-43.0280552080432,2446,19
24348,niteroi,RJ,-22.9704027383738,-43.0321329470858,2446,19
24350,niteroi,RJ,-22.9406168642191,-43.0654540111234,2446,19
24355,niteroi,RJ,-22.9411555966564,-43.0431341766249,2446,19
24358,niteroi,RJ,-22.9541055821441,-43.0680054361715,2446,19
24360,niteroi,RJ,-22.8309887194755,-43.0308607759125,2446,19
24365,niteroi,RJ,-22.9122432040522,-43.0815093308039,2446,19
24370,niteroi,RJ,-22.924664773806,-43.099869861446,2446,19
24410,sao goncalo,RJ,-22.8596533143126,-43.0807823020398,3453,19
24411,sao goncalo,RJ,-22.8575373847235,-43.0816903454071,3453,19
24412,sao goncalo,RJ,-22.847500221583,-43.0754246165158,3453,19
24415,sao goncalo,RJ,-22.8408576937256,-43.0762354819578,3453,19
24416,sao goncalo,RJ,-22.8400981244342,-43.0677833338741,3453,19
24417,sao goncalo,RJ,-22.8454109392248,-43.0501396757818,3453,19
24420,sao goncalo,RJ,-22.835696540771,-43.0466593527477,3453,19
24421,sao goncalo,RJ,-22.8306560821707,-43.0420414108867,3453,19
24422,sao goncalo,RJ,-22.8277265510171,-43.028899045397,3453,19
24425,sao goncalo,RJ,-22.852695605444797,-43.0901461872788,3453,19
24426,sao goncalo,RJ,-22.8404111711566,-43.086602790464,3453,19
24430,sao goncalo,RJ,-22.8300922355107,-43.08565279852369,3453,19
24431,sao goncalo,RJ,-22.8284386407575,-43.0806470590295,3453,19
24435,sao goncalo,RJ,-22.8274819471701,-43.0698152344756,3453,19
24436,sao goncalo,RJ,-22.8212475337676,-43.0669487679038,3453,19
24440,sao goncalo,RJ,-22.8271491906132,-43.0539481412297,3453,19
24445,sao goncalo,RJ,-22.8192616935524,-43.0347652034931,3453,19
24450,sao goncalo,RJ,-22.8231690800564,-43.0200282362466,3453,19
24451,sao goncalo,RJ,-22.8293512767104,-43.013995414938,3453,19
24452,sao goncalo,RJ,-22.819291471555,-43.0063583836459,3453,19
24455,sao goncalo,RJ,-22.8087801890183,-43.0258667651288,3453,19
24456,sao goncalo,RJ,-22.8092956741027,-43.0160403739406,3453,19
24457,sao goncalo,RJ,-22.8066242271414,-43.012656807667405,3453,19
24460,sao goncalo,RJ,-22.814787634492102,-43.0432993534961,3453,19
24461,sao goncalo,RJ,-22.8033504817046,-43.0358182822437,3453,19
24465,sao goncalo,RJ,-22.819491448952,-43.0551638057087,3453,19
24466,sao goncalo,RJ,-22.8111234782955,-43.0623695479293,3453,19
24467,sao goncalo,RJ,-22.805308252046,-43.0526479295712,3453,19
24470,sao goncalo,RJ,-22.7962903335086,-43.0453139385541,3453,19
24471,sao goncalo,RJ,-22.7856007851567,-43.0459364022868,3453,19
24472,sao goncalo,RJ,-22.7893152275897,-43.0385038836069,3453,19
24473,sao goncalo,RJ,-22.7879882295333,-43.0323562496604,3453,19
24474,sao goncalo,RJ,-22.7949692610246,-43.0244143466076,3453,19
24475,sao goncalo,RJ,-22.7772677788977,-43.0274463089284,3453,19
24710,sao goncalo,RJ,-22.8226243068413,-43.0030937421215,3453,19
24711,sao goncalo,RJ,-22.8189069265348,-42.9975119623911,3453,19
24715,sao goncalo,RJ,-22.8027677297662,-42.9902818086645,3453,19
24716,sao goncalo,RJ,-22.7898805941756,-43.0042804798236,3453,19
24717,sao goncalo,RJ,-22.808029904019,-43.0030340023628,3453,19
24720,sao goncalo,RJ,-22.8132178383382,-42.9874103322232,3453,19
24721,sao goncalo,RJ,-22.8014957028664,-42.9839086120186,3453,19
24722,sao goncalo,RJ,-22.7965017470754,-42.976229884705,3453,19
24723,sao goncalo,RJ,-22.8176235908785,-42.9467636058646,3453,19
24724,sao goncalo,RJ,-22.8057690035177,-42.9572672497236,3453,19
24725,sao goncalo,RJ,-22.8114562172283,-42.9722086317335,3453,19
24726,sao goncalo,RJ,-22.7885117027605,-42.9585657888613,3453,19
24730,sao goncalo,RJ,-22.8290469129194,-42.9878424644397,3453,19
24731,sao goncalo,RJ,-22.8228114220532,-42.9868511465069,3453,19
24732,sao goncalo,RJ,-22.8270644691587,-42.9738976624395,3453,19
24734,sao goncalo,RJ,-22.829471848017,-42.9607569973705,3453,19
24735,sao goncalo,RJ,-22.8458838736375,-42.9542630803198,3453,19
24736,sao goncalo,RJ,-22.8200333897637,-42.9699221934437,3453,19
24737,sao goncalo,RJ,-22.8416238802928,-42.9623132322213,3453,19
24738,sao goncalo,RJ,-22.8517857490695,-42.9435428429772,3453,19
24740,sao goncalo,RJ,-22.8329529875718,-42.9972467457565,3453,19
24742,sao goncalo,RJ,-22.8387666425993,-43.0037952317313,3453,19
24743,sao goncalo,RJ,-22.8459984175964,-42.99706758921919,3453,19
24744,sao goncalo,RJ,-22.8423001600473,-43.0121432277347,3453,19
24745,sao goncalo,RJ,-22.8528010367518,-43.0045439709925,3453,19
24746,sao goncalo,RJ,-22.8390670078821,-42.9878927913501,3453,19
24750,sao goncalo,RJ,-22.8546366919241,-43.0225843730388,3453,19
24751,sao goncalo,RJ,-22.8678254877856,-43.0027490695552,3453,19
24752,sao goncalo,RJ,-22.8822591385017,-42.9843617286721,3453,19
24753,sao goncalo,RJ,-22.8862870143675,-42.9916686589665,3453,19
24754,sao goncalo,RJ,-22.872354587681,-43.02743281283531,3453,19
24755,sao goncalo,RJ,-22.8592664572661,-43.0153078558817,3453,19
24756,sao goncalo,RJ,-22.8859333949968,-43.0119831046672,3453,19
24800,itaborai,RJ,-22.7424812931077,-42.8572107525866,1739,19
24801,itaborai,RJ,-22.7395793666599,-42.8470133567776,1739,19
24802,itaborai,RJ,-22.7290069184915,-42.8346683587669,1739,19
24804,itaborai,RJ,-22.7470905266111,-42.8434221073745,1739,19
24805,itaborai,RJ,-22.7353314893979,-42.8388377425933,1739,19
24808,itaborai,RJ,-22.7567762343058,-42.8554197426964,1739,19
24812,itaborai,RJ,-22.7501962808565,-42.8718771660321,1739,19
24813,itaborai,RJ,-22.7541175832879,-42.8888355302461,1739,19
24830,itaborai,RJ,-22.7113078008679,-42.8733142531665,1739,19
24846,itaborai,RJ,-22.7153855839883,-42.8063858413202,1739,19
24855,itaborai,RJ,-22.773459679480897,-42.9156544177182,1739,19
24856,itaborai,RJ,-22.7580791385663,-42.9106331120623,1739,19
24858,itaborai,RJ,-22.772099357267695,-42.92264307986121,1739,19
24859,itaborai,RJ,-22.7734023055858,-42.9098476662082,1739,19
24866,itaborai,RJ,-22.7337311788752,-42.9327653073432,1739,19
24876,itaborai,RJ,-22.7125342435385,-42.89540473111649,1739,19
24890,tangua,RJ,-22.735218709428,-42.7278476090789,3788,19
24900,marica,RJ,-22.919618105516,-42.8397895755853,2217,19
24901,marica,RJ,-22.9236082774567,-42.8198570983789,2217,19
24902,marica,RJ,-22.9270053503162,-42.8293157127626,2217,19
24903,marica,RJ,-22.9116696347521,-42.80609731472149,2217,19
24904,marica,RJ,-22.9105968904252,-42.8170461549758,2217,19
24905,marica,RJ,-22.9345352195573,-42.9117528553723,2217,19
24910,marica,RJ,-22.8959530231365,-42.842433287763,2217,19
24912,marica,RJ,-22.911125479829497,-42.8337756394756,2217,19
24913,marica,RJ,-22.9142829665368,-42.83456332388639,2217,19
24914,marica,RJ,-22.9234539856902,-42.8576024774948,2217,19
24915,marica,RJ,-22.9559844946905,-42.807615378557806,2217,19
24916,marica,RJ,-22.9445763333557,-42.8284412911366,2217,19
24921,marica,RJ,-22.9526098176014,-42.8088726381372,2217,19
24922,marica,RJ,-22.9485657029051,-42.7034323661899,2217,19
24930,marica,RJ,-22.9261077529192,-42.8985035637127,2217,19
24931,marica,RJ,-22.9346489499939,-42.8822804418733,2217,19
24933,marica,RJ,-22.9565929719623,-42.8834943770754,2217,19
24934,marica,RJ,-22.9462211647927,-42.8864595172406,2217,19
24935,marica,RJ,-22.9509706204001,-42.9468334106187,2217,19
24936,marica,RJ,-22.9542782076096,-42.9671189475522,2217,19
24937,marica,RJ,-22.9511520084508,-42.9937612755322,2217,19
24940,marica,RJ,-22.9260050213648,-42.9400139829509,2217,19
24941,marica,RJ,-22.9132211037493,-42.8379590700335,2217,19
24942,marica,RJ,-22.9310256918027,-42.9227211448679,2217,19
24943,marica,RJ,-22.909483056983,-42.9258268000485,2217,19
24944,marica,RJ,-22.8955202184929,-42.9369406698655,2217,19
25010,duque de caxias,RJ,-22.7904692568747,-43.3148145278581,1231,19
25015,duque de caxias,RJ,-22.780222493712,-43.3166054167886,1231,19
25020,duque de caxias,RJ,-22.7789441669845,-43.3086235073848,1231,19
25025,duque de caxias,RJ,-22.7845626570005,-43.3231360919681,1231,19
25030,duque de caxias,RJ,-22.7735214191938,-43.3113968175071,1231,19
25035,duque de caxias,RJ,-22.7553386886922,-43.3085316827707,1231,19
25036,duque de caxias,RJ,-22.7495958235874,-43.3162047566528,1231,19
25040,duque de caxias,RJ,-22.7409006365404,-43.3154671603001,1231,19
25041,duque de caxias,RJ,-22.7357808336382,-43.3181276172322,1231,19
25042,duque de caxias,RJ,-22.7359199247497,-43.3119360459995,1231,19
25045,duque de caxias,RJ,-22.722818281793803,-43.31391577966739,1231,19
25046,duque de caxias,RJ,-22.7235112329081,-43.3214864288378,1231,19
25050,duque de caxias,RJ,-22.7533044865241,-43.296996422941,1231,19
25051,duque de caxias,RJ,-22.7612678969925,-43.2929855860459,1231,19
25055,duque de caxias,RJ,-22.7573966265219,-43.2816691300944,1231,19
25060,duque de caxias,RJ,-22.7640575901125,-43.3004131006368,1231,19
25065,duque de caxias,RJ,-22.7574077930847,-43.2868707257367,1231,19
25070,duque de caxias,RJ,-22.7801627919743,-43.3043036467171,1231,19
25071,duque de caxias,RJ,-22.7854069209329,-43.3018370113584,1231,19
25075,duque de caxias,RJ,-22.774125027079105,-43.2909265805566,1231,19
25080,duque de caxias,RJ,-22.7596857461623,-43.2929706111334,1231,19
25085,duque de caxias,RJ,-22.7958341725155,-43.291526151554,1231,19
25086,duque de caxias,RJ,-22.7541219439488,-43.2864715120792,1231,19
25211,duque de caxias,RJ,-22.6706680863343,-43.2625556333191,1231,19
25212,duque de caxias,RJ,-22.6764736010004,-43.2570200254233,1231,19
25213,duque de caxias,RJ,-22.6749107167218,-43.2762003701554,1231,19
25214,duque de caxias,RJ,-22.6897319330723,-43.2663695530445,1231,19
25215,duque de caxias,RJ,-22.6825907904905,-43.2740413569987,1231,19
25220,duque de caxias,RJ,-22.6854301426782,-43.2466553923796,1231,19
25223,duque de caxias,RJ,-22.683322481003,-43.2539535947041,1231,19
25225,duque de caxias,RJ,-22.6963233425605,-43.2711845750725,1231,19
25230,duque de caxias,RJ,-22.6897416246853,-43.2826886930124,1231,19
25231,duque de caxias,RJ,-22.6835638166031,-43.2990689665228,1231,19
25233,duque de caxias,RJ,-22.7035073951134,-43.2995791608113,1231,19
25235,duque de caxias,RJ,-22.702864372205,-43.3160001775346,1231,19
25237,duque de caxias,RJ,-22.7535748533658,-43.3058930714582,1231,19
25240,duque de caxias,RJ,-22.6456331949062,-43.2870913553551,1231,19
25241,duque de caxias,RJ,-22.571208,-43.3126844999999,1231,19
25243,duque de caxias,RJ,-22.659524930411,-43.296332311051,1231,19
25245,duque de caxias,RJ,-22.5912860848046,-43.3122980909597,1231,19
25250,duque de caxias,RJ,-22.6072860643438,-43.2985747377648,1231,19
25251,duque de caxias,RJ,-22.6541060396544,-43.2779927306286,1231,19
25253,duque de caxias,RJ,-22.612060153892,-43.2818527689075,1231,19
25255,duque de caxias,RJ,-22.6445390503481,-43.2786019391814,1231,19
25260,duque de caxias,RJ,-22.653627376975503,-43.27588967098959,1231,19
25261,duque de caxias,RJ,-22.6453037619332,-43.2620337261666,1231,19
25264,duque de caxias,RJ,-22.6452010674149,-43.2373668784567,1231,19
25265,duque de caxias,RJ,-22.6495506264443,-43.2303412899217,1231,19
25266,duque de caxias,RJ,-22.6387672805319,-43.2218184372897,1231,19
25267,duque de caxias,RJ,-22.6351708385903,-43.2473532815428,1231,19
25268,duque de caxias,RJ,-22.6526962494189,-43.2761256498613,1231,19
25270,duque de caxias,RJ,-22.6238745944661,-43.2398147238128,1231,19
25271,duque de caxias,RJ,-22.6374611394141,-43.2261758058702,1231,19
25272,duque de caxias,RJ,-22.6242591489362,-43.2165212895686,1231,19
25275,duque de caxias,RJ,-22.6388777589183,-43.226925408444096,1231,19
25510,sao joao de meriti,RJ,-22.7906467776542,-43.3756434454469,3475,19
25515,sao joao de meriti,RJ,-22.7976560574952,-43.3642749565231,3475,19
25520,sao joao de meriti,RJ,-22.8036701562303,-43.3754619382363,3475,19
25525,sao joao de meriti,RJ,-22.7961291360451,-43.3827518518258,3475,19
25530,sao joao de meriti,RJ,-22.8059734127798,-43.3903648173854,3475,19
25535,sao joao de meriti,RJ,-22.7911590220043,-43.4026109245681,3475,19
25540,sao joao de meriti,RJ,-22.7840155286797,-43.3970323252907,3475,19
25545,sao joao de meriti,RJ,-22.7896529219758,-43.348172110259,3475,19
25550,sao joao de meriti,RJ,-22.775193331957798,-43.3829298420608,3475,19
25555,sao joao de meriti,RJ,-22.781300436581,-43.3704084388593,3475,19
25560,sao joao de meriti,RJ,-22.7700340752584,-43.3698619289557,3475,19
25561,sao joao de meriti,RJ,-22.7686014807107,-43.3768932816656,3475,19
25565,sao joao de meriti,RJ,-22.7831535839509,-43.3597900356261,3475,19
25570,sao joao de meriti,RJ,-22.7677554724003,-43.3516487738544,3475,19
25571,sao joao de meriti,RJ,-22.7644286558245,-43.3463495837635,3475,19
25575,sao joao de meriti,RJ,-22.7705247387861,-43.3408705836824,3475,19
25576,sao joao de meriti,RJ,-22.778287142653898,-43.3522441073681,3475,19
25580,sao joao de meriti,RJ,-22.783351382978804,-43.3412414585028,3475,19
25581,sao joao de meriti,RJ,-22.7884573689603,-43.3470977753282,3475,19
25585,sao joao de meriti,RJ,-22.7936735464201,-43.338168096394,3475,19
25610,petropolis,RJ,-22.5021836324822,-43.1684345199552,2794,19
25615,petropolis,RJ,-22.4961142238437,-43.1562044399432,2794,19
25620,petropolis,RJ,-22.5102307881974,-43.1754438744551,2794,19
25625,petropolis,RJ,-22.515824878742297,-43.1713671569379,2794,19
25630,petropolis,RJ,-22.5242478946812,-43.1616171383109,2794,19
25635,petropolis,RJ,-22.5290271050188,-43.1766110165775,2794,19
25640,petropolis,RJ,-22.522799072828,-43.1835662244907,2794,19
25645,petropolis,RJ,-22.540796511006196,-43.201235071588,2794,19
25650,petropolis,RJ,-22.5310382475769,-43.2123094149914,2794,19
25651,petropolis,RJ,-22.5247442774012,-43.2116035799025,2794,19
25655,petropolis,RJ,-22.5204498488239,-43.1910123459528,2794,19
25660,petropolis,RJ,-22.5120382401213,-43.2047258575997,2794,19
25665,petropolis,RJ,-22.5091862679036,-43.2198274860601,2794,19
25675,petropolis,RJ,-22.4969845639484,-43.200607288129,2794,19
25680,petropolis,RJ,-22.4896372419789,-43.183762650017,2794,19
25685,petropolis,RJ,-22.5081316370802,-43.1814146875169,2794,19
25710,petropolis,RJ,-22.4755626358904,-43.1483701529852,2794,19
25715,petropolis,RJ,-22.471509664534,-43.1620277638875,2794,19
25720,petropolis,RJ,-22.4322292628002,-43.1408603841168,2794,19
25725,petropolis,RJ,-22.4278940247267,-43.201389799035404,2794,19
25730,petropolis,RJ,-22.408608081087,-43.1314091464925,2794,19
25740,petropolis,RJ,-22.374645351841895,-43.12909370218009,2794,19
25745,petropolis,RJ,-22.3915193770551,-43.1082935874954,2794,19
25750,petropolis,RJ,-22.338529289758096,-43.1289988394999,2794,19
25755,petropolis,RJ,-22.3324125319905,-43.1680211348093,2794,19
25770,petropolis,RJ,-22.26889273967,-43.0768125912155,2794,19
25780,sao jose do vale do rio preto,RJ,-22.1739735370158,-42.9367890469947,3533,19
25802,tres rios,RJ,-22.1172559100092,-43.2058604211569,3898,19
25803,tres rios,RJ,-22.1170816912072,-43.2119245115617,3898,19
25804,tres rios,RJ,-22.1175568364221,-43.21117127518469,3898,19
25805,tres rios,RJ,-22.113965763187498,-43.213762481384,3898,19
25806,tres rios,RJ,-22.1163433258911,-43.2225241565364,3898,19
25807,tres rios,RJ,-22.108494855655,-43.2087533526717,3898,19
25808,tres rios,RJ,-22.1037686909307,-43.2085781079999,3898,19
25809,tres rios,RJ,-22.1008817360565,-43.2157325473809,3898,19
25810,tres rios,RJ,-22.090277722425,-43.2174112797657,3898,19
25811,tres rios,RJ,-22.1059678538779,-43.1868423938819,3898,19
25812,tres rios,RJ,-22.105342873551404,-43.19221670680779,3898,19
25815,tres rios,RJ,-22.1104338105109,-43.1967687693067,3898,19
25820,tres rios,RJ,-22.1160651458029,-43.1886346276185,3898,19
25821,tres rios,RJ,-22.1219808405385,-43.1730482926957,3898,19
25845,areal,RJ,-22.2437079992924,-43.0985491715997,284,19
25850,paraiba do sul,RJ,-22.1642898743463,-43.2922200823045,2655,19
25860,werneck,RJ,-22.2170477354653,-43.3152181589165,4097,19
25870,comendador levy gasparian,RJ,-22.0339417634009,-43.2127662839502,999,19
25880,sapucaia,RJ,-21.9912984016989,-42.9077042142925,3632,19
25882,anta,RJ,-22.184445373275498,-43.024487689835404,196,19
25887,jamapara,RJ,-22.2096774163954,-42.7947665261333,1905,19
25900,mage,RJ,-22.6514195164965,-43.066557876304,2154,19
25901,mage,RJ,-22.6483386005402,-43.0583437917855,2154,19
25902,mage,RJ,-22.6595457422622,-43.1168273763501,2154,19
25903,mage,RJ,-22.6418658349809,-43.0724520830917,2154,19
25904,mage,RJ,-22.651814656338,-43.0536126102533,2154,19
25905,mage,RJ,-22.6613909289999,-43.0352508359999,2154,19
25907,mage,RJ,-22.6385544019767,-43.1600018456252,2154,19
25908,mage,RJ,-22.6581560671607,-43.1190267437023,2154,19
25911,mage,RJ,-22.5590720881526,-43.0449231385173,2154,19
25912,mage,RJ,-22.5701940384288,-43.0587454356945,2154,19
25914,mage,RJ,-22.5938128124785,-43.0693028428315,2154,19
25921,mage,RJ,-22.6525357703222,-43.1265010080548,2154,19
25922,mage,RJ,-22.6600386305935,-43.13478854717639,2154,19
25925,mage,RJ,-22.6936827717914,-43.1097927357244,2154,19
25926,mage,RJ,-22.7014239522343,-43.1595252118079,2154,19
25928,mage,RJ,-22.6360168182264,-43.025343316185,2154,19
25930,mage,RJ,-22.683584670464,-43.1605347157708,2154,19
25931,mage,RJ,-22.615268497162003,-43.1712115691252,2154,19
25932,mage,RJ,-22.6064146258819,-43.1647991740428,2154,19
25933,mage,RJ,-22.5897254372136,-43.1838130969164,2154,19
25935,mage,RJ,-22.6159331550129,-43.1797571983037,2154,19
25936,mage,RJ,-22.6208649086741,-43.1920378768594,2154,19
25937,mage,RJ,-22.6437382834939,-43.1829441054873,2154,19
25938,mage,RJ,-22.6545713161462,-43.2033317989133,2154,19
25940,guapimirim,RJ,-22.6179318937749,-43.0041287960277,1494,19
25943,guapimirim,RJ,-22.5510149310942,-42.984420499067106,1494,19
25945,guapimirim,RJ,-22.528934117386,-42.9854428026376,1494,19
25946,guapimirim,RJ,-22.5277180784931,-42.9782662795107,1494,19
25949,guapimirim,RJ,-22.5145466572878,-42.9690275067773,1494,19
25953,teresopolis,RJ,-22.4119494702975,-42.9664149086134,3836,19
25954,teresopolis,RJ,-22.4324449598951,-42.9482349171023,3836,19
25955,teresopolis,RJ,-22.4216897297823,-42.9672409578695,3836,19
25956,teresopolis,RJ,-22.4289516302445,-42.965164568571,3836,19
25957,teresopolis,RJ,-22.4311841228263,-42.9702210850494,3836,19
25958,teresopolis,RJ,-22.4473127687884,-42.9711096764321,3836,19
25959,teresopolis,RJ,-22.4518956611759,-42.9803677855322,3836,19
25960,teresopolis,RJ,-22.443883819539497,-42.9819930272609,3836,19
25961,teresopolis,RJ,-22.4367272531511,-42.9805722429658,3836,19
25963,teresopolis,RJ,-22.4176772746644,-42.9767214430095,3836,19
25964,teresopolis,RJ,-22.4279151040909,-42.9813656121375,3836,19
25965,teresopolis,RJ,-22.4020629460722,-42.9757252966418,3836,19
25966,teresopolis,RJ,-22.4013706160907,-42.99100193927,3836,19
25973,teresopolis,RJ,-22.3795317664953,-42.972328848759,3836,19
25974,teresopolis,RJ,-22.3820450136049,-42.980265177359,3836,19
25975,teresopolis,RJ,-22.4133452537271,-42.9459503111059,3836,19
25976,teresopolis,RJ,-22.3930120634279,-42.9485659889212,3836,19
25977,teresopolis,RJ,-22.3628571003229,-42.899801321674,3836,19
25980,teresopolis,RJ,-22.3052036571611,-42.8883384224596,3836,19
25990,teresopolis,RJ,-22.4123371228739,-42.9833070930982,3836,19
25995,teresopolis,RJ,-22.3885926979569,-42.918760256921,3836,19
26010,nova iguacu,RJ,-22.7551063244127,-43.4285833453035,2489,19
26011,nova iguacu,RJ,-22.7487851057423,-43.4316810713604,2489,19
26012,nova iguacu,RJ,-22.7391201453175,-43.4389237769767,2489,19
26013,nova iguacu,RJ,-22.745675146224805,-43.4438880278844,2489,19
26015,nova iguacu,RJ,-22.7449869741771,-43.439114856226105,2489,19
26020,nova iguacu,RJ,-22.7330778650466,-43.4496138786291,2489,19
26021,nova iguacu,RJ,-22.7265203412345,-43.4396353857377,2489,19
26022,nova iguacu,RJ,-22.7322323727149,-43.4606767155266,2489,19
26023,nova iguacu,RJ,-22.7184544787386,-43.4533300661667,2489,19
26030,nova iguacu,RJ,-22.7292776629115,-43.4632254543384,2489,19
26031,nova iguacu,RJ,-22.7331449139449,-43.475642997261,2489,19
26032,nova iguacu,RJ,-22.7311684846129,-43.4796971945155,2489,19
26033,nova iguacu,RJ,-22.7229560894817,-43.4618987093067,2489,19
26035,nova iguacu,RJ,-22.7227795530302,-43.466455196482,2489,19
26040,nova iguacu,RJ,-22.7154769810485,-43.4549744650607,2489,19
26041,nova iguacu,RJ,-22.7097886635684,-43.465657949741,2489,19
26042,nova iguacu,RJ,-22.7084012723215,-43.4791402761277,2489,19
26050,nova iguacu,RJ,-22.692333946397,-43.4678329284204,2489,19
26051,nova iguacu,RJ,-22.6937093090498,-43.4556936730957,2489,19
26052,nova iguacu,RJ,-22.6826617389531,-43.4476342644741,2489,19
26053,nova iguacu,RJ,-22.6764247847084,-43.4651483711879,2489,19
26060,nova iguacu,RJ,-22.705960262086403,-43.4442609347968,2489,19
26062,nova iguacu,RJ,-22.6632991804877,-43.4219064988799,2489,19
26063,nova iguacu,RJ,-22.7186987410504,-43.4770407431936,2489,19
26070,nova iguacu,RJ,-22.7122615828593,-43.4339779664681,2489,19
26080,nova iguacu,RJ,-22.7254665981808,-43.5110829974867,2489,19
26082,nova iguacu,RJ,-22.7308499230635,-43.5016290043882,2489,19
26083,nova iguacu,RJ,-22.739625214570605,-43.5113034834901,2489,19
26084,nova iguacu,RJ,-22.7288301166657,-43.5166285938104,2489,19
26085,nova iguacu,RJ,-22.7378823853966,-43.5406265204246,2489,19
26086,nova iguacu,RJ,-22.7274950913335,-43.5233498752417,2489,19
26087,nova iguacu,RJ,-22.716288877191,-43.5153057125853,2489,19
26088,nova iguacu,RJ,-22.7099945845211,-43.5208142576051,2489,19
26110,belford roxo,RJ,-22.7556724930465,-43.3693049070233,452,19
26112,belford roxo,RJ,-22.7488907635404,-43.4021885929518,452,19
26113,belford roxo,RJ,-22.7524998894364,-43.3948968920162,452,19
26115,belford roxo,RJ,-22.7410260176266,-43.3905891028758,452,19
26116,belford roxo,RJ,-22.7440304056398,-43.38686162276391,452,19
26120,belford roxo,RJ,-22.7409512769823,-43.4073757556772,452,19
26123,belford roxo,RJ,-22.7375592438291,-43.4071591537058,452,19
26125,belford roxo,RJ,-22.7330915145543,-43.4011890211411,452,19
26130,belford roxo,RJ,-22.7645204329021,-43.4032426855895,452,19
26135,belford roxo,RJ,-22.748837947683,-43.4110954882984,452,19
26140,belford roxo,RJ,-22.738645489116397,-43.41773917384,452,19
26143,belford roxo,RJ,-22.7277792119543,-43.4190798353855,452,19
26155,belford roxo,RJ,-22.7214958957507,-43.4023674717568,452,19
26160,belford roxo,RJ,-22.7303649059029,-43.3908471356488,452,19
26163,belford roxo,RJ,-22.7180286101975,-43.3886645856521,452,19
26165,belford roxo,RJ,-22.7300486296332,-43.38401397146631,452,19
26167,belford roxo,RJ,-22.7338152682057,-43.3786983157114,452,19
26170,belford roxo,RJ,-22.7353087242565,-43.3689986253974,452,19
26172,belford roxo,RJ,-22.727797274174,-43.3698853205245,452,19
26173,belford roxo,RJ,-22.7293974724831,-43.3564692969258,452,19
26175,belford roxo,RJ,-22.7237126055072,-43.3421822224303,452,19
26178,belford roxo,RJ,-22.7170800561054,-43.3762194374093,452,19
26180,belford roxo,RJ,-22.7093098717834,-43.3403968407036,452,19
26183,belford roxo,RJ,-22.7188415710884,-43.3359503631358,452,19
26185,belford roxo,RJ,-22.712306754575,-43.3346366040831,452,19
26187,belford roxo,RJ,-22.7316832278358,-43.3490226734182,452,19
26190,belford roxo,RJ,-22.7380541491929,-43.3378429435311,452,19
26193,belford roxo,RJ,-22.7437149867542,-43.3418156515362,452,19
26196,belford roxo,RJ,-22.7478895049029,-43.3652394694176,452,19
26210,nova iguacu,RJ,-22.7558765223367,-43.4501130911968,2489,19
26215,nova iguacu,RJ,-22.7493837834528,-43.443731820645404,2489,19
26216,nova iguacu,RJ,-22.751111606071003,-43.4601189647694,2489,19
26220,nova iguacu,RJ,-22.7584056941373,-43.44295771927201,2489,19
26221,nova iguacu,RJ,-22.761895289271603,-43.44132518888,2489,19
26225,nova iguacu,RJ,-22.7649749044501,-43.4386720731525,2489,19
26230,nova iguacu,RJ,-22.7543434472712,-43.4287437990023,2489,19
26250,nova iguacu,RJ,-22.7658059763465,-43.4441338862321,2489,19
26255,nova iguacu,RJ,-22.7608389361194,-43.4566510138106,2489,19
26256,nova iguacu,RJ,-22.7564139768185,-43.4680578587851,2489,19
26260,nova iguacu,RJ,-22.7575145149257,-43.4741841453494,2489,19
26261,nova iguacu,RJ,-22.7594538744493,-43.4828799144607,2489,19
26262,nova iguacu,RJ,-22.7586594944559,-43.4686549683873,2489,19
26263,nova iguacu,RJ,-22.7511163216361,-43.4803664070067,2489,19
26265,nova iguacu,RJ,-22.7624016945273,-43.4918999211615,2489,19
26266,nova iguacu,RJ,-22.7614908222336,-43.4998373372701,2489,19
26270,nova iguacu,RJ,-22.7717869357065,-43.513737001536,2489,19
26271,nova iguacu,RJ,-22.765388055774604,-43.5137402633693,2489,19
26272,nova iguacu,RJ,-22.7612681841108,-43.5046023535344,2489,19
26275,nova iguacu,RJ,-22.7585222484817,-43.5081270171475,2489,19
26276,nova iguacu,RJ,-22.74765536654,-43.5004519992157,2489,19
26277,nova iguacu,RJ,-22.753658680279596,-43.505682099994,2489,19
26278,nova iguacu,RJ,-22.7509503065897,-43.5104936361956,2489,19
26279,nova iguacu,RJ,-22.746340793942398,-43.5159994346702,2489,19
26280,nova iguacu,RJ,-22.7434554698567,-43.4820592869869,2489,19
26281,nova iguacu,RJ,-22.7390515174225,-43.4746966723298,2489,19
26282,nova iguacu,RJ,-22.7432677654186,-43.470804274622,2489,19
26285,nova iguacu,RJ,-22.749261034645595,-43.4574347974095,2489,19
26286,nova iguacu,RJ,-22.7491936967416,-43.4695461312544,2489,19
26290,nova iguacu,RJ,-22.7692389862532,-43.525308493816,2489,19
26291,nova iguacu,RJ,-22.7759222059545,-43.5355251859871,2489,19
26292,nova iguacu,RJ,-22.765111723156803,-43.5590262011223,2489,19
26293,nova iguacu,RJ,-22.7924908359836,-43.575246824954,2489,19
26296,nova iguacu,RJ,-22.8001255897532,-43.5935834082226,2489,19
26297,nova iguacu,RJ,-22.8131524669065,-43.5888405314526,2489,19
26298,nova iguacu,RJ,-22.8212896015733,-43.5839170463519,2489,19
26299,nova iguacu,RJ,-22.8410361502397,-43.6151580457737,2489,19
26310,queimados,RJ,-22.7176903650763,-43.5640659001127,3026,19
26311,queimados,RJ,-22.7230667989856,-43.5775311707207,3026,19
26313,queimados,RJ,-22.7239869485463,-43.5685922012024,3026,19
26315,queimados,RJ,-22.7267498694693,-43.5884264486994,3026,19
26316,queimados,RJ,-22.6917029915945,-43.5946663878579,3026,19
26320,queimados,RJ,-22.7095068150617,-43.58027913118119,3026,19
26321,queimados,RJ,-22.7081915940706,-43.5735177158911,3026,19
26323,queimados,RJ,-22.7218803929505,-43.561201066899095,3026,19
26325,queimados,RJ,-22.720466020617,-43.55679725976071,3026,19
26330,queimados,RJ,-22.7356944004351,-43.5421972118535,3026,19
26379,queimados,RJ,-22.7370148610005,-43.5636187367763,3026,19
26380,queimados,RJ,-22.7074763173239,-43.5507108153338,3026,19
26381,queimados,RJ,-22.6969098294197,-43.5574162411258,3026,19
26382,queimados,RJ,-22.6923313492825,-43.5318166816042,3026,19
26383,queimados,RJ,-22.7078696777149,-43.5613156489384,3026,19
26385,queimados,RJ,-22.7057438877939,-43.5565621234471,3026,19
26413,japeri,RJ,-22.6963334344989,-43.6266413843693,1918,19
26420,japeri,RJ,-22.6845077298307,-43.6153231833036,1918,19
26423,japeri,RJ,-22.6809778671,-43.6113565427285,1918,19
26425,japeri,RJ,-22.6832082985877,-43.6136513869842,1918,19
26430,japeri,RJ,-22.688171783169803,-43.6064593652714,1918,19
26433,japeri,RJ,-22.6502507979544,-43.6535511989555,1918,19
26435,japeri,RJ,-22.6489973524555,-43.6581309517095,1918,19
26440,japeri,RJ,-22.6438955448154,-43.643008242795,1918,19
26443,japeri,RJ,-22.6448068092249,-43.6579459941425,1918,19
26445,japeri,RJ,-22.674494004101103,-43.6081321891292,1918,19
26450,japeri,RJ,-22.6632076302182,-43.6107762853934,1918,19
26453,japeri,RJ,-22.6695105183898,-43.6145254799068,1918,19
26455,japeri,RJ,-22.6737324075254,-43.5980456583348,1918,19
26460,japeri,RJ,-22.671642633506604,-43.5908817705156,1918,19
26470,japeri,RJ,-22.6795454674505,-43.5930411967998,1918,19
26480,japeri,RJ,-22.6679168780637,-43.5857733284908,1918,19
26510,nilopolis,RJ,-22.816628254842,-43.4163249680376,2443,19
26515,nilopolis,RJ,-22.8202772065912,-43.4227090615081,2443,19
26520,nilopolis,RJ,-22.8124923444796,-43.4290962589129,2443,19
26521,nilopolis,RJ,-22.809500731742,-43.4325014932267,2443,19
26525,nilopolis,RJ,-22.8057066317538,-43.4230790524066,2443,19
26526,nilopolis,RJ,-22.804257068335,-43.4210906071707,2443,19
26530,nilopolis,RJ,-22.8016422299922,-43.4160178771849,2443,19
26535,nilopolis,RJ,-22.7997601304371,-43.410474477974,2443,19
26540,nilopolis,RJ,-22.8079479486013,-43.4077309867087,2443,19
26545,nilopolis,RJ,-22.8138210597996,-43.402352797374,2443,19
26550,mesquita,RJ,-22.7707574101651,-43.4312991356195,2284,19
26551,mesquita,RJ,-22.781707096310303,-43.4255223637159,2284,19
26553,mesquita,RJ,-22.7863224786056,-43.43138510904,2284,19
26554,mesquita,RJ,-22.7908922131286,-43.43692215015,2284,19
26556,mesquita,RJ,-22.7777660276256,-43.4366234875962,2284,19
26557,mesquita,RJ,-22.7711058034542,-43.4363887051393,2284,19
26560,mesquita,RJ,-22.7728722351469,-43.424975459657,2284,19
26562,mesquita,RJ,-22.7700649168042,-43.4223396624677,2284,19
26564,mesquita,RJ,-22.7732813274234,-43.41781714536901,2284,19
26570,mesquita,RJ,-22.7781467864011,-43.4171342747468,2284,19
26572,mesquita,RJ,-22.7846703338511,-43.4115055060495,2284,19
26574,mesquita,RJ,-22.777677199832,-43.4038669735973,2284,19
26580,mesquita,RJ,-22.7872763013906,-43.4210479308686,2284,19
26582,mesquita,RJ,-22.7917863499437,-43.4158936664734,2284,19
26584,mesquita,RJ,-22.797051923962,-43.426586022514,2284,19
26585,mesquita,RJ,-22.7983508430523,-43.434750437897,2284,19
26587,mesquita,RJ,-22.8046213927294,-43.4357429099578,2284,19
26600,paracambi,RJ,-22.6148338269921,-43.7056833757485,2648,19
26650,engenheiro paulo de frontin,RJ,-22.537265002139396,-43.66579922342439,1256,19
26660,sacra familia do tingua,RJ,-22.4843948941942,-43.6023061278718,3206,19
26700,mendes,RJ,-22.5260463074788,-43.73322381234699,2277,19
26900,miguel pereira,RJ,-22.4555165875101,-43.4700829638834,2287,19
26910,governador portela,RJ,-22.4769922253894,-43.4992741996457,1460,19
26920,conrado,RJ,-22.5465681604351,-43.578845438376,1036,19
26950,paty do alferes,RJ,-22.4209570559629,-43.4210683683953,2717,19
26980,avelar,RJ,-22.3283935556277,-43.4127918801633,344,19
27110,barra do pirai,RJ,-22.4742095033579,-43.8355684879188,408,19
27113,barra do pirai,RJ,-22.4664685031855,-43.8347574606572,408,19
27115,barra do pirai,RJ,-22.4582198518052,-43.8208427121983,408,19
27120,barra do pirai,RJ,-22.4627485236758,-43.815350946305,408,19
27123,barra do pirai,RJ,-22.4741658498311,-43.830368113377,408,19
27130,barra do pirai,RJ,-22.4640892767288,-43.8139445187088,408,19
27135,barra do pirai,RJ,-22.471473483989,-43.8217608457726,408,19
27140,barra do pirai,RJ,-22.4815752097105,-43.8156546724557,408,19
27143,barra do pirai,RJ,-22.5085240051602,-43.808905424900196,408,19
27145,barra do pirai,RJ,-22.4800373190761,-43.821157023385,408,19
27150,barra do pirai,RJ,-22.4857106439908,-43.8298514132836,408,19
27163,california da barra,RJ,-21.517655124097,-43.8524628509066,671,19
27165,sao jose do turvo,RJ,-21.0677569230708,-45.0734402405092,3532,19
27170,ipiabas,RJ,-22.3770255583921,-43.8682921846135,1688,19
27175,pirai,RJ,-22.6250009679909,-43.8966634367693,2846,19
27185,arrozal,RJ,-22.5945896693123,-44.0307961050585,314,19
27195,santanesia,RJ,-22.5256164841841,-43.8155906680828,3351,19
27197,pinheiral,RJ,-22.5119920767812,-44.0068172946332,2832,19
27210,volta redonda,RJ,-22.4885547667576,-44.07191114075889,4090,19
27211,volta redonda,RJ,-22.4868632854356,-44.0792198125569,4090,19
27212,volta redonda,RJ,-22.4972797171903,-44.07391758627201,4090,19
27213,volta redonda,RJ,-22.5060396919686,-44.08983906130701,4090,19
27215,volta redonda,RJ,-22.506040359488,-44.0946910747231,4090,19
27240,volta redonda,RJ,-22.4996275148895,-44.0545068559699,4090,19
27250,volta redonda,RJ,-22.5077495323348,-44.0718355643688,4090,19
27251,volta redonda,RJ,-22.5129762027936,-44.0837338709881,4090,19
27253,volta redonda,RJ,-22.5158563904449,-44.0897556557173,4090,19
27255,volta redonda,RJ,-22.5170975724582,-44.0980344485666,4090,19
27256,volta redonda,RJ,-22.5274415637605,-44.0926383269169,4090,19
27257,volta redonda,RJ,-22.5672261429138,-44.0818574344966,4090,19
27258,volta redonda,RJ,-22.5369804973768,-44.0770620477888,4090,19
27259,volta redonda,RJ,-22.5322637457655,-44.0794579053485,4090,19
27260,volta redonda,RJ,-22.5204781310302,-44.10062560764019,4090,19
27261,volta redonda,RJ,-22.5243312814333,-44.102125157726,4090,19
27262,volta redonda,RJ,-22.5217301996193,-44.1127631472345,4090,19
27263,volta redonda,RJ,-22.5248053614828,-44.1176917959437,4090,19
27264,volta redonda,RJ,-22.530401657559,-44.1201497779797,4090,19
27265,volta redonda,RJ,-22.5269865504602,-44.1274763111997,4090,19
27267,volta redonda,RJ,-22.5263972743451,-44.1200239325904,4090,19
27273,volta redonda,RJ,-22.5189735208406,-44.1361486873396,4090,19
27274,volta redonda,RJ,-22.5077331899987,-44.129543352427,4090,19
27275,volta redonda,RJ,-22.503611114586,-44.1154593156836,4090,19
27276,volta redonda,RJ,-22.495590042188997,-44.1360322379426,4090,19
27277,volta redonda,SP,-22.4969527898836,-44.1274920099161,4090,26
27278,volta redonda,RJ,-22.4901819073612,-44.1168904542199,4090,19
27279,volta redonda,RJ,-22.4896208799772,-44.113701939469,4090,19
27280,volta redonda,RJ,-22.4898023755853,-44.1089140508516,4090,19
27281,volta redonda,RJ,-22.498802227143,-44.1049073646964,4090,19
27283,volta redonda,RJ,-22.500232997955,-44.093188687638,4090,19
27285,volta redonda,RJ,-22.4948224283693,-44.0877655221888,4090,19
27286,volta redonda,RJ,-22.4764251207681,-44.0683346655606,4090,19
27288,volta redonda,RJ,-22.4661428963453,-44.0987328732313,4090,19
27310,barra mansa,RJ,-22.5428133693174,-44.1717222537774,415,19
27313,barra mansa,RJ,-22.521870013857505,-44.1919995115096,415,19
27320,barra mansa,RJ,-22.5159298772125,-44.1924279229865,415,19
27321,barra mansa,RJ,-22.5243982745672,-44.184183789508,415,19
27323,barra mansa,RJ,-22.537511050775,-44.1684714771043,415,19
27325,barra mansa,RJ,-22.5343720478864,-44.152599018026,415,19
27330,barra mansa,RJ,-22.5484652500356,-44.1676255268185,415,19
27331,barra mansa,RJ,-22.5520423769444,-44.1545394974565,415,19
27332,barra mansa,RJ,-22.5469414967064,-44.1319878032331,415,19
27333,barra mansa,RJ,-22.5433974837994,-44.1259602153005,415,19
27335,barra mansa,RJ,-22.542607796501,-44.1153984178196,415,19
27336,barra mansa,RJ,-22.5527120434598,-44.1227286799574,415,19
27338,barra mansa,RJ,-22.5642724039534,-44.1618662318361,415,19
27340,barra mansa,RJ,-22.582696478762,-44.1748527920117,415,19
27343,barra mansa,RJ,-22.5628022784578,-44.1715897408994,415,19
27345,barra mansa,RJ,-22.5447329571196,-44.1764059186978,415,19
27347,barra mansa,RJ,-22.5556847231886,-44.1811294261655,415,19
27350,barra mansa,RJ,-22.5399906149997,-44.1908194166964,415,19
27351,barra mansa,RJ,-22.531716692684,-44.2036995522524,415,19
27353,barra mansa,RJ,-22.545549881862,-44.2326129206281,415,19
27365,barra mansa,RJ,-22.4521841151199,-44.3047961726304,415,19
27410,quatis,RJ,-22.4134064120514,-44.2618304662109,3019,19
27420,quatis,RJ,-22.4123581934767,-44.2660797526363,3019,19
27460,rio claro,RJ,-22.7307294752618,-44.1304543305648,3125,19
27470,passa tres,RJ,-22.6958038290774,-44.0029073547693,2699,19
27510,resende,RJ,-22.4652422591761,-44.4582545537609,3074,19
27511,resende,RJ,-22.4687650287771,-44.4502776560481,3074,19
27512,resende,RJ,-22.4731250401211,-44.4349351767793,3074,19
27513,resende,RJ,-22.4813529092249,-44.44738336170909,3074,19
27514,resende,RJ,-22.4743592057857,-44.4513589861782,3074,19
27515,resende,RJ,-22.4751261660127,-44.4559859259582,3074,19
27516,resende,RJ,-22.4786959864367,-44.4556245356801,3074,19
27520,resende,RJ,-22.4716722240104,-44.4605668884598,3074,19
27521,resende,RJ,-22.4749172221694,-44.4755715731766,3074,19
27522,resende,RJ,-22.4750002574809,-44.4722803914191,3074,19
27523,resende,RJ,-22.4889196773523,-44.4817755486297,3074,19
27524,resende,RJ,-22.4795365847994,-44.4862207888319,3074,19
27525,resende,RJ,-22.4794575512694,-44.497006003882895,3074,19
27532,resende,RJ,-22.4608491762543,-44.4806309104254,3074,19
27533,resende,RJ,-22.4565962064345,-44.4553997813863,3074,19
27534,resende,RJ,-22.4566458094074,-44.4466287781525,3074,19
27535,resende,RJ,-22.4567602393565,-44.4402793663686,3074,19
27536,resende,RJ,-22.4559819697274,-44.4320280968307,3074,19
27537,resende,RJ,-22.4516647671455,-44.3956878985988,3074,19
27540,resende,RJ,-22.4587239836971,-44.4052607157587,3074,19
27541,resende,RJ,-22.4644471988852,-44.438401119561,3074,19
27542,resende,RJ,-22.4639977750613,-44.448931343839,3074,19
27553,visconde de maua,RJ,-22.3308005585946,-44.528227010167505,4075,19
27555,engenheiro passos,RJ,-22.0566194991995,-44.9922496157174,1255,19
27570,porto real,RJ,-22.427801854013,-44.306272652967,2954,19
27580,itatiaia,RJ,-22.4792970311367,-44.5571413222387,1831,19
27598,penedo,RJ,-22.4344872790201,-44.5320106572209,2771,19
27600,valenca,RJ,-22.2459064074001,-43.7071105044147,3989,19
27640,barao de juparana,RJ,-22.344358414159,-43.6816391784568,384,19
27655,conservatoria,RJ,-22.2864023570855,-43.9203681960169,1040,19
27657,santa isabel do rio preto,RJ,-22.2284232185632,-44.0665570880632,3281,19
27660,rio das flores,RJ,-22.1674509831836,-43.5837914956163,3127,19
27700,vassouras,RJ,-22.4076728730899,-43.66768976744021,4020,19
27910,macae,RJ,-22.3738347005859,-41.7806743766894,2126,19
27913,macae,RJ,-22.3809923951412,-41.7743335149961,2126,19
27915,macae,RJ,-22.3857563663049,-41.7757067905834,2126,19
27916,macae,RJ,-22.3817275441939,-41.7783014766171,2126,19
27920,macae,RJ,-22.3951967286329,-41.792224311998,2126,19
27923,macae,RJ,-22.3913581206682,-41.7814432564845,2126,19
27925,macae,RJ,-22.4073660367696,-41.8396126141176,2126,19
27930,macae,RJ,-22.400213535113597,-41.8155526755543,2126,19
27933,macae,RJ,-22.3997813365259,-41.8034371706723,2126,19
27935,macae,RJ,-22.390779936815,-41.7911108448161,2126,19
27936,macae,RJ,-22.3846636338902,-41.7887019560325,2126,19
27937,macae,RJ,-22.3953101983463,-41.7945768742666,2126,19
27940,macae,RJ,-22.3868649836274,-41.7847538386649,2126,19
27943,macae,RJ,-22.3780834424699,-41.785027624942,2126,19
27945,macae,RJ,-22.37245657727,-41.7943181465418,2126,19
27946,macae,RJ,-22.36678609093,-41.7934133437,2126,19
27947,macae,RJ,-22.3630332835255,-41.7969924110611,2126,19
27960,macae,RJ,-22.3512001850646,-41.7733123854048,2126,19
27961,macae,RJ,-22.3589901434741,-41.7718755016627,2126,19
27963,macae,RJ,-22.3393975119379,-41.7563039252999,2126,19
27965,macae,RJ,-22.3265914956867,-41.7316352453177,2126,19
27966,macae,RJ,-22.3171640005786,-41.7259056150386,2126,19
27971,macae,RJ,-22.3277403934428,-41.7406992814358,2126,19
27972,macae,RJ,-22.3281018428332,-41.7643936197337,2126,19
27985,glicerio,RJ,-22.2369288661716,-42.0623267819628,1432,19
27998,carapebus,RJ,-22.1906835807869,-41.6574465623828,817,19
28010,campos dos goytacazes,RJ,-21.7617504297245,-41.322672359078,738,19
28013,campos dos goytacazes,RJ,-21.7627753470602,-41.3096326952409,738,19
28015,campos dos goytacazes,RJ,-21.770417633474995,-41.3056524949778,738,19
28016,campos dos goytacazes,RJ,-21.7655921479165,-41.2820208226861,738,19
28020,campos dos goytacazes,RJ,-21.7786485588144,-41.2970142530867,738,19
28021,campos dos goytacazes,RJ,-21.7949026191767,-41.2880847328022,738,19
28022,campos dos goytacazes,RJ,-21.8037619829791,-41.3020891439209,738,19
28024,campos dos goytacazes,RJ,-21.7766922974118,-41.3127792551502,738,19
28025,campos dos goytacazes,RJ,-21.7831001221243,-41.3241238401494,738,19
28026,campos dos goytacazes,RJ,-21.7803573632434,-41.3272677186028,738,19
28027,campos dos goytacazes,RJ,-21.7745658587541,-41.3232686775851,738,19
28030,campos dos goytacazes,RJ,-21.7622871273681,-41.3398799793183,738,19
28035,campos dos goytacazes,RJ,-21.7565060238815,-41.33204541278829,738,19
28040,campos dos goytacazes,RJ,-21.834529795294902,-41.413800055377,738,19
28051,campos dos goytacazes,RJ,-21.7495633093737,-41.3403019687879,738,19
28053,campos dos goytacazes,RJ,-21.7476117799561,-41.345121048965,738,19
28055,campos dos goytacazes,RJ,-21.7423106266648,-41.3565854678681,738,19
28060,campos dos goytacazes,RJ,-21.728136997569305,-41.3319541817189,738,19
28070,campos dos goytacazes,RJ,-21.721527370533796,-41.3221427551705,738,19
28080,campos dos goytacazes,RJ,-21.7426678688347,-41.3131405274121,738,19
28083,campos dos goytacazes,RJ,-21.7339977727159,-41.3156656751136,738,19
28085,campos dos goytacazes,RJ,-21.727600198273,-41.3059121455814,738,19
28093,campos dos goytacazes,RJ,-21.7050466341663,-41.3057740792848,738,19
28110,goitacazes,RJ,-21.9678056464576,-41.5484886687567,1450,19
28140,santo amaro de campos,RJ,-18.1260588735761,-42.9882304740388,3357,19
28143,mussurepe,RJ,-21.8425125784894,-41.2534155133229,2416,19
28145,sao sebastiao de campos,RJ,-20.7573451821438,-49.8818455127595,3609,19
28148,tocos,RJ,-22.9034603231455,-43.7876640587414,3863,19
28155,santa maria,RJ,-11.3146980677797,-34.7251298394536,3290,19
28175,travessao,RJ,-22.3366138654684,-42.4622026925427,3882,19
28180,cardoso moreira,RJ,-21.4929323928128,-41.6151424192922,826,19
28200,sao joao da barra,RJ,-21.6700606265597,-41.0568723730247,3467,19
28230,sao francisco de itabapoana,RJ,-21.5419754708278,-41.17599626646,3440,19
28250,italva,RJ,-21.423866388317105,-41.6919526852605,1768,19
28300,itaperuna,RJ,-21.2034279865172,-41.8934682383206,1799,19
28333,raposo,RJ,-12.602148394234598,-37.0008538697922,3053,19
28340,boa ventura,RJ,-21.2079491185448,-41.8897744336949,486,19
28350,laje do muriae,RJ,-21.2108929815207,-42.1185407791096,2055,19
28360,bom jesus do itabapoana,RJ,-21.134261478552,-41.6765631234237,517,19
28375,varre-sai,RJ,-20.9284325381869,-41.8676897477826,4010,19
28380,natividade,RJ,-21.0445184016598,-41.9750478928647,2429,19
28390,porciuncula,RJ,-20.9667059881758,-42.041497431589,2929,19
28396,purilandia,RJ,-20.9301286872944,-41.9557554218598,3012,19
28400,sao fidelis,RJ,-21.6462913518762,-41.7513352430731,3437,19
28415,pureza,RJ,-21.5896662263617,-41.8413112393459,3011,19
28425,cambiasca,RJ,-21.7147199999999,-41.9249999999999,684,19
28430,cambuci,RJ,-21.5744168618178,-41.9116638068636,687,19
28435,tres irmaos,RJ,-21.6256454968953,-41.9851958371076,3893,19
28450,sao joao do paraiso,RJ,-22.281555983329,-45.1034932530049,3483,19
28455,sao jose de uba,RJ,-21.3601936190623,-41.939935089389,3512,19
28460,miracema,RJ,-21.4114505404317,-42.1963861856678,2303,19
28470,santo antonio de padua,RJ,-21.5528598816345,-42.1961887804413,3369,19
28495,aperibe,RJ,-21.6258299889882,-42.104890897999,216,19
28500,cantagalo,RJ,-21.9743642539893,-42.3542177596309,773,19
28510,santa rita da floresta,RJ,-15.6328642421645,-43.0726358866996,3308,19
28540,cordeiro,RJ,-22.0272568222028,-42.3662610279731,1049,19
28545,macuco,RJ,-21.984766868644,-42.2524483824263,2144,19
28550,sao sebastiao do alto,RJ,-21.9515030485116,-42.1320380988053,3610,19
28555,valao do barro,RJ,-22.3457669683645,-41.7576792646116,3986,19
28570,itaocara,RJ,-21.6788118018318,-42.0857507052973,1785,19
28595,portela,RJ,-15.3071557243969,-38.8505305290884,2935,19
28605,nova friburgo,RJ,-22.2699037585176,-42.5197193148777,2484,19
28610,nova friburgo,RJ,-22.284796834661,-42.5316540967753,2484,19
28611,nova friburgo,RJ,-22.2853108854179,-42.5241521921963,2484,19
28613,nova friburgo,RJ,-22.2882072038808,-42.5312451079155,2484,19
28614,nova friburgo,RJ,-22.2929292077017,-42.5212766312707,2484,19
28615,nova friburgo,RJ,-22.3237948662295,-42.5197307744147,2484,19
28616,nova friburgo,RJ,-22.3157637582569,-42.421195084565,2484,19
28620,nova friburgo,RJ,-22.3083588424447,-42.5407428674799,2484,19
28621,nova friburgo,RJ,-22.3234291681247,-42.5476138568876,2484,19
28623,nova friburgo,RJ,-22.3019812829792,-42.5376540238968,2484,19
28625,nova friburgo,RJ,-22.2830381101907,-42.5381189609664,2484,19
28630,nova friburgo,RJ,-22.2512943276852,-42.5406273813771,2484,19
28633,nova friburgo,RJ,-22.2380252182731,-42.5258635705779,2484,19
28634,nova friburgo,RJ,-22.214814601121002,-42.5169525720229,2484,19
28635,nova friburgo,RJ,-22.2377006398484,-42.518754457064,2484,19
28637,sumidouro,RJ,-22.0553312288321,-42.6735640143265,3757,19
28640,carmo,RJ,-21.9323432102295,-42.6074322924963,841,19
28650,duas barras,RJ,-22.0530614444623,-42.518798106306,1228,19
28660,bom jardim,RJ,-22.1596882107986,-42.4168649547944,506,19
28680,cachoeiras de macacu,RJ,-22.4708490514923,-42.6571210378452,631,19
28685,japuiba,RJ,-22.5628252501463,-42.6945740681135,1922,19
28695,papucaia,RJ,-22.60230694826,-42.7614262284087,2646,19
28735,quissama,RJ,-22.1091569704368,-41.4700235788476,3040,19
28740,conceicao de macabu,RJ,-22.0880708108827,-41.8673211488986,1009,19
28750,trajano de moraes,RJ,-22.0657076576246,-42.0697587303107,3879,19
28770,santa maria madalena,RJ,-21.9594375535864,-41.9999608408529,3300,19
28800,rio bonito,RJ,-22.7119278704325,-42.6300411395123,3119,19
28810,rio bonito,SP,-22.7519234942298,-42.5335567925994,3119,26
28820,silva jardim,RJ,-22.6430499322119,-42.4094444625794,3714,19
28860,casimiro de abreu,RJ,-22.4861250970137,-42.1931709437999,870,19
28880,barra de sao joao,RJ,-22.5759596419735,-41.9886494939898,400,19
28890,rio das ostras,RJ,-22.5363538534338,-41.966577074185,3128,19
28891,rio das ostras,RJ,-22.530167943876297,-41.9838735968201,3128,19
28892,rio das ostras,RJ,-22.4306594352936,-41.9901331507591,3128,19
28893,rio das ostras,RJ,-22.5234666705129,-41.9456247807335,3128,19
28894,rio das ostras,RJ,-22.514343196066005,-41.9488436257588,3128,19
28895,rio das ostras,RJ,-22.5076787286057,-41.9249245246174,3128,19
28896,rio das ostras,RJ,-22.5075878608153,-41.9314273990623,3128,19
28897,rio das ostras,RJ,-22.4932713637358,-41.9128413903031,3128,19
28898,rio das ostras,RJ,-22.4491356944682,-41.8695457559988,3128,19
28899,rio das ostras,RJ,-22.4767238123782,-41.908050104851,3128,19
28905,cabo frio,RJ,-22.883918413153,-42.0255681627315,610,19
28906,cabo frio,RJ,-22.8779174642893,-42.0106295872261,610,19
28907,cabo frio,RJ,-22.8805005309291,-42.0196244434311,610,19
28908,cabo frio,RJ,-22.8939772880166,-42.0333001465,610,19
28909,cabo frio,RJ,-22.8939751594469,-42.0444758026044,610,19
28910,cabo frio,RJ,-22.8809277488183,-42.0373202133731,610,19
28911,cabo frio,RJ,-22.8787353248841,-42.0446858330039,610,19
28912,cabo frio,RJ,-22.8484222503765,-42.0426968530031,610,19
28913,cabo frio,RJ,-22.8441651320586,-42.0314135617873,610,19
28915,cabo frio,RJ,-22.8643025222612,-42.0269134397121,610,19
28920,cabo frio,RJ,-22.8331611100906,-42.0248325407,610,19
28922,cabo frio,RJ,-22.8583554383289,-42.0078890696774,610,19
28923,cabo frio,RJ,-22.821259956263,-41.9957534347592,610,19
28924,cabo frio,RJ,-22.8506988064128,-42.0050005668174,610,19
28925,cabo frio,RJ,-22.6524144625239,-42.0060060981857,610,19
28926,cabo frio,RJ,-22.640052989499,-42.0054741594475,610,19
28927,cabo frio,RJ,-22.6264455257023,-42.0064487459779,610,19
28928,cabo frio,RJ,-22.6802414339606,-42.0082652487142,610,19
28929,cabo frio,RJ,-22.7502382014078,-42.0115912746113,610,19
28930,arraial do cabo,RJ,-22.9635660313705,-42.0506509016767,306,19
28940,sao pedro da aldeia,RJ,-22.8370448325156,-42.1121260813586,3589,19
28941,sao pedro da aldeia,RJ,-22.809810356113,-42.1644052977176,3589,19
28942,sao pedro da aldeia,RJ,-22.8415391442124,-42.1169801378729,3589,19
28943,sao pedro da aldeia,RJ,-22.8538514440009,-42.0605376842036,3589,19
28944,sao pedro da aldeia,RJ,-22.8093171534817,-42.141310835031,3589,19
28948,sao pedro da aldeia,RJ,-22.8153562235268,-42.1117264740818,3589,19
28949,sao pedro da aldeia,RJ,-22.8322251368484,-42.1423267719919,3589,19
28950,armacao dos buzios,RJ,-22.7665724848037,-41.9086752059862,299,19
28960,iguaba grande,RJ,-22.8392265073965,-42.2220685980161,1628,19
28970,araruama,RJ,-22.8696569451842,-42.321414936246,272,19
28990,saquarema,RJ,-22.9237565483555,-42.5044796685464,3634,19
28991,saquarema,RJ,-22.9126942921253,-42.4765047433826,3634,19
28992,saquarema,RJ,-22.9042691390604,-42.4204717165678,3634,19
28993,bacaxa,RJ,-22.8933160857852,-42.4700067130141,348,19
28994,saquarema,RJ,-22.8961085163263,-42.4691976106722,3634,19
28995,saquarema,RJ,-22.8799787504568,-42.4739213654532,3634,19
28997,saquarema,RJ,-22.8599104997278,-42.5960010623844,3634,19
28999,saquarema,RJ,-22.9266393266322,-42.6023150784078,3634,19
29010,vitoria,ES,-20.3200385285271,-40.3329218886029,4080,8
29015,vitoria,ES,-20.3178715962684,-40.3375503623874,4080,8
29017,vitoria,ES,-20.3171643346644,-40.3240703638942,4080,8
29018,vitoria,ES,-20.3188434504021,-40.3415662174627,4080,8
29020,vitoria,ES,-20.320846206654,-40.3462076167101,4080,8
29023,vitoria,ES,-20.2970212105508,-40.3472712521861,4080,8
29024,vitoria,ES,-20.2903420894208,-40.3412536648766,4080,8
29025,vitoria,ES,-20.3161415440803,-40.3522223739024,4080,8
29026,vitoria,ES,-20.3097968076523,-40.352024248878,4080,8
29027,vitoria,ES,-20.3085068212574,-40.3463353823904,4080,8
29031,vitoria,ES,-20.2825831967832,-40.3305998315821,4080,8
29032,vitoria,ES,-20.252615418053,-40.3195833840757,4080,8
29040,vitoria,ES,-20.3095469956746,-40.3191583826194,4080,8
29041,vitoria,ES,-20.3117752082872,-40.3200271724677,4080,8
29042,vitoria,ES,-20.3045925261124,-40.3205750588626,4080,8
29043,vitoria,ES,-20.2962069685805,-40.3208351719228,4080,8
29045,vitoria,ES,-20.2975007222893,-40.3063920457453,4080,8
29046,vitoria,ES,-20.2953082142407,-40.308437177574,4080,8
29047,vitoria,ES,-20.2985202573537,-40.3096560898549,4080,8
29048,vitoria,ES,-20.2898631890223,-40.3156623917003,4080,8
29050,vitoria,ES,-20.3139606224299,-40.2987452837358,4080,8
29051,vitoria,ES,-20.3127163748055,-40.3189895649291,4080,8
29052,vitoria,ES,-20.312687316823,-40.2976207746226,4080,8
29053,vitoria,ES,-20.313996010788,-40.3141016482183,4080,8
29055,vitoria,ES,-20.3006146993614,-40.2950280625334,4080,8
29056,vitoria,ES,-20.3045157298498,-40.2995760745933,4080,8
29057,vitoria,ES,-20.2947723727673,-40.2964820970908,4080,8
29060,vitoria,ES,-20.2845930736906,-40.2954045601725,4080,8
29062,vitoria,ES,-20.2776547760683,-40.2963303613639,4080,8
29065,vitoria,ES,-20.277032824262797,-40.2924686869616,4080,8
29066,vitoria,ES,-20.2757901578162,-40.2892064331955,4080,8
29070,vitoria,ES,-20.2641365034225,-40.2962858751177,4080,8
29072,vitoria,ES,-20.2593103175714,-40.2944690042485,4080,8
29075,vitoria,ES,-20.2687059175703,-40.3011742917614,4080,8
29090,vitoria,ES,-20.2589206131089,-40.2675676339488,4080,8
29092,vitoria,ES,-20.2476925843917,-40.2715881322092,4080,8
29100,vila velha,ES,-20.3395960418858,-40.2954934958697,4067,8
29101,vila velha,ES,-20.345030195796195,-40.2879037419965,4067,8
29102,vila velha,ES,-20.3712803696611,-40.307218377608,4067,8
29103,vila velha,ES,-20.3846542283402,-40.3237283118371,4067,8
29104,vila velha,ES,-20.366701930566997,-40.3171892178199,4067,8
29105,vila velha,ES,-20.3786576537217,-40.3195013930245,4067,8
29106,vila velha,ES,-20.3498037675184,-40.306736340422,4067,8
29107,vila velha,ES,-20.3540588840144,-40.3012888707221,4067,8
29108,vila velha,ES,-20.355460307873,-40.3141472572303,4067,8
29109,vila velha,ES,-20.3552422710865,-40.3143317352905,4067,8
29110,vila velha,ES,-20.3510044658503,-40.3212086620323,4067,8
29111,vila velha,ES,-20.3509652469767,-40.3535358580644,4067,8
29112,vila velha,ES,-20.3622577208014,-40.354059476166,4067,8
29113,vila velha,ES,-20.3777321988553,-40.3504794432368,4067,8
29114,vila velha,ES,-20.3316162490294,-40.3425228597822,4067,8
29115,vila velha,ES,-20.33547255205,-40.3312281041129,4067,8
29116,vila velha,ES,-20.3425117419083,-40.3376624856318,4067,8
29117,vila velha,ES,-20.3437947895913,-40.3451186562108,4067,8
29118,vila velha,ES,-20.3480186257787,-40.3373199228722,4067,8
29119,vila velha,ES,-20.3503843941675,-40.3231631342469,4067,8
29120,vila velha,ES,-20.3514644796675,-40.3199653994248,4067,8
29121,vila velha,ES,-20.3382073642114,-40.3190293176456,4067,8
29122,vila velha,ES,-20.3390437485502,-40.3090978536685,4067,8
29124,vila velha,ES,-20.4406777478346,-40.3425959937633,4067,8
29126,vila velha,ES,-20.4118007167887,-40.3375622032574,4067,8
29127,vila velha,ES,-20.4444259154132,-40.357302162144,4067,8
29128,vila velha,ES,-20.5095780800425,-40.3736306412211,4067,8
29129,vila velha,ES,-20.507554106871,-40.361117260776,4067,8
29130,viana,ES,-20.3892809436729,-40.4901873998062,4041,8
29131,viana,ES,-20.4213850160898,-40.460393466434,4041,8
29132,viana,ES,-20.3905374731883,-40.4744819854262,4041,8
29134,viana,ES,-20.3551634926246,-40.4312321366245,4041,8
29135,viana,ES,-20.3513851346846,-40.42842770559,4041,8
29136,viana,ES,-20.3642600809528,-40.4210652948105,4041,8
29138,viana,ES,-20.3702964736209,-40.416448541581,4041,8
29140,cariacica,ES,-20.3410709988975,-40.3644415055945,828,8
29141,cariacica,ES,-20.3530422584502,-40.3729883663275,828,8
29142,cariacica,ES,-20.363601856745,-40.3746253906532,828,8
29143,cariacica,ES,-20.3498774667293,-40.38401591798,828,8
29144,cariacica,ES,-20.3473216769207,-40.3954419646909,828,8
29145,cariacica,ES,-20.3484824916438,-40.3942479898847,828,8
29146,cariacica,ES,-20.3405212996001,-40.3848979874482,828,8
29147,cariacica,ES,-20.3359255734059,-40.3899540708775,828,8
29148,cariacica,ES,-20.3346786502073,-40.4004906582351,828,8
29149,cariacica,ES,-20.330133377233,-40.3904305840772,828,8
29150,cariacica,ES,-20.3224763019699,-40.3776277708668,828,8
29151,cariacica,ES,-20.3286016098997,-40.3694156238516,828,8
29152,cariacica,ES,-20.3170008033648,-40.372320098134,828,8
29153,cariacica,ES,-20.3064530878908,-40.3709358340347,828,8
29154,cariacica,ES,-20.3094165080218,-40.391153337968795,828,8
29155,cariacica,ES,-20.2924810453208,-40.3840314247651,828,8
29156,cariacica,ES,-20.278512891406095,-40.411675223412004,828,8
29157,cariacica,ES,-20.2644096078189,-40.389537508293,828,8
29158,cariacica,ES,-20.3125504508785,-40.4000006942085,828,8
29160,serra,ES,-20.2362154925702,-40.2720366564038,3678,8
29161,serra,ES,-20.223980207912,-40.2758185216854,3678,8
29162,serra,ES,-20.1969801809256,-40.2711183939665,3678,8
29163,serra,ES,-20.2181376576319,-40.242971801119,3678,8
29164,serra,ES,-20.2116851810355,-40.2396190321832,3678,8
29165,serra,ES,-20.1991858938012,-40.2577396724993,3678,8
29166,serra,ES,-20.1880796752774,-40.2416977629954,3678,8
29167,serra,ES,-20.179524111785,-40.2583220920194,3678,8
29168,serra,ES,-20.1584729267044,-40.2460961551303,3678,8
29169,serra,ES,-20.1501596640623,-40.2650679550429,3678,8
29170,serra,ES,-20.1543313903415,-40.2689801202566,3678,8
29171,serra,ES,-20.1384761640682,-40.2477944032281,3678,8
29172,serra,ES,-20.1712850620761,-40.2045673311116,3678,8
29173,serra,ES,-20.1586890169934,-40.1921487144673,3678,8
29175,serra,ES,-20.1402156759843,-40.19358162519,3678,8
29176,serra,ES,-20.1351437478408,-40.2998197580389,3678,8
29177,serra,ES,-20.1215455821104,-40.3059787985688,3678,8
29178,serra,ES,-20.1359038783467,-40.2983750881745,3678,8
29179,serra,ES,-20.1173650728184,-40.2930984025789,3678,8
29180,serra,ES,-20.0720178181386,-40.3621684728586,3678,8
29182,serra,ES,-20.0645424914578,-40.2022624123684,3678,8
29185,fundao,ES,-19.9441602200155,-40.3844989537841,1400,8
29187,praia grande,ES,-20.0392693713329,-40.1871374573892,2977,8
29190,aracruz,ES,-19.8225689135897,-40.2710834934642,239,8
29192,aracruz,ES,-19.8352600305299,-40.2615495765211,239,8
29193,aracruz,ES,-19.831754489582,-40.2724753673988,239,8
29194,aracruz,ES,-19.8241592350735,-40.2642987254349,239,8
29197,aracruz,ES,-19.8222506260556,-40.0630335109296,239,8
29198,aracruz,ES,-19.8953113948784,-40.0991007353037,239,8
29199,aracruz,ES,-19.9270099830841,-40.1434640440439,239,8
29200,guarapari,ES,-20.6722333234345,-40.5000248239317,1512,8
29201,guarapari,ES,-20.6819360902843,-40.5091237357825,1512,8
29203,guarapari,ES,-20.6763906631276,-40.5173954142821,1512,8
29206,guarapari,ES,-20.717238062559,-40.5242744657624,1512,8
29208,guarapari,ES,-20.6824365490793,-40.5192011087714,1512,8
29210,guarapari,ES,-20.6652950280856,-40.5072470516145,1512,8
29212,guarapari,ES,-20.6417159587542,-40.5151244446915,1512,8
29213,guarapari,ES,-20.6407609643159,-40.5089938479911,1512,8
29215,guarapari,ES,-20.660216764966,-40.4985628924447,1512,8
29216,guarapari,ES,-20.6529985861349,-40.4870780832554,1512,8
29217,guarapari,ES,-20.6543214147308,-40.4902116251281,1512,8
29222,guarapari,ES,-20.642418803292,-40.5000673989599,1512,8
29230,anchieta,ES,-20.8003780868598,-40.6488498155093,169,8
29240,alfredo chaves,ES,-20.6270318702419,-40.7493105693723,88,8
29255,marechal floriano,ES,-20.4155088113339,-40.6890126955834,2209,8
29258,araguaia,ES,-20.4155090838452,-40.6441183605427,244,8
29260,domingos martins,ES,-20.3542070434106,-40.7032852689559,1212,8
29273,paraju,ES,-20.3401831395044,-40.7316797341741,2665,8
29278,arace,ES,-20.0108572073799,-40.7984647648615,234,8
29280,iconha,ES,-20.7892987918949,-40.8133984715939,1612,8
29285,piuma,ES,-20.8399486549955,-40.7344110354022,2881,8
29290,rio novo do sul,ES,-20.8604851033487,-40.9352601160874,3155,8
29295,vargem alta,ES,-20.6448429992685,-41.0071700196755,4000,8
29297,jacigua,ES,-20.7068223520541,-41.0171278642643,1882,8
29300,cachoeiro de itapemirim,ES,-20.8474596538321,-41.1200582611542,633,8
29301,cachoeiro de itapemirim,ES,-20.841775751043,-41.1290237882854,633,8
29302,cachoeiro de itapemirim,ES,-20.8493776829894,-41.1293274854933,633,8
29303,cachoeiro de itapemirim,ES,-20.852955062636,-41.118206663662,633,8
29304,cachoeiro de itapemirim,ES,-20.8586495211639,-41.116881970016,633,8
29305,cachoeiro de itapemirim,ES,-20.8552686533612,-41.1087104605553,633,8
29306,cachoeiro de itapemirim,ES,-20.8507730922963,-41.1058054620837,633,8
29307,cachoeiro de itapemirim,ES,-20.8447298561997,-41.1107500487996,633,8
29308,cachoeiro de itapemirim,ES,-20.8425269854573,-41.1188879550352,633,8
29309,cachoeiro de itapemirim,ES,-20.8372404203363,-41.1171380307273,633,8
29310,cachoeiro de itapemirim,ES,-20.844051382133802,-41.13971836504,633,8
29311,cachoeiro de itapemirim,ES,-20.8457374438532,-41.1444350950357,633,8
29312,cachoeiro de itapemirim,ES,-20.8488839529581,-41.1530550308447,633,8
29313,cachoeiro de itapemirim,ES,-20.8323213743869,-41.1572602812633,633,8
29314,cachoeiro de itapemirim,ES,-20.844071623662,-41.1535098907369,633,8
29315,cachoeiro de itapemirim,ES,-20.8471643979521,-41.1548455256115,633,8
29316,cachoeiro de itapemirim,ES,-20.8471487508177,-41.1129456334194,633,8
29317,cachoeiro de itapemirim,ES,-20.8471178922017,-41.1397471807196,633,8
29321,vargem grande do soturno,ES,-20.9884882339343,-42.2372734412929,4004,8
29323,pacotuba,ES,-20.7627290943051,-41.271606233951,2605,8
29325,itaoca,ES,-20.7258308820934,-41.1340049488883,1784,8
29330,itapemirim,ES,-20.9492497460344,-40.8077868244867,1797,8
29338,itaipava,ES,-20.8983239485328,-40.7802491098002,1757,8
29345,marataizes,ES,-21.0323181161207,-40.8226968969565,2200,8
29350,presidente kennedy,ES,-21.1229305767271,-41.0406102911954,2990,8
29360,castelo,ES,-20.6053563781088,-41.2051963604941,878,8
29370,conceicao do castelo,ES,-20.3612252108446,-41.2498337604005,1013,8
29375,venda nova do imigrante,ES,-20.338852959492,-41.1329311357797,4024,8
29380,muniz freire,ES,-20.4625086281224,-41.4146863935134,2408,8
29386,piacu,ES,-20.3359729099057,-41.3904879524313,2797,8
29390,iuna,ES,-20.3491119208804,-41.5337303966944,1861,8
29395,ibatiba,ES,-20.233854705661,-41.5068178834237,1566,8
29398,irupi,ES,-20.3458036606461,-41.640941550388,1725,8
29400,mimoso do sul,ES,-21.0615706687261,-41.3629644940221,2292,8
29450,apiaca,ES,-21.1533234615851,-41.5674310803914,217,8
29460,bom jesus do norte,ES,-21.1265679019671,-41.6728061485744,518,8
29470,sao jose do calcado,ES,-21.0202786800507,-41.6531281045159,3515,8
29480,muqui,ES,-20.9520647356613,-41.342187048258,2410,8
29490,atilio vivacqua,ES,-20.9251478045131,-41.1964939512935,332,8
29500,alegre,ES,-20.7602063033958,-41.5351627611484,78,8
29510,celina,ES,-19.8515816563012,-40.5707216930067,910,8
29550,jeronimo monteiro,ES,-20.7913873018277,-41.3920789379487,1956,8
29560,guacui,ES,-20.7725950221491,-41.6750344043515,1478,8
29580,dores do rio preto,ES,-20.6827666646552,-41.8427457450449,1218,8
29590,divino de sao lourenco,ES,-20.6116736568471,-41.6946650275465,1187,8
29600,afonso claudio,ES,-20.0768215530022,-41.1237113823212,31,8
29615,laranja da terra,ES,-19.8930306300578,-41.057973537606,2064,8
29620,itarana,ES,-19.8773179894499,-40.8742054444434,1826,8
29630,brejetuba,ES,-20.1476872820861,-41.2915858182365,566,8
29640,santa leopoldina,ES,-20.1003614938053,-40.532089407967,3284,8
29645,santa maria de jetiba,ES,-20.0313910986045,-40.7511692915647,3295,8
29650,santa teresa,ES,-19.9427706852738,-40.6064695804513,3322,8
29654,santo antonio do canaa,ES,2.85452995640905,-70.3152002494674,3375,8
29660,sao joao de petropolis,ES,-19.8798606343822,-40.6267395872612,3476,8
29665,sao roque do canaa,ES,-19.7393043451954,-40.6632289430819,3603,8
29670,ibiracu,ES,-19.8315934465165,-40.3701257433515,1588,8
29680,joao neiva,ES,-19.7510070097032,-40.3866730084646,1972,8
29690,itaguacu,ES,-19.792991958104,-40.8539194078905,1747,8
29700,colatina,ES,-19.539302049854395,-40.6259507738203,982,8
29701,colatina,ES,-19.5407494409295,-40.628837934877,982,8
29702,colatina,ES,-19.5455171849054,-40.6341341866291,982,8
29703,colatina,ES,-19.5237101634867,-40.6393232092624,982,8
29704,colatina,ES,-19.5266443050855,-40.6624318563444,982,8
29705,colatina,ES,-19.5108220138788,-40.6331019632886,982,8
29706,colatina,ES,-19.5211775449951,-40.6468842535366,982,8
29707,colatina,ES,-19.5419565597159,-40.6432767302012,982,8
29708,colatina,ES,-19.5463414505043,-40.6231462797084,982,8
29709,colatina,ES,-19.520241810565,-40.6847366419452,982,8
29720,governador lindenberg,ES,-19.2527214802748,-40.4609913135296,1458,8
29724,novo brasil,ES,-19.249396534825,-40.5182931097685,2531,8
29725,marilandia,ES,-19.4120263103706,-40.5429387685556,2220,8
29730,baixo guandu,ES,-19.5125687770887,-41.0129262554355,357,8
29735,quilometro 14 do mutum,ES,-19.3985897011632,-40.905290937201,3035,8
29745,sao domingos do norte,ES,-19.1387533240975,-40.6155450448211,3429,8
29750,pancas,ES,-19.1959010042722,-40.8461662814689,2640,8
29760,alto rio novo,ES,-19.058222354991,-41.0187981497431,128,8
29770,mantenopolis,ES,-18.8636928548596,-41.1187585138164,2184,8
29780,sao gabriel da palha,ES,-19.017538869181,-40.5372554198775,3448,8
29785,vila valerio,ES,-18.9949236244096,-40.3830871969821,4066,8
29795,aguia branca,ES,-18.9857161132777,-40.7422705736454,63,8
29800,barra de sao francisco,ES,-18.7483137226806,-40.8858858982304,399,8
29820,agua doce do norte,ES,-18.5430851900559,-40.9849767524662,42,8
29822,vila nelita,ES,-18.4767137628108,-41.0187784639458,4060,8
29830,nova venecia,ES,-18.7065808258937,-40.4063837922822,2524,8
29845,boa esperanca,ES,-18.5358369049946,-40.3013125200212,483,8
29850,ecoporanga,ES,-18.3688160899501,-40.8259741532689,1234,8
29880,mucurici,ES,-18.0849700076124,-40.5210508759796,2404,8
29885,ponto belo,ES,-18.1298890453562,-40.5383306980177,2922,8
29890,montanha,ES,-18.1311329968683,-40.357111881949,2344,8
29900,linhares,ES,-19.3943028997668,-40.0674480045566,2095,8
29901,linhares,ES,-19.3984624305177,-40.0575462685326,2095,8
29902,linhares,ES,-19.3805858152818,-40.0621434632671,2095,8
29903,linhares,ES,-19.3924738632533,-40.048083683797,2095,8
29904,linhares,ES,-19.3755476702827,-40.0576462455922,2095,8
29905,linhares,ES,-19.3646811212364,-40.0526144339787,2095,8
29906,linhares,ES,-19.3554126265336,-40.0537378059381,2095,8
29907,linhares,ES,-19.3753359713021,-40.0714964862106,2095,8
29909,linhares,ES,-19.2995546540866,-40.0662057581658,2095,8
29913,linhares,ES,-19.4082659999999,-40.06460025,2095,8
29918,linhares,ES,-19.3917270034796,-40.0610845011598,2095,8
29920,rio bananal,ES,-19.2624194689129,-40.325324580425,3118,8
29927,sooretama,ES,-19.1891277704888,-40.1008612489569,3745,8
29930,sao mateus,ES,-18.7182122444978,-39.8548625046386,3559,8
29931,sao mateus,ES,-18.7174829066555,-39.8660278716574,3559,8
29932,sao mateus,ES,-18.7118466870436,-39.8724792100983,3559,8
29934,sao mateus,ES,-18.7183285769612,-39.838594558172,3559,8
29936,sao mateus,ES,-18.7297704859403,-39.8478835935191,3559,8
29941,sao mateus,ES,-18.7177743688605,-39.8742455908636,3559,8
29942,sao mateus,ES,-18.7263884793368,-39.8673802182673,3559,8
29943,sao mateus,ES,-18.7221857850539,-39.9177449134477,3559,8
29945,sao mateus,ES,-18.7403644446074,-39.7546914937905,3559,8
29946,sao mateus,ES,-18.7335873481686,-39.772989939694,3559,8
29950,jaguare,ES,-18.9083551050695,-40.0758667601029,1894,8
29960,conceicao da barra,ES,-18.5769664460507,-39.7375751867152,1004,8
29967,braco do rio,ES,-19.2459341140407,-40.0911525967571,549,8
29970,pedro canario,ES,-18.2931636791497,-39.9585851086971,2757,8
29980,pinheiros,ES,-18.4108990118473,-40.2194017522313,2835,8
29985,sao joao do sobrado,ES,-18.3209778353334,-40.4057214335721,3486,8
30110,belo horizonte,MG,-19.9294764537216,-43.9369244511737,456,11
30111,belo horizonte,MG,-19.9178260281883,-43.9424179419753,456,11
30112,belo horizonte,MG,-19.9371774954511,-43.9356491098189,456,11
30120,belo horizonte,MG,-19.9185270301592,-43.9398899829876,456,11
30130,belo horizonte,MG,-19.931855587004,-43.9326474310102,456,11
30140,belo horizonte,MG,-19.9310485682517,-43.9360325726949,456,11
30150,belo horizonte,MG,-19.9259531366305,-43.9270012212083,456,11
30160,belo horizonte,MG,-19.9274999107119,-43.9395748804251,456,11
30170,belo horizonte,MG,-19.9271041333057,-43.9449635595347,456,11
30180,belo horizonte,MG,-19.9264100998533,-43.9458644313701,456,11
30190,belo horizonte,MG,-19.9246400071585,-43.9461217179046,456,11
30210,belo horizonte,MG,-19.9507879943071,-43.9183879609051,456,11
30220,belo horizonte,MG,-19.9401148494424,-43.9195802451432,456,11
30230,belo horizonte,MG,-19.9287569871721,-43.9115977364668,456,11
30240,belo horizonte,MG,-19.9296344717952,-43.9177790569039,456,11
30250,belo horizonte,MG,-19.9279215674868,-43.9217331387935,456,11
30260,belo horizonte,MG,-19.9243966327105,-43.9117834012271,456,11
30270,belo horizonte,MG,-19.9213425192291,-43.9061580452191,456,11
30280,belo horizonte,MG,-19.9080881605968,-43.9043952070316,456,11
30285,belo horizonte,MG,-19.9167494221608,-43.90182965852811,456,11
30286,belo horizonte,MG,-19.926559904315,-43.9257854943988,456,11
30290,belo horizonte,MG,-19.9190216198433,-43.8831521818773,456,11
30295,belo horizonte,MG,-19.9136768797726,-43.8834826320585,456,11
30310,belo horizonte,MG,-19.946634191819104,-43.9285228102964,456,11
30315,belo horizonte,MG,-19.9538028079405,-43.9309036154477,456,11
30320,belo horizonte,MG,-19.9671294602202,-43.939935749372,456,11
30330,belo horizonte,MG,-19.9448978821335,-43.9395852293352,456,11
30335,belo horizonte,MG,-19.9250675290908,-43.9384290451048,456,11
30350,belo horizonte,MG,-19.9480764704622,-43.9476182303312,456,11
30360,belo horizonte,MG,-19.9644429267512,-43.9485581702093,456,11
30380,belo horizonte,MG,-19.9458314994968,-43.9525959201893,456,11
30390,belo horizonte,MG,-19.9927615026603,-43.9663600638863,456,11
30411,belo horizonte,MG,-19.9261039740366,-43.9662348737556,456,11
30421,belo horizonte,MG,-19.9371059853866,-43.9763102430651,456,11
30431,belo horizonte,MG,-19.935486917207502,-43.9668497178044,456,11
30441,belo horizonte,MG,-19.9371282692118,-43.95772185993351,456,11
30451,belo horizonte,MG,-19.9325943465929,-43.9626584946402,456,11
30455,belo horizonte,MG,-19.9693405222994,-43.9614679037934,456,11
30492,belo horizonte,MG,-19.9691522514209,-43.9673896350726,456,11
30493,belo horizonte,MG,-19.9732038388044,-43.9648387963926,456,11
30494,belo horizonte,MG,-19.9600596113648,-43.9616484863341,456,11
30510,belo horizonte,MG,-19.9382441246568,-43.992256802951,456,11
30512,belo horizonte,MG,-19.9431399175848,-44.0001224844162,456,11
30514,belo horizonte,MG,-19.9522664099827,-43.9923654115702,456,11
30516,belo horizonte,MG,-19.9516403783375,-43.990147322572,456,11
30518,belo horizonte,MG,-19.952450311074,-44.0032553474016,456,11
30520,belo horizonte,MG,-19.9404111328889,-44.0184524303502,456,11
30525,belo horizonte,MG,-19.9342370565366,-44.0139829967717,456,11
30530,belo horizonte,MG,-19.9293172448418,-44.0001254798116,456,11
30532,belo horizonte,MG,-19.9390310850032,-44.0041111072157,456,11
30535,belo horizonte,MG,-19.9238847043174,-43.9914587756074,456,11
30550,belo horizonte,MG,-19.943614899276,-43.9818465074085,456,11
30555,belo horizonte,MG,-19.9538645515138,-43.9776574503923,456,11
30570,belo horizonte,MG,-19.9580613613054,-43.9789110829958,456,11
30575,belo horizonte,MG,-19.9738010986872,-43.972640133729,456,11
30580,belo horizonte,MG,-19.9622054565728,-43.9871914557265,456,11
30590,belo horizonte,MG,-19.9623287217711,-43.9936005404394,456,11
30610,belo horizonte,MG,-19.9629874381756,-44.0031347976352,456,11
30620,belo horizonte,MG,-19.9833191693268,-44.0013738632822,456,11
30622,belo horizonte,MG,-19.9877460293902,-43.991492542902996,456,11
30624,belo horizonte,MG,-19.9958332088764,-43.9967827174495,456,11
30626,belo horizonte,MG,-20.0017710559926,-44.0102000334043,456,11
30627,belo horizonte,MG,-19.9953536959018,-44.0204435375692,456,11
30628,belo horizonte,MG,-20.0000183115226,-43.9950985546121,456,11
30640,belo horizonte,MG,-19.9773772438191,-44.0206408300647,456,11
30642,belo horizonte,MG,-19.9831319532847,-44.0122242359967,456,11
30644,belo horizonte,MG,-19.989981300542,-44.0131817258603,456,11
30660,belo horizonte,MG,-19.9859518050175,-44.0249582588779,456,11
30662,belo horizonte,MG,-19.9856118615716,-44.0411924853463,456,11
30664,belo horizonte,MG,-20.0012746802313,-44.0368289773245,456,11
30666,belo horizonte,MG,-20.0102739008936,-44.0307320361708,456,11
30668,belo horizonte,MG,-20.0008568970182,-44.02890660317549,456,11
30670,belo horizonte,MG,-20.0025458772119,-44.0213511743873,456,11
30672,belo horizonte,MG,-20.0250575929536,-44.0690569572299,456,11
30690,belo horizonte,MG,-19.977664602281,-44.0496965216165,456,11
30692,belo horizonte,MG,-19.9867476347322,-44.04859791669261,456,11
30710,belo horizonte,MG,-19.9133799437667,-43.95870189476291,456,11
30720,belo horizonte,MG,-19.9143232402286,-43.9757032787798,456,11
30730,belo horizonte,MG,-19.915304813107095,-43.9868827874618,456,11
30750,belo horizonte,MG,-19.9000906677017,-43.97811787075,456,11
30770,belo horizonte,MG,-19.9064867292773,-43.9707845002755,456,11
30775,belo horizonte,MG,-19.896490671704004,-43.96875730467169,456,11
30810,belo horizonte,MG,-19.8977168771706,-43.9851763728842,456,11
30820,belo horizonte,MG,-19.9059280922639,-43.9967838284456,456,11
30830,belo horizonte,MG,-19.9025390764918,-44.0032853374461,456,11
30840,belo horizonte,MG,-19.8902776167217,-43.9993663976706,456,11
30850,belo horizonte,MG,-19.9200456983452,-44.004050747634,456,11
30855,belo horizonte,MG,-19.9221153619925,-44.0135815558123,456,11
30860,belo horizonte,MG,-19.9191237007932,-44.0097411541579,456,11
30865,belo horizonte,MG,-19.9134342133434,-44.0216638512484,456,11
30870,belo horizonte,MG,-19.9068580900434,-44.0089732613624,456,11
30880,belo horizonte,MG,-19.9024377870774,-44.0167201343696,456,11
30881,belo horizonte,MG,-19.8955344676035,-44.015475483534,456,11
30882,belo horizonte,MG,-19.8816196137843,-44.0093411697342,456,11
31010,belo horizonte,MG,-19.915080965134102,-43.9175583955808,456,11
31015,belo horizonte,MG,-19.911128377758,-43.9257365779481,456,11
31030,belo horizonte,MG,-19.9061205626131,-43.9237043341795,456,11
31035,belo horizonte,MG,-19.8982688835822,-43.9205695032957,456,11
31050,belo horizonte,MG,-19.898569593157397,-43.8952450363798,456,11
31060,belo horizonte,MG,-19.893940937707,-43.9038558625058,456,11
31070,belo horizonte,MG,-19.8886099104959,-43.8980586069993,456,11
31080,belo horizonte,MG,-19.8848666737642,-43.9092967525472,456,11
31110,belo horizonte,MG,-19.9049182726825,-43.936891702496,456,11
31130,belo horizonte,MG,-19.891961626002,-43.942380636668,456,11
31140,belo horizonte,MG,-19.8945742075263,-43.9312345818484,456,11
31150,belo horizonte,MG,-19.8796782739765,-43.9437320617214,456,11
31155,belo horizonte,MG,-19.8730554596699,-43.9378657799386,456,11
31160,belo horizonte,MG,-19.8789232451073,-43.9315049789012,456,11
31170,belo horizonte,MG,-19.8865065299457,-43.923857236416,456,11
31210,belo horizonte,MG,-19.9067121947564,-43.9488965025816,456,11
31230,belo horizonte,MG,-19.8974403271727,-43.95717776039551,456,11
31235,belo horizonte,MG,-19.892180254599,-43.9545992840284,456,11
31250,belo horizonte,MG,-19.8866196745181,-43.9590037435442,456,11
31255,belo horizonte,MG,-19.8694950544624,-43.9509439543507,456,11
31260,belo horizonte,MG,-19.8602067251786,-43.9407347369121,456,11
31270,belo horizonte,MG,-19.859623931199,-43.9556017453739,456,11
31275,belo horizonte,MG,-19.8586558520922,-43.9670703811643,456,11
31310,belo horizonte,MG,-19.8733998444846,-43.9823261127147,456,11
31320,belo horizonte,MG,-19.8853613212437,-43.9839047215866,456,11
31330,belo horizonte,MG,-19.8778269220987,-43.9954214291907,456,11
31340,belo horizonte,MG,-19.8647735643001,-43.9896219668919,456,11
31360,belo horizonte,MG,-19.8728685864412,-44.0103657754316,456,11
31365,belo horizonte,MG,-19.8660571112089,-44.0007451041034,456,11
31370,belo horizonte,MG,-19.8466116871374,-44.0063611289911,456,11
31510,belo horizonte,MG,-19.8143364148169,-43.965577065754,456,11
31515,belo horizonte,MG,-19.8232945700059,-43.9612458849653,456,11
31520,belo horizonte,MG,-19.8195173257261,-43.96882594833149,456,11
31525,belo horizonte,MG,-19.825924131198,-43.9724106632018,456,11
31530,belo horizonte,MG,-19.8263985284316,-43.9798383776793,456,11
31535,belo horizonte,MG,-19.8147237240854,-43.9810227475647,456,11
31540,belo horizonte,MG,-19.8287013288726,-43.9890768561386,456,11
31545,belo horizonte,MG,-19.8353280192043,-44.004144569588,456,11
31550,belo horizonte,MG,-19.8398390093616,-43.9859370035739,456,11
31555,belo horizonte,MG,-19.8416007854539,-43.9802218361236,456,11
31560,belo horizonte,MG,-19.8384998947362,-43.974411819358,456,11
31565,belo horizonte,MG,-19.8339002164257,-43.9667901924703,456,11
31570,belo horizonte,SP,-19.807680657862104,-43.9804268408574,456,26
31573,belo horizonte,MG,-19.8109522806682,-43.9899865042463,456,11
31575,belo horizonte,MG,-19.8057362597053,-43.9964016899481,456,11
31578,belo horizonte,MG,-19.8135810608999,-44.0020856011914,456,11
31580,belo horizonte,MG,-19.8223471326118,-43.997808368321195,456,11
31585,belo horizonte,MG,-19.8241280970306,-44.0066441656828,456,11
31610,belo horizonte,MG,-19.8128338749775,-43.9541499578007,456,11
31615,belo horizonte,MG,-19.8072399187839,-43.9622132071353,456,11
31620,belo horizonte,MG,-19.8023742659266,-43.96706551962691,456,11
31630,belo horizonte,MG,-19.8011100215813,-43.9565344768036,456,11
31640,belo horizonte,MG,-19.8052979535419,-43.9737994395462,456,11
31650,belo horizonte,MG,-19.8158807689301,-43.9654688633514,456,11
31652,belo horizonte,MG,-19.7982641322972,-43.977047578183,456,11
31655,belo horizonte,MG,-19.789355560991,-43.9846382977965,456,11
31660,belo horizonte,MG,-19.8074389848162,-43.9848597429542,456,11
31680,belo horizonte,MG,-19.8004172346768,-43.9946993641746,456,11
31710,belo horizonte,MG,-19.8400416806801,-43.9593392384752,456,11
31720,belo horizonte,MG,-19.8322309260431,-43.9529556411541,456,11
31730,belo horizonte,MG,-19.8360577338151,-43.9453823677001,456,11
31741,belo horizonte,MG,-19.8452029392508,-43.9416528026625,456,11
31742,belo horizonte,MG,-19.8303597046222,-43.9369514261133,456,11
31744,belo horizonte,MG,-19.8327859932476,-43.949572226652,456,11
31746,belo horizonte,MG,-19.8103458030326,-43.9355703218044,456,11
31748,belo horizonte,MG,-19.8037903753243,-43.9395284025012,456,11
31749,belo horizonte,MG,-19.8408328274874,-43.9729832353093,456,11
31810,belo horizonte,MG,-19.8600663889172,-43.930739737119,456,11
31812,belo horizonte,MG,-19.8535412409514,-43.9318510855957,456,11
31814,belo horizonte,MG,-19.8508425637172,-43.9252482001919,456,11
31840,belo horizonte,MG,-19.8410809427018,-43.9271974254779,456,11
31842,belo horizonte,MG,-19.8376815572605,-43.9240525426735,456,11
31844,belo horizonte,MG,-19.838414207271,-43.9156711929364,456,11
31845,belo horizonte,MG,-19.8501463732258,-43.9168751963273,456,11
31846,belo horizonte,MG,-19.8335127552386,-43.9113245070248,456,11
31870,belo horizonte,MG,-19.8436429583659,-43.9040635075718,456,11
31872,belo horizonte,MG,-19.8254364302694,-43.89792250761,456,11
31910,belo horizonte,MG,-19.8699279092223,-43.9197064503137,456,11
31920,belo horizonte,MG,-19.8708554458192,-43.9125579966446,456,11
31930,belo horizonte,MG,-19.8642785188029,-43.9084244168229,456,11
31950,belo horizonte,MG,-19.8675411028079,-43.8994835670275,456,11
31960,belo horizonte,MG,-19.8620085147294,-43.9024362191206,456,11
31970,belo horizonte,MG,-19.8575923036283,-43.8858685801865,456,11
31975,belo horizonte,MG,-19.8511027553502,-43.8858382883438,456,11
31980,belo horizonte,MG,-19.8546153773401,-43.9147397319341,456,11
31985,belo horizonte,MG,-19.8540653313201,-43.9052556428692,456,11
31990,belo horizonte,MG,-19.8543117905246,-43.8983306784485,456,11
31995,belo horizonte,MG,-19.840810963473796,-43.8944261021851,456,11
32010,contagem,MG,-19.933045489213402,-44.07764439803619,1042,11
32013,contagem,MG,-19.9254795846107,-44.0857075293861,1042,11
32015,contagem,MG,-19.9235821107872,-44.0918461694744,1042,11
32017,contagem,MG,-19.9113104836194,-44.084824150534,1042,11
32040,contagem,MG,-19.9151288145388,-44.0718254242026,1042,11
32041,contagem,MG,-19.9114955013268,-44.0741625443393,1042,11
32042,contagem,MG,-19.9016140053278,-44.0765498181727,1042,11
32043,contagem,MG,-19.8991674849685,-44.0858439479927,1042,11
32044,contagem,MG,-19.8922316725404,-44.0955422407194,1042,11
32050,contagem,MG,-19.8319062048603,-44.1449682043005,1042,11
32060,contagem,MG,-19.86431509611,-44.1169212416852,1042,11
32070,contagem,MG,-19.9140582980192,-44.1037500258734,1042,11
32071,contagem,MG,-19.9080464992305,-44.0970200746322,1042,11
32072,contagem,MG,-19.9284642841123,-44.1121342975102,1042,11
32073,contagem,MG,-19.9280420795219,-44.1164493778663,1042,11
32110,contagem,MG,-19.8840693705034,-44.0224213946115,1042,11
32113,contagem,MG,-19.8827880753721,-44.0356498019961,1042,11
32115,contagem,MG,-19.8931809436175,-44.0275231224202,1042,11
32140,contagem,MG,-19.8940296244076,-44.0422440467638,1042,11
32141,contagem,MG,-19.8927767505213,-44.0664999366568,1042,11
32143,contagem,MG,-19.9115191110403,-44.0428536968531,1042,11
32145,contagem,MG,-19.8853691694909,-44.0474414068253,1042,11
32146,contagem,MG,-19.8812921591502,-44.05670781915061,1042,11
32150,contagem,MG,-19.8912699183071,-44.0555461268951,1042,11
32180,contagem,MG,-19.86725238995,-44.0299784339388,1042,11
32183,contagem,MG,-19.863283944312304,-44.0391947855751,1042,11
32185,contagem,MG,-19.8475731668486,-44.0294302450662,1042,11
32186,contagem,MG,-19.8520394737134,-44.0208430801993,1042,11
32187,contagem,MG,-19.8487315477202,-44.0384165431485,1042,11
32210,contagem,MG,-19.950609107128,-44.0282172158007,1042,11
32215,contagem,MG,-19.9621965681291,-44.017282747372,1042,11
32220,contagem,MG,-19.9655684850093,-44.0242508533076,1042,11
32223,contagem,MG,-19.9626436477003,-44.037409315055,1042,11
32230,contagem,MG,-19.9703406502927,-44.0358140735918,1042,11
32235,contagem,MG,-19.9766056042111,-44.0366768819181,1042,11
32240,contagem,MG,-19.9560860266257,-44.0521210658262,1042,11
32241,contagem,MG,-19.96787876,-44.0546959532432,1042,11
32242,contagem,MG,-19.9714062615377,-44.0639264122772,1042,11
32250,contagem,MG,-19.9217013407841,-44.0902807870536,1042,11
32260,contagem,MG,-19.9547161066539,-44.0389637446662,1042,11
32265,contagem,MG,-19.9520737836681,-44.0449255042054,1042,11
32280,contagem,MG,-19.9473284576331,-44.057828694507,1042,11
32285,contagem,MG,-19.9304304607939,-44.0707122164559,1042,11
32310,contagem,MG,-19.9387689332349,-44.0383416982509,1042,11
32315,contagem,MG,-19.9416280992023,-44.0418585870221,1042,11
32340,contagem,MG,-19.9392839065472,-44.0514490030521,1042,11
32341,contagem,MG,-19.9320997025521,-44.0533762686275,1042,11
32342,contagem,MG,-19.9194002188384,-44.0529939588534,1042,11
32370,contagem,MG,-19.928561584176,-44.0356226974018,1042,11
32371,contagem,MG,-19.9262788419805,-44.0354359358062,1042,11
32372,contagem,MG,-19.9205694709,-44.0264095850336,1042,11
32400,ibirite,MG,-20.0184490050614,-44.0678030384063,1595,11
32404,ibirite,MG,-20.0069713665399,-44.0489578898201,1595,11
32405,ibirite,MG,-20.0242025364877,-44.0406736907997,1595,11
32407,ibirite,MG,-20.0244690451893,-44.0633306361068,1595,11
32410,ibirite,MG,-20.0383295210395,-44.0587201943991,1595,11
32412,ibirite,MG,-20.0290913379079,-44.06541316934679,1595,11
32415,ibirite,MG,-20.0180936499982,-44.0914761859382,1595,11
32419,ibirite,MG,-20.01364563086,-44.0701094565308,1595,11
32420,ibirite,MG,-19.9805793489338,-44.064108845931,1595,11
32421,ibirite,MG,-20.0160415025059,-44.0778692781482,1595,11
32423,ibirite,MG,-19.9934073501953,-44.0651520548111,1595,11
32425,ibirite,MG,-20.0039442749409,-44.0629727426736,1595,11
32430,ibirite,MG,-19.9965795057209,-44.0725903564953,1595,11
32431,ibirite,MG,-20.0099742975505,-44.0887769152184,1595,11
32432,ibirite,MG,-20.0006743403696,-44.0866771351528,1595,11
32450,sarzedo,MG,-20.0383208325913,-44.1389195965802,3639,11
32470,mario campos,MG,-20.058159043126,-44.1785871258459,2227,11
32600,betim,MG,-19.9666378808489,-44.2026662240185,472,11
32602,betim,MG,-19.9564316220303,-44.1965655160294,472,11
32603,betim,MG,-19.9643314938212,-44.2084436559819,472,11
32604,betim,MG,-19.9517990382671,-44.196037480396,472,11
32605,betim,MG,-19.933597411898,-44.1836411199018,472,11
32606,betim,MG,-19.9362859836108,-44.1987739956047,472,11
32611,betim,MG,-19.8614277237726,-44.1560075318852,472,11
32616,betim,MG,-19.9342739457002,-44.239337957857,472,11
32623,betim,MG,-19.9251099281883,-44.2599420915561,472,11
32639,betim,MG,-20.0249507687155,-44.2352535796229,472,11
32641,betim,MG,-20.0218904393365,-44.2231768119474,472,11
32642,betim,MG,-20.0198765823573,-44.2217315872142,472,11
32653,betim,MG,-19.9519595006002,-44.1715953842543,472,11
32655,betim,MG,-19.9707870005015,-44.1704532725507,472,11
32656,betim,MG,-19.9787024689994,-44.1869701536774,472,11
32657,betim,MG,-20.0033199952988,-44.1707989558305,472,11
32659,betim,MG,-19.9965073000482,-44.1367419472405,472,11
32661,betim,MG,-19.9818919900889,-44.14744562142889,472,11
32665,betim,MG,-19.9765956840498,-44.148665218974905,472,11
32667,betim,MG,-19.9656259120171,-44.1386828594146,472,11
32668,betim,MG,-19.9894931642062,-44.121237888545,472,11
32669,betim,MG,-19.9608903712463,-44.1090362813887,472,11
32670,betim,MG,-19.9599863861518,-44.1712435844479,472,11
32671,betim,MG,-19.9501841310617,-44.1775218502312,472,11
32672,betim,MG,-19.9391206145993,-44.1730172401892,472,11
32673,betim,MG,-19.940783066219,-44.163305134766894,472,11
32675,betim,MG,-19.9364131601696,-44.1384541686485,472,11
32676,betim,MG,-19.9445968348021,-44.129525523035,472,11
32677,betim,MG,-19.9430035045958,-44.1136240110523,472,11
32678,betim,MG,-19.9348882818421,-44.1088105059993,472,11
32681,betim,MG,-19.950706295594,-44.1236491634597,472,11
32684,betim,MG,-19.9504664404744,-44.1078278084531,472,11
32685,betim,MG,-19.9469286692483,-44.1014700208375,472,11
32689,betim,MG,-19.9510987474291,-44.0722423536509,472,11
32900,igarape,MG,-20.0667573965011,-44.306195752963,1619,11
32920,sao joaquim de bicas,MG,-20.0533657001796,-44.260977115528,3494,11
33010,santa luzia,MG,-19.7656814276014,-43.8540810705134,3286,11
33015,santa luzia,MG,-19.7565456664727,-43.8441281487397,3286,11
33016,santa luzia,MG,-19.7567943919235,-43.8539663473032,3286,11
33020,santa luzia,MG,-19.7567667863827,-43.8370538756683,3286,11
33025,santa luzia,MG,-19.7766474550833,-43.8509249223164,3286,11
33030,santa luzia,MG,-19.7758764122485,-43.8729710310919,3286,11
33035,santa luzia,MG,-19.7648933964956,-43.8662230564471,3286,11
33040,santa luzia,MG,-19.7881839824074,-43.8759397187751,3286,11
33045,santa luzia,MG,-19.8148296558727,-43.8673440073241,3286,11
33060,santa luzia,MG,-21.0902577344079,-43.418307068622106,3286,11
33065,santa luzia,MG,-19.840701632039,-43.7959722424416,3286,11
33080,santa luzia,MG,-19.7403842775996,-44.2155167607973,3286,11
33082,santa luzia,MG,-19.8050472166811,-43.8493130478113,3286,11
33105,santa luzia,MG,-19.7832672121289,-43.9303810605774,3286,11
33110,santa luzia,MG,-19.7819866601885,-43.918483044144,3286,11
33113,santa luzia,MG,-19.8072427797593,-43.8677371260693,3286,11
33115,santa luzia,MG,-19.7962316348849,-43.9157185031182,3286,11
33120,santa luzia,MG,-19.7871744071146,-43.9175127117235,3286,11
33125,santa luzia,MG,-19.7886876674237,-43.9396957358631,3286,11
33130,santa luzia,MG,-19.7796910919502,-43.9389534420138,3286,11
33140,santa luzia,MG,-19.7706397168317,-43.934258571554,3286,11
33145,santa luzia,MG,-19.775753332678,-43.9292853969949,3286,11
33170,santa luzia,MG,-19.7820264204175,-43.8909521462879,3286,11
33172,santa luzia,MG,-19.7797483465224,-43.8925042552749,3286,11
33200,vespasiano,MG,-19.7310972536368,-43.9414656887975,4038,11
33350,sao jose da lapa,MG,-19.7078226275276,-43.9731265487509,3507,11
33400,lagoa santa,MG,-19.6365201044844,-43.8996514269226,2049,11
33500,confins,MG,-19.6335660245975,-43.9854297002714,1029,11
33600,pedro leopoldo,MG,-19.613117562252,-44.0398922635445,2761,11
33805,ribeirao das neves,MG,-19.7686279396393,-44.0866527184115,3101,11
33820,ribeirao das neves,MG,-19.7696517246361,-44.1348190580216,3101,11
33821,ribeirao das neves,MG,-19.7701226726287,-44.1383065703122,3101,11
33822,ribeirao das neves,MG,-19.8084553841715,-44.0904684261856,3101,11
33823,ribeirao das neves,MG,-19.7628338330572,-44.1386760215234,3101,11
33825,ribeirao das neves,MG,-19.7624919860545,-44.128164388007896,3101,11
33833,ribeirao das neves,MG,-19.7637485178807,-44.1251070526726,3101,11
33840,ribeirao das neves,MG,-19.7468226485418,-44.0815448952117,3101,11
33841,ribeirao das neves,MG,-19.7611534215386,-44.0982133292321,3101,11
33855,ribeirao das neves,MG,-19.7525031846799,-44.0711704871132,3101,11
33858,ribeirao das neves,MG,-19.7571296071785,-44.0849546693542,3101,11
33860,ribeirao das neves,MG,-19.7694232625577,-44.073941214246,3101,11
33861,ribeirao das neves,MG,-19.7726156257516,-44.0714294279345,3101,11
33880,ribeirao das neves,MG,-19.7761239004707,-44.082945086544804,3101,11
33900,ribeirao das neves,MG,-19.7978075879318,-44.0187755532466,3101,11
33902,ribeirao das neves,MG,-19.793318307417,-44.0182096217275,3101,11
33903,ribeirao das neves,MG,-19.7938652273199,-44.036924290992,3101,11
33913,ribeirao das neves,MG,-19.7777739399749,-44.0237051321979,3101,11
33920,ribeirao das neves,MG,-19.7738876981371,-44.0501194148606,3101,11
33925,ribeirao das neves,MG,-19.7779029600249,-43.9904877611166,3101,11
33930,ribeirao das neves,MG,-19.789871850543,-44.007845119187,3101,11
33933,ribeirao das neves,MG,-19.7887753488584,-44.0173846352127,3101,11
33935,ribeirao das neves,MG,-19.8052602066741,-44.0278217893532,3101,11
33936,ribeirao das neves,MG,-19.8050046076966,-44.0133214619675,3101,11
33937,ribeirao das neves,MG,-19.8047529700178,-44.064541388896906,3101,11
33938,ribeirao das neves,MG,-19.8190555043317,-44.0512088562818,3101,11
33940,ribeirao das neves,MG,-19.8144265324268,-44.0262725863418,3101,11
33943,ribeirao das neves,MG,-19.8055630196809,-44.0244861735914,3101,11
33980,taquaracu de minas,MG,-19.6625585377278,-43.6893005657807,3803,11
34000,nova lima,MG,-20.0015429061947,-43.8881028835523,2495,11
34001,nova lima,MG,-19.9931910262256,-43.8518338095194,2495,11
34002,nova lima,MG,-19.9991931787578,-43.847829936202494,2495,11
34003,nova lima,MG,-19.9866158448477,-43.8616796207027,2495,11
34004,nova lima,MG,-19.9940940288227,-43.8870580223722,2495,11
34006,nova lima,MG,-19.9804862888146,-43.9398149605821,2495,11
34007,nova lima,MG,-20.0343353973568,-43.966429822708,2495,11
34008,nova lima,MG,-20.0001010467283,-43.9283685714623,2495,11
34009,nova lima,MG,-20.0573481183567,-43.9289531776618,2495,11
34011,nova lima,MG,-20.0902953886117,-43.9575053872777,2495,11
34012,nova lima,MG,-20.0053247905216,-43.8509813405803,2495,11
34015,nova lima,MG,-20.0371140000847,-43.9265421826455,2495,11
34018,nova lima,MG,-20.1116266077116,-43.93436943089231,2495,11
34300,rio acima,MG,-20.0899106507958,-43.7891234188825,3116,11
34400,raposos,MG,-19.9661560031764,-43.805319726311005,3054,11
34505,sabara,MG,-19.88913701005,-43.8079985867271,3201,11
34515,sabara,MG,-19.8886997221008,-43.7969975015847,3201,11
34525,sabara,MG,-19.8967386947394,-43.8079034424488,3201,11
34535,sabara,MG,-19.9051659499598,-43.8239902662974,3201,11
34545,sabara,MG,-19.8923704590829,-43.8350974773001,3201,11
34580,sabara,MG,-19.8823446604311,-43.8500162167135,3201,11
34585,sabara,MG,-19.8840815426126,-43.8537298734541,3201,11
34590,sabara,MG,-19.8809428437301,-43.8650159365902,3201,11
34600,sabara,MG,-19.8628787606753,-43.8606698588687,3201,11
34650,sabara,MG,-19.8694905070847,-43.8951588112917,3201,11
34700,sabara,MG,-19.8780872763882,-43.895999647343,3201,11
34710,sabara,MG,-19.8804893187263,-43.9033773593444,3201,11
34720,sabara,MG,-19.8418977617703,-43.8645808345092,3201,11
34740,ravena,MG,-19.7846157465218,-43.7543449648232,3056,11
34800,caete,MG,-19.8849004292492,-43.6649529456298,640,11
34940,morro vermelho,MG,-19.9582602712175,-43.6968178157719,2394,11
35010,governador valadares,MG,-18.8553497183375,-41.9465210896176,1461,11
35012,governador valadares,MG,-18.8581107551301,-41.9570601867273,1461,11
35020,governador valadares,MG,-18.8599763111573,-41.9381011631808,1461,11
35022,governador valadares,MG,-18.8425648121152,-41.9112534450845,1461,11
35024,governador valadares,MG,-18.8396266624747,-41.9116451900263,1461,11
35030,governador valadares,MG,-18.8703099779583,-41.9561638600941,1461,11
35032,governador valadares,MG,-18.8672549098043,-41.961041333872,1461,11
35040,governador valadares,MG,-18.8967427836426,-41.9788735968762,1461,11
35041,governador valadares,MG,-18.898725451617,-41.9565561958559,1461,11
35042,governador valadares,MG,-18.9002321764592,-41.9506608103138,1461,11
35043,governador valadares,MG,-18.8962266485371,-41.9495255976041,1461,11
35044,governador valadares,MG,-18.8854755132091,-41.947322164437,1461,11
35050,governador valadares,MG,-18.8777890321355,-41.9676855958223,1461,11
35051,governador valadares,MG,-18.8726408362299,-41.9734217910357,1461,11
35052,governador valadares,MG,-18.8589204876428,-41.9719687124696,1461,11
35053,governador valadares,MG,-18.8612922407917,-41.9658238770596,1461,11
35054,governador valadares,MG,-18.8456594806879,-41.9766933972042,1461,11
35057,governador valadares,MG,-18.8435058454989,-41.9584736646795,1461,11
35058,governador valadares,MG,-18.8465710859382,-41.9539101077853,1461,11
35059,governador valadares,MG,-18.8423172304519,-41.952966903728,1461,11
35060,governador valadares,MG,-18.8545630567896,-41.950021064799,1461,11
35063,governador valadares,MG,-18.8400327755596,-41.9707602927894,1461,11
35064,governador valadares,MG,-18.8414778985272,-41.9327092207315,1461,11
35065,governador valadares,MG,-18.8473457397266,-41.961577444667,1461,11
35112,frei inocencio,MG,-18.5571396933881,-41.9086587157003,1391,11
35114,pescador,MG,-18.3565566679184,-41.59649748734,2790,11
35115,marilac,MG,-18.508114563074,-42.0821097705346,2219,11
35116,mesquita,MG,-20.0161704435975,-42.7911076643471,2284,11
35118,periquito,MG,-19.3278527037242,-42.2885828891439,2783,11
35120,itanhomi,MG,-19.1703200667095,-41.8615913232571,1782,11
35123,capitao andrade,MG,-19.0711830512651,-41.8632453890104,798,11
35125,tumiritinga,MG,-19.004845545846,-41.6518398334517,3912,11
35138,alpercata,MG,-18.978826415455,-41.9796830558802,100,11
35140,tarumirim,MG,-19.285073278116,-42.0038885962582,3813,11
35145,sobralia,MG,-19.2296376677554,-42.10188722081,3737,11
35146,sao joao do oriente,MG,-19.3443568415169,-42.1590900957629,3482,11
35147,acucena,MG,-19.1319119605858,-42.6145156741595,24,11
35148,dom cavati,MG,-19.3780118589695,-42.108458953562,1203,11
35160,ipatinga,MG,-19.4992900400318,-42.5471753259818,1682,11
35162,ipatinga,MG,-19.4687867254506,-42.563894781305,1682,11
35164,ipatinga,MG,-19.4536678894936,-42.5439422582471,1682,11
35170,coronel fabriciano,MG,-19.5067131543906,-42.62861403965,1064,11
35171,coronel fabriciano,MG,-19.512078547306796,-42.6100858336194,1064,11
35172,coronel fabriciano,MG,-19.4764155204913,-42.6422585603175,1064,11
35179,santana do paraiso,MG,-17.9308575862778,-44.956593842101,3347,11
35180,timoteo,MG,-19.5453406067235,-42.6438485136749,3856,11
35181,timoteo,MG,-19.5480058028689,-42.5988337394088,3856,11
35182,timoteo,MG,-19.57607170373,-42.6431683737591,3856,11
35183,timoteo,MG,-19.5576417790188,-42.6686215005563,3856,11
35184,timoteo,MG,-19.5348095634723,-42.6672843990724,3856,11
35188,jaguaracu,MG,-19.6293692881103,-42.7440540622333,1892,11
35189,braunas,MG,-19.2086966670977,-42.9764151989193,562,11
35190,iapu,MG,-19.4376546491702,-42.2135166542496,1559,11
35193,bugre,MG,-19.4295376979247,-42.2573567892943,589,11
35195,belo oriente,MG,-19.2343844155782,-42.4799216823219,458,11
35196,perpetuo socorro,MG,-19.3121484175236,-42.3731897156227,2788,11
35198,ipaba,MG,-19.4158255230707,-42.4108252805491,1678,11
35199,vargem alegre,MG,-19.6050310242902,-42.2986145515277,3999,11
35200,aimores,MG,-19.5004152676874,-41.072861450444,64,11
35220,itueta,MG,-19.3982479718152,-41.2274755440697,1852,11
35222,quatituba,MG,-19.4133043620765,-41.2477855641298,3020,11
35225,santa rita do itueto,MG,-19.360651145284,-41.3837484918464,3314,11
35230,resplendor,MG,-19.3248853579277,-41.2492346732002,3079,11
35238,campo alegre de minas,MG,-19.0991627756929,-41.0338053405309,712,11
35240,conselheiro pena,MG,-19.1675552896821,-41.4718021843056,1039,11
35248,goiabeira,MG,-18.9828397652219,-41.2239029907275,1437,11
35249,alvarenga,MG,-19.4175578824381,-41.7275641551832,134,11
35265,divino das laranjeiras,MG,-18.8628786623681,-41.516575297356,1186,11
35267,central de santa helena,MG,-18.2762423096776,-42.997849388042,915,11
35270,mendes pimentel,MG,-18.6599708267393,-41.4043712812169,2278,11
35275,sao felix de minas,MG,-18.5910135412792,-41.4880174692484,3433,11
35277,sao joao do manteninha,MG,-18.7142776003644,-41.1707625277836,3481,11
35280,itabirinha,MG,-18.5657799515858,-41.2356409987855,1737,11
35290,mantena,MG,-18.7779547330227,-40.9833611613695,2183,11
35300,caratinga,MG,-19.7870356071412,-42.1378858141528,820,11
35302,caratinga,MG,-19.7821511096361,-42.129340399483,820,11
35304,caratinga,MG,-19.7742313150191,-42.1367957168572,820,11
35311,sapucaia,MG,-19.8521560333782,-42.2071701182254,3632,11
35323,imbe de minas,MG,-19.6057264268947,-41.967591790413,1648,11
35324,entre folhas,MG,-19.6249804985661,-42.2302171643149,1257,11
35325,piedade de caratinga,MG,-19.7601647723445,-42.0755652770255,2807,11
35326,santa rita de minas,MG,-19.8729480375726,-42.1325877294587,3311,11
35330,inhapim,MG,-19.5466358312957,-42.1126708488731,1670,11
35335,sao domingos das dores,MG,-19.5408454006525,-42.045410521621,3426,11
35338,ubaporanga,MG,-19.6341728663876,-42.1034937886962,3937,11
35340,bom jesus do galho,MG,-19.723406801685,-42.5234116346322,516,11
35348,pingo-d'agua,MG,-19.7269865253272,-42.4121602190619,2825,11
35350,raul soares,MG,-20.095874844538905,-42.442913468252,3055,11
35359,vermelho novo,MG,-20.0367267293621,-42.2671155596937,4036,11
35360,sao pedro dos ferros,MG,-20.1710945736703,-42.5247461224706,3597,11
35365,abre campo,MG,-20.2942809069686,-42.4737206536155,13,11
35367,matipo,MG,-20.2952305825037,-42.3444967285293,2254,11
35368,sericita,MG,-20.4736724967088,-42.4834977592155,3674,11
35370,rio casca,MG,-20.2225212740739,-42.649171158676,3124,11
35380,urucania,MG,-20.3521921560947,-42.7473521874488,3973,11
35388,santo antonio do grama,MG,-20.3167644018501,-42.6087250640853,3377,11
35390,jequeri,MG,-20.4574971644356,-42.6600509012753,1947,11
35400,ouro preto,MG,-20.3910114667379,-43.5070471620235,2591,11
35410,cachoeira do campo,MG,-20.3390739575129,-43.6816743379122,627,11
35411,antonio pereira,MG,-20.2875895468179,-43.4812317023762,204,11
35420,mariana,MG,-20.3749722915369,-43.4180852489361,2213,11
35424,cachoeira do brumado,MG,-20.3947634571979,-43.2779286141147,626,11
35430,ponte nova,MG,-20.4100604881507,-42.8988169074569,2918,11
35431,ponte nova,MG,-20.4221308919849,-42.9185974692555,2918,11
35436,guaraciaba,MG,-20.5717813707099,-43.0097196630808,1502,11
35437,diogo de vasconcelos,MG,-20.4863713722523,-43.1985704685078,1180,11
35438,acaiaca,MG,-20.3629137804963,-43.1440222219123,15,11
35440,dom silverio,MG,-20.1642523731599,-42.9684281989579,1210,11
35442,rio doce,MG,-20.2452286869862,-42.8972785936344,3140,11
35444,amparo da serra,MG,-20.5087387969043,-42.8009159052579,159,11
35447,barra longa,MG,-20.2833141385532,-43.0393454315354,414,11
35450,itabirito,MG,-20.2530617454787,-43.8009689283785,1738,11
35460,brumadinho,MG,-20.1394408044795,-44.1768608847467,582,11
35470,moeda,MG,-20.3315955389956,-44.0513583072789,2323,11
35473,belo vale,MG,-20.4108746266098,-44.0257580869963,459,11
35476,piedade dos gerais,MG,-20.466776347513,-44.337936209234805,2809,11
35478,crucilandia,MG,-20.3932375364762,-44.3383427749345,1120,11
35480,bonfim,MG,-20.3044068157171,-44.0475472698854,528,11
35485,rio manso,MG,-20.4210587838902,-44.4402774274905,3150,11
35488,itaguara,MG,-20.3638313960968,-44.4311286252397,1751,11
35490,entre rios de minas,MG,-20.6711048106753,-44.0658718014323,1259,11
35494,desterro de entre rios,MG,-20.658745791585,-44.3289701337123,1169,11
35495,sao bras do suacui,MG,-20.6259686887455,-43.9499352885327,3418,11
35498,jeceaba,MG,-20.5378661202415,-43.9827931008968,1945,11
35500,divinopolis,MG,-20.1403596878013,-44.884079632219,1190,11
35501,divinopolis,MG,-20.1621091463863,-44.9019160236289,1190,11
35502,divinopolis,MG,-20.129694827268,-44.8910724326247,1190,11
35503,divinopolis,MG,-20.1517152876376,-44.87504091189421,1190,11
35505,santo antonio dos campos,MG,-20.1003462811351,-44.9727602203362,3390,11
35519,nova serrana,MG,-19.8740600443072,-44.9870133463197,2519,11
35530,claudio,MG,-20.437204870235,-44.7620340597594,967,11
35534,carmopolis de minas,MG,-20.5391898192134,-44.6362225742007,851,11
35536,piracema,MG,-20.5098604076588,-44.476129537517,2843,11
35537,passa tempo,MG,-20.6523624067476,-44.4918558167656,2698,11
35540,oliveira,MG,-20.6985639397921,-44.8267603866583,2564,11
35541,morro do ferro,MG,-20.7680468721198,-44.5797803827977,2389,11
35543,sao francisco de paula,MG,-20.4699626677339,-44.9798079186047,3441,11
35544,sao goncalo do para,MG,-19.9850998105332,-44.854100345722,3456,11
35545,perdigao,MG,-20.0441029023236,-45.016239766259595,2776,11
35547,carmo da mata,MG,-20.5596681182163,-44.8691728648487,843,11
35550,itapecerica,MG,-20.4697544620661,-45.1232424073125,1792,11
35555,camacho,MG,-20.6267442696046,-45.1558113254686,675,11
35557,carmo do cajuru,MG,-20.2827768432124,-44.8314684170271,845,11
35560,santo antonio do monte,MG,-20.0715223691837,-45.287149879479294,3383,11
35565,pedra do indaia,MG,-20.2605302720293,-45.2092769327388,2742,11
35568,corrego fundo,MG,-20.4481795809984,-45.5571437647354,1075,11
35570,formiga,MG,-20.4625356217683,-45.4330589981651,1361,11
35580,japaraiba,MG,-20.1403741694961,-45.5062573893901,1916,11
35582,pains,MG,-20.3705796418046,-45.663119555972095,2615,11
35585,pimenta,MG,-20.481597211404,-45.8029318284138,2814,11
35588,arcos,MG,-20.2883015137282,-45.5413006934461,281,11
35590,lagoa da prata,MG,-20.0240647724253,-45.5371898136023,2033,11
35595,luz,MG,-19.7939805829583,-45.6817158295731,2123,11
35600,bom despacho,MG,-19.740337139221,-45.2586343086474,505,11
35603,araujos,MG,-19.9445744309286,-45.1663420409104,278,11
35604,moema,MG,-19.8428615784633,-45.4123121376233,2324,11
35606,martinho campos,MG,-19.3385572537194,-45.2274873816302,2235,11
35610,dores do indaia,MG,-19.4665345178098,-45.6005195139431,1217,11
35613,estrela do indaia,MG,-19.5320031935972,-45.7878126738793,1294,11
35620,abaete,MG,-19.158206495625,-45.446300298729305,4,11
35622,paineiras,MG,-18.9045510836253,-45.5336490722738,2614,11
35623,pocoes de paineiras,MG,-18.877925536018,-45.4127303541326,2899,11
35624,cedro do abaete,MG,-19.1471114040983,-45.7145400872263,908,11
35628,morada nova de minas,MG,-18.6052295047214,-45.353299377474706,2376,11
35640,pompeu,MG,-19.2240243960932,-45.0002372431444,2908,11
35650,pitangui,MG,-19.6842350184189,-44.8917578929417,2878,11
35657,leandro ferreira,MG,-19.7176019760399,-45.0248377220743,2077,11
35660,para de minas,MG,-19.8535411212118,-44.6088222607113,2647,11
35661,para de minas,MG,-19.8703046641801,-44.5933257029027,2647,11
35662,para de minas,MG,-19.8816296622391,-44.7424363161596,2647,11
35666,maravilhas,MG,-19.5150175714798,-44.6767389175566,2203,11
35667,pequi,MG,-19.6300231839069,-44.6608392266654,2774,11
35668,conceicao do para,MG,-19.7506936136799,-44.896928982152396,1017,11
35669,papagaios,MG,-19.4469636003455,-44.7474350623125,2644,11
35670,mateus leme,MG,-19.9912384218,-44.428729471779704,2250,11
35672,azurita,MG,-20.0078773993327,-44.471417089490195,346,11
35675,juatuba,MG,-19.9592080020122,-44.338249885804,1988,11
35680,itauna,MG,-20.0778630701646,-44.5761337721605,1841,11
35681,itauna,MG,-20.0795906810953,-44.5943443211972,1841,11
35685,itatiaiucu,MG,-20.1993454789052,-44.4267258975347,1832,11
35690,florestal,MG,-19.8900816552818,-44.4311810447446,1352,11
35695,igaratinga,MG,-19.9548993624954,-44.7076979899114,1624,11
35698,antunes,MG,-19.9190786737461,-44.7001232831189,207,11
35700,sete lagoas,MG,-19.4579950133886,-44.2481282276297,3708,11
35701,sete lagoas,MG,-19.460508470366,-44.2314597197535,3708,11
35702,sete lagoas,MG,-19.4488135676817,-44.2304223250691,3708,11
35703,sete lagoas,MG,-19.4360033244592,-44.2052535279013,3708,11
35720,matozinhos,MG,-19.5608326496198,-44.0755813492147,2260,11
35730,capim branco,MG,-19.5500467748024,-44.1337361986485,791,11
35732,baldim,MG,-19.3678051317042,-43.9611289871255,359,11
35738,prudente de morais,MG,-19.4793377220245,-44.1576399981286,3008,11
35740,esmeraldas,MG,-19.7819282468167,-44.2606141235428,1271,11
35763,inhauma,MG,-19.492581743542,-44.3884622548384,1671,11
35765,cachoeira da prata,MG,-19.5242489632317,-44.4518578727129,623,11
35767,jequitiba,MG,-19.2324712835279,-44.0238313224809,1951,11
35770,caetanopolis,MG,-19.3036563934008,-44.409526971597,639,11
35774,paraopeba,MG,-19.2785790509013,-44.4008854620893,2680,11
35785,santana de pirapama,MG,-19.1335158187054,-44.1119871740715,3335,11
35790,curvelo,MG,-18.7634184222998,-44.4331567713197,1152,11
35800,ferros,MG,-19.2478236390928,-42.9577906892217,1335,11
35830,jaboticatubas,MG,-19.5016667956194,-43.7672469363319,1873,11
35860,conceicao do mato dentro,MG,-19.0237067271077,-43.4237306547307,1016,11
35865,dom joaquim,MG,-18.959716000671,-43.255162854958,1206,11
35875,morro do pilar,MG,-19.2195985746264,-43.3819392397243,2390,11
35878,carmesia,MG,-19.0865757348056,-43.1409827037082,840,11
35880,santo antonio do rio abaixo,MG,-19.2284204256083,-43.2532105338998,3387,11
35900,itabira,MG,-19.6307987169588,-43.2222536801082,1736,11
35901,itabira,MG,-19.6550664567243,-43.2339577044793,1736,11
35902,itabira,MG,-19.6517268472012,-43.2051217375124,1736,11
35903,itabira,MG,-19.6560502638285,-43.2208201544279,1736,11
35908,bom jesus do amparo,MG,-19.7077077167589,-43.4752497176366,514,11
35910,santa maria de itabira,MG,-19.4109691677187,-43.6516943050077,3294,11
35920,nova era,MG,-19.7649143113611,-43.0299399953673,2475,11
35930,joao monlevade,MG,-19.8147037052516,-43.1704089683795,1971,11
35931,joao monlevade,MG,-19.8365386489323,-43.1790654389021,1971,11
35935,sao goncalo do rio abaixo,MG,-19.8051127558916,-43.4412431614133,3457,11
35938,bela vista de minas,MG,-19.8280287267131,-43.0906254917208,447,11
35940,rio piracicaba,MG,-19.928424168117,-43.1635408450218,3159,11
35950,alvinopolis,MG,-20.109472695799,-43.0636151114788,138,11
35955,fonseca,MG,-20.1615933747742,-43.3006529440753,1359,11
35960,santa barbara,MG,-19.9616776608883,-43.4103492607761,3240,11
35969,catas altas,MG,-20.0755927267359,-43.4075666503638,889,11
35970,barao de cocais,MG,-19.9347375962353,-43.4805557424405,382,11
35975,cocais,MG,-19.8598662223274,-43.4507476437144,972,11
35984,dionisio,MG,-19.8379601601744,-42.7651477542293,1181,11
35986,sao jose do goiabal,MG,-19.9253883117768,-42.7092048614629,3521,11
35995,sao domingos do prata,MG,-19.8704376426709,-42.9634767620036,3430,11
36010,juiz de fora,MG,-21.7645713874481,-43.3459732423981,1995,11
36013,juiz de fora,MG,-21.7581860853293,-43.349683043154,1995,11
36015,juiz de fora,MG,-21.75734753091,-43.3540601362635,1995,11
36016,juiz de fora,MG,-21.7680195980794,-43.3531599910765,1995,11
36020,juiz de fora,MG,-21.7711890369805,-43.3335659272847,1995,11
36021,juiz de fora,MG,-21.7745514682901,-43.3413438915783,1995,11
36025,juiz de fora,MG,-21.7753679949798,-43.3539647067733,1995,11
36026,juiz de fora,MG,-21.7792233783038,-43.3485422596654,1995,11
36030,juiz de fora,MG,-21.7892422324154,-43.3467745020886,1995,11
36031,juiz de fora,MG,-21.7963496574031,-43.3477390138756,1995,11
36032,juiz de fora,MG,-21.7996626811717,-43.3577111545795,1995,11
36033,juiz de fora,MG,-21.7880431309008,-43.3644174243669,1995,11
36035,juiz de fora,MG,-21.7525070783969,-43.3675357875713,1995,11
36036,juiz de fora,MG,-21.7610755995346,-43.3669564651778,1995,11
36037,juiz de fora,MG,-21.7720620733158,-43.383410711964,1995,11
36038,juiz de fora,MG,-21.7864283242919,-43.3839559796451,1995,11
36039,juiz de fora,MG,-21.7937030142727,-43.4003385268442,1995,11
36045,juiz de fora,MG,-21.7414645675072,-43.3596218424073,1995,11
36046,juiz de fora,MG,-21.7318564300891,-43.3595476166444,1995,11
36047,juiz de fora,MG,-21.719547546560097,-43.3543729043588,1995,11
36048,juiz de fora,MG,-21.6888639624662,-43.3418232988648,1995,11
36050,juiz de fora,MG,-21.7344934173654,-43.3488312407725,1995,11
36051,juiz de fora,MG,-21.7375673142322,-43.3442779880491,1995,11
36052,juiz de fora,MG,-21.7469688228694,-43.3462319224941,1995,11
36060,juiz de fora,MG,-21.741552524507,-43.335325913186,1995,11
36061,juiz de fora,MG,-21.7504791225974,-43.3325033256798,1995,11
36062,juiz de fora,MG,-21.756409690705897,-43.3383864720532,1995,11
36070,juiz de fora,MG,-21.7657853053214,-43.3305554840276,1995,11
36071,juiz de fora,MG,-21.7729022604346,-43.3161926960393,1995,11
36072,juiz de fora,MG,-21.7692909619546,-43.2950327495494,1995,11
36080,juiz de fora,MG,-21.7428428221462,-43.37302080954,1995,11
36081,juiz de fora,MG,-21.7400354827683,-43.3885968045292,1995,11
36083,juiz de fora,MG,-21.7365311282703,-43.4021597546927,1995,11
36084,juiz de fora,MG,-21.7425709754273,-43.4109273083416,1995,11
36085,juiz de fora,MG,-21.7150407408423,-43.4059150975051,1995,11
36087,juiz de fora,MG,-21.7069306602702,-43.4252862365974,1995,11
36088,juiz de fora,MG,-21.711754109415,-43.4364484205816,1995,11
36090,juiz de fora,MG,-21.6923726453493,-43.4333929507704,1995,11
36091,juiz de fora,MG,-21.7055022537414,-43.471454931650406,1995,11
36092,juiz de fora,MG,-21.6660210176515,-43.4338669417445,1995,11
36108,ewbank da camara,MG,-21.5510704037854,-43.5121011674057,1304,11
36110,chacara,MG,-21.6773235736324,-43.2201964454263,934,11
36120,matias barbosa,MG,-21.869485342722403,-43.31977116023601,2251,11
36123,simao pereira,MG,-21.9634520717273,-43.3144528709689,3723,11
36130,rio preto,MG,-22.0854218165657,-43.8271679538304,3161,11
36135,santa rita de jacutinga,MG,-22.1490543193832,-44.094119233185,3310,11
36140,lima duarte,MG,-21.8418350484209,-43.8018162608004,2087,11
36144,conceicao da ibitipoca,MG,-16.9755628204753,-41.429956193223,1006,11
36145,olaria,MG,-21.8608429526703,-43.9354076222341,2556,11
36150,rio novo,MG,-21.475097802815,-43.1272529929836,3154,11
36152,goiana,MG,-21.5358350409535,-43.1989423334856,1438,11
36155,coronel pacheco,MG,-21.5936989600327,-43.2737459692399,1071,11
36157,piau,MG,-21.5071675989488,-43.3215592056393,2800,11
36160,guarani,MG,-21.3561524622795,-43.0486915219126,1507,11
36165,tabuleiro,MG,-21.3600750060825,-43.2478435067385,3769,11
36170,pirauba,MG,-21.2730088359586,-43.0283534011806,2867,11
36180,rio pomba,MG,-21.2714166697936,-43.1786711620908,3160,11
36190,merces,MG,-21.1970090343687,-43.3431879656873,2281,11
36195,paiva,MG,-21.2909539443998,-43.4184764258356,2616,11
36200,barbacena,MG,-21.2273551003709,-43.7726846609855,387,11
36201,barbacena,MG,-21.2257222607672,-43.7889172817381,387,11
36202,barbacena,MG,-21.210669607756,-43.7789587823674,387,11
36204,barbacena,MG,-21.2084659786615,-43.7593302085484,387,11
36205,barbacena,MG,-21.222643619226996,-43.7560905484646,387,11
36210,desterro do melo,MG,-21.1489265125283,-43.5136409987839,1170,11
36212,barroso,MG,-21.1912065926954,-43.9751058055628,431,11
36213,dores de campos,MG,-21.1098976449688,-44.0233676793593,1216,11
36220,antonio carlos,MG,-21.3211401408557,-43.7520646704784,201,11
36225,ibertioga,MG,-21.4334812491361,-43.9632059607296,1568,11
36227,piedade do rio grande,MG,-21.470429487492698,-44.1924055585084,2808,11
36230,bias fortes,MG,-21.6071453575829,-43.7571326613706,474,11
36235,santa rita do ibitipoca,MG,-21.5627443120132,-43.9160194303152,3313,11
36240,santos dumont,MG,-21.4598311861377,-43.5522614287458,3399,11
36255,aracitaba,MG,-21.3411624385441,-43.3775584711271,236,11
36260,alto rio doce,MG,-21.0231591988441,-43.4126349187972,127,11
36264,vitorinos,MG,-19.6385483792273,-43.7596515005001,4088,11
36272,alfredo vasconcelos,MG,-21.1494435477785,-43.767193356103,90,11
36275,senhora dos remedios,MG,-21.0303632235979,-43.5842608848757,3671,11
36280,carandai,MG,-20.9499939709279,-43.8044101390875,815,11
36290,capela nova,MG,-20.9256264561946,-43.6207977069592,788,11
36300,sao joao del rei,MG,-21.1344545497093,-44.2621650190877,3478,11
36301,sao joao del rei,MG,-21.1231386260696,-44.25022385765709,3478,11
36302,sao joao del rei,MG,-21.1064222067339,-44.2289036681037,3478,11
36305,sao joao del rei,MG,-21.1325993522824,-44.238867523948,3478,11
36307,sao joao del rei,MG,-21.1399142804329,-44.257832926725506,3478,11
36309,sao joao del rei,MG,-21.1455927061397,-44.2765708721671,3478,11
36320,prados,MG,-21.059067150905,-44.0834116379173,2976,11
36325,tiradentes,MG,-21.1098079160444,-44.174779059637,3857,11
36328,santa cruz de minas,MG,-21.1332804482856,-44.2080803593408,3258,11
36335,ritapolis,MG,-21.0260975196712,-44.3235864793238,3168,11
36340,resende costa,MG,-20.9164457338286,-44.2419645198196,3075,11
36345,lagoa dourada,MG,-20.9192876541136,-44.0677916236337,2043,11
36350,sao tiago,MG,-20.9131764717635,-44.5111508958978,3619,11
36370,nazareno,MG,-21.2184264605676,-44.615820980959,2436,11
36390,itutinga,MG,-21.2976855560784,-44.6576424948072,1859,11
36400,conselheiro lafaiete,MG,-20.655803964613,-43.7778593251487,1037,11
36401,conselheiro lafaiete,MG,-20.6578417736628,-43.776594931511,1037,11
36404,conselheiro lafaiete,MG,-20.6735371205853,-43.7775908346116,1037,11
36405,conselheiro lafaiete,MG,-20.6761864118348,-43.7880317483733,1037,11
36406,conselheiro lafaiete,MG,-20.6704719315529,-43.797410327835,1037,11
36407,conselheiro lafaiete,MG,-20.6592121235294,-43.806926962777,1037,11
36408,conselheiro lafaiete,MG,-20.6534207457561,-43.797692453243,1037,11
36415,congonhas,MG,-20.5098945373679,-43.8616875473086,1032,11
36420,ouro branco,MG,-20.520692144641,-43.70443546935,2589,11
36426,cristiano otoni,MG,-20.8271981412818,-43.8088813579814,1113,11
36430,santana dos montes,MG,-20.7878738418192,-43.6856509197863,3350,11
36455,lamim,MG,-20.7880292437573,-43.4734034080119,2062,11
36460,rio espera,MG,-20.8563159610707,-43.4826570914668,3143,11
36470,senhora de oliveira,MG,-20.7953724037966,-43.344899734975,3670,11
36480,piranga,MG,-20.6624338792968,-43.2997061199573,2853,11
36500,uba,MG,-21.11776054869,-42.9428708637039,3932,11
36501,uba,MG,-21.0227947864055,-43.0247733210228,3932,11
36502,uba,MG,-21.1248769518637,-42.9267795482747,3932,11
36503,uba,MG,-21.1187681379633,-42.919470189336,3932,11
36504,uba,MG,-21.1136871135571,-42.9373312699572,3932,11
36505,uba,MG,-21.1082935743815,-42.9476403698954,3932,11
36506,uba,MG,-21.1102287376102,-42.959382407765,3932,11
36507,uba,MG,-21.11637700204,-42.956218277984,3932,11
36510,rodeiro,MG,-21.2001831565522,-42.8660330868102,3174,11
36512,tocantins,MG,-21.1726252218232,-43.0219328222331,3862,11
36515,guidoval,MG,-21.1511552255151,-42.7978972578833,1533,11
36520,visconde do rio branco,MG,-21.0103592701728,-42.8384837571254,4076,11
36525,guiricema,MG,-21.0046352527455,-42.7203457242605,1536,11
36530,sao geraldo,MG,-20.9231941990997,-42.8331927142783,3450,11
36540,senador firmino,MG,-20.9138649741461,-43.1009960684912,3661,11
36542,bras pires,MG,-20.8534785041433,-43.2423976628943,552,11
36544,paula candido,MG,-20.8730174302425,-42.9812664588296,2722,11
36546,divinesia,MG,-20.989541350921,-43.0052346736157,1184,11
36550,coimbra,MG,-20.8580086858264,-42.8016835642729,980,11
36555,ervalia,MG,-20.840594140109904,-42.655599256881,1268,11
36560,cajuri,MG,-20.7886288550334,-42.7960277075005,661,11
36568,porto firme,MG,-20.6265937091032,-43.138124032298,2948,11
36570,vicosa,MG,-20.7547346385392,-42.8775199852949,4048,11
36572,vicosa,MG,-20.7610829533712,-42.8856231146039,4048,11
36576,vicosa,MG,-20.6990288406864,-42.9994686192025,4048,11
36580,teixeiras,MG,-20.6538051260457,-42.8551545349323,3822,11
36590,sao miguel do anta,MG,-20.7194223556999,-42.7157808218408,3568,11
36592,canaa,MG,-20.6870874453353,-42.6202140580198,744,11
36594,araponga,MG,-20.6671706287898,-42.5211070553263,257,11
36600,bicas,MG,-21.7189072822635,-43.0651238881954,475,11
36606,guarara,MG,-21.7289907777391,-43.0417868076415,1516,11
36620,santana do deserto,MG,-21.9503230275836,-43.1667635006978,3340,11
36640,mar de espanha,MG,-21.8658105817601,-43.007507724822,2186,11
36650,senador cortes,MG,-21.8042964511896,-42.945876656304,3660,11
36660,alem paraiba,MG,-21.8727282782447,-42.6937951953996,82,11
36664,angustura,MG,-21.8683135482581,-42.6987404424061,189,11
36670,santo antonio do aventureiro,MG,-21.3552218091073,-43.0337497146612,3373,11
36675,sao domingos,MG,-21.2275708961015,-42.8268252931847,3425,11
36680,sao joao nepomuceno,MG,-21.5377735855452,-43.0117877694125,3491,11
36690,descoberto,MG,-21.460459659501698,-42.963669435566,1166,11
36700,leopoldina,MG,-21.5301642616183,-42.6408986181816,2082,11
36707,ribeiro junqueira,MG,-19.8219043683723,-44.0099534380102,3110,11
36720,volta grande,MG,-21.772532893034,-42.5375975891445,4089,11
36730,pirapetinga,MG,-21.661382378379795,-42.3496931855189,2857,11
36740,recreio,MG,-21.5241584840558,-42.4641250525972,3061,11
36750,palma,MG,-21.3758662914542,-42.3156744007462,2620,11
36760,laranjal,MG,-21.3607674105443,-42.4756723757667,2065,11
36770,cataguases,MG,-21.3880541424151,-42.6905046221102,884,11
36771,cataguases,MG,-21.4115723454163,-42.6797644951848,884,11
36772,cataguases,MG,-21.3975016033917,-42.7008435287255,884,11
36773,cataguases,MG,-21.382655116417897,-42.70358535785251,884,11
36774,cataguases,MG,-21.3777403288734,-42.6900803535499,884,11
36780,astolfo dutra,MG,-21.3140307381338,-42.8642339640333,326,11
36784,dona euzebia,MG,-21.3167137803372,-42.8130630030251,1214,11
36790,mirai,MG,-21.1934276070182,-42.6144496964922,2306,11
36800,carangola,MG,-20.7325160319177,-42.0299437651525,816,11
36810,sao francisco do gloria,MG,-20.7849484500065,-42.4981231953965,3444,11
36815,fervedouro,MG,-20.724876311621,-42.3052732803958,1336,11
36820,divino,MG,-20.6101085660387,-42.1463714435059,1185,11
36828,orizania,MG,-20.5061756640516,-42.2058485360878,2569,11
36830,espera feliz,MG,-20.6482347233254,-41.9092500916309,1272,11
36832,caiana,MG,-20.6978994847492,-41.9224512766168,645,11
36834,caparao,MG,-20.5239246873039,-41.90630806664,783,11
36844,tombos,MG,-20.9096634653902,-42.0351810039737,3868,11
36850,antonio prado de minas,MG,-21.013832282687,-42.1197184424023,206,11
36855,eugenopolis,MG,-21.0978848225571,-42.1838518540644,1301,11
36860,patrocinio do muriae,MG,-21.1519817300774,-42.2109011636956,2714,11
36873,silveira carvalho,MG,-23.5433654999999,-46.889442,3718,11
36880,muriae,MG,-21.1300157786823,-42.3681452254178,2411,11
36881,muriae,MG,-21.1366252923894,-42.3601294202935,2411,11
36883,muriae,MG,-21.1391421869524,-42.3733224201982,2411,11
36884,muriae,MG,-21.1302958759876,-42.3811322172652,2411,11
36886,muriae,MG,-21.1363880180418,-42.399282851834,2411,11
36887,muriae,MG,-21.1280137842606,-42.3973484136799,2411,11
36888,muriae,MG,-21.1251666881732,-42.3859320078357,2411,11
36889,muriae,MG,-21.1290530288439,-42.3570508669037,2411,11
36892,vermelho,MG,-19.9550692412472,-43.9438717743016,4035,11
36893,miradouro,MG,-20.8906770761613,-42.3439124850965,2304,11
36895,vieiras,MG,-20.8648665681786,-42.2445094725289,4052,11
36900,manhuacu,MG,-20.2526882936924,-42.0405985344984,2177,11
36913,santa margarida,MG,-20.3843356646368,-42.2509752740836,3289,11
36918,sao joao do manhuacu,MG,-20.3924174540103,-42.1522443144611,3480,11
36923,luisburgo,MG,-20.4396076041125,-42.1039230395349,2113,11
36925,caputira,MG,-20.1726713600721,-42.2710835570031,807,11
36930,simonesia,MG,-20.1106742508218,-41.9997297130136,3726,11
36940,santana do manhuacu,MG,-20.0955300564216,-41.9216526180075,3345,11
36950,ipanema,MG,-19.8002227045803,-41.7153061608255,1680,11
36953,taparuba,MG,-19.7634877702972,-41.6139969823062,3792,11
36955,mutum,MG,-19.8261824983479,-41.4385536644642,2418,11
36960,pocrane,MG,-19.6180460159163,-41.6297355358484,2901,11
36970,manhumirim,MG,-20.3558413063753,-41.9561697376778,2178,11
36972,martins soares,MG,-20.2573115951366,-41.8731073351002,2238,11
36974,durande,MG,-20.2017188505497,-41.799704239142,1232,11
36976,alto jequitiba,MG,-20.4265092146147,-41.9642221955498,121,11
36979,alto caparao,MG,-20.4440534975701,-41.8703241256159,117,11
36980,lajinha,MG,-20.1439571693973,-41.611697769436,2059,11
36985,chale,MG,-20.0448378446185,-41.691545503346,935,11
37002,varginha,MG,-21.5555786786592,-45.4374242160118,4007,11
37004,varginha,MG,-21.5605407076934,-45.4318183749342,4007,11
37006,varginha,MG,-21.5654433779853,-45.4382450985374,4007,11
37010,varginha,MG,-21.5590493238665,-45.4456030233978,4007,11
37012,varginha,MG,-21.5675280751256,-45.4489910795266,4007,11
37014,varginha,MG,-21.5501793953825,-45.4463939981357,4007,11
37018,varginha,MG,-21.5480991695439,-45.4373211010133,4007,11
37022,varginha,MG,-21.5950223334665,-45.4279878062143,4007,11
37026,varginha,MG,-21.573300439536,-45.441496826215,4007,11
37030,varginha,MG,-21.5439540338973,-45.4501558246137,4007,11
37031,varginha,MG,-21.5583090341803,-45.4623888700682,4007,11
37036,varginha,MG,-21.5315463413221,-45.4530765121761,4007,11
37044,varginha,MG,-21.5574459033144,-45.4224094050676,4007,11
37048,varginha,MG,-21.5704973339288,-45.4178465822408,4007,11
37060,varginha,MG,-21.581149179515,-45.4204861359436,4007,11
37062,varginha,MG,-21.5857302973866,-45.440437920767,4007,11
37070,varginha,MG,-21.5910439146397,-45.4473326164861,4007,11
37074,varginha,MG,-21.5895208662898,-45.448636862027,4007,11
37110,eloi mendes,MG,-21.6085026700273,-45.5664666934702,1242,11
37115,monte belo,MG,-21.3253370150659,-46.3680392193089,2356,11
37120,paraguacu,MG,-21.5501475415281,-45.7350086871983,2652,11
37130,alfenas,MG,-21.4273589696981,-45.9465125653125,87,11
37131,alfenas,MG,-21.4364585026622,-45.9424215666751,87,11
37132,alfenas,MG,-21.4377751301059,-45.9522149073895,87,11
37133,alfenas,MG,-21.4287987991036,-45.9659632594766,87,11
37135,alfenas,MG,-21.4221727824863,-45.9643443653558,87,11
37136,alfenas,MG,-21.4184950924458,-45.96231346792829,87,11
37137,alfenas,MG,-21.4106484191136,-45.9486970906328,87,11
37140,areado,MG,-21.3587120626181,-46.1449665979704,283,11
37142,divisa nova,MG,-21.5099806325939,-46.1957911424648,1194,11
37143,serrania,MG,-21.5316420326947,-46.1195101761597,3693,11
37145,alterosa,MG,-21.2558336455043,-46.1448785704215,108,11
37148,conceicao da aparecida,MG,-21.0964736369393,-46.2044325859087,1003,11
37150,carmo do rio claro,MG,-20.9716109785116,-46.1213299261794,847,11
37160,campos gerais,MG,-21.2367886681036,-45.7599848756261,739,11
37165,campo do meio,MG,-21.1094994554569,-45.8298343383836,718,11
37170,boa esperanca,MG,-21.0951295144048,-45.5615052645307,483,11
37175,ilicinea,MG,-20.9405775328866,-45.8272373522276,1643,11
37177,guape,MG,-20.7618960649937,-45.9256093953325,1491,11
37190,tres pontas,MG,-21.3705596396296,-45.5129304350269,3897,11
37195,santana da vargem,MG,-21.2505629401762,-45.5062556560422,3333,11
37200,lavras,MG,-21.2447086365057,-44.9992016394304,2073,11
37212,macuco de minas,MG,-21.0629909059135,-44.6335216202426,2145,11
37215,ingai,MG,-21.4024703407592,-44.9208123591716,1667,11
37220,bom sucesso,MG,-21.0329007534342,-44.7568594642156,526,11
37225,carmo da cachoeira,MG,-21.4610085575331,-45.2205443359568,842,11
37240,luminarias,MG,-21.5116142365206,-44.902974741388995,2118,11
37245,carrancas,MG,-21.4891348193247,-44.6425775793908,859,11
37250,nepomuceno,MG,-21.2363521728158,-45.2362691318133,2439,11
37260,perdoes,MG,-21.0961656385525,-45.0882359915294,2778,11
37262,santo antonio do amparo,MG,-20.9026772881932,-44.8968988454773,3371,11
37264,ribeirao vermelho,MG,-21.1854583828653,-45.0599289192333,3108,11
37270,campo belo,MG,-20.8937647141678,-45.2756131147783,715,11
37275,cristais,MG,-20.8752966308042,-45.5162371642221,1107,11
37278,santana do jacare,MG,-20.9328623601754,-45.1430141629728,3343,11
37280,candeias,MG,-20.7712792254662,-45.2742794374005,752,11
37300,andrelandia,MG,-21.7397498903612,-44.310035685521,177,11
37305,madre de deus de minas,MG,-21.4843121923805,-44.3316428953649,2148,11
37310,bom jardim de minas,MG,-21.9485549859918,-44.1865459394374,508,11
37350,liberdade,MG,-22.026227116647004,-44.32000869338341,2086,11
37360,arantina,MG,-21.9151589827531,-44.2536003985699,253,11
37400,campanha,MG,-21.8347937386335,-45.401880424606,694,11
37405,monsenhor paulo,MG,-21.7569277688096,-45.5421195997787,2340,11
37407,sao bento abade,MG,-21.5846949195169,-45.0715427771319,3407,11
37408,sao thome das letras,MG,-21.7223730980264,-44.9835636664046,3618,11
37410,tres coracoes,MG,-21.6933708268734,-45.2597686713868,3888,11
37414,tres coracoes,MG,-21.6983483861943,-45.2527004818536,3888,11
37420,cambuquira,MG,-21.8543209437968,-45.2972272678211,689,11
37430,conceicao do rio verde,MG,-21.8824707946577,-45.0873782663944,1018,11
37440,caxambu,MG,-21.9808048171322,-44.9316956684027,899,11
37443,baependi,MG,-21.9616608967187,-44.889036280554095,351,11
37445,cruzilia,MG,-21.8393188255462,-44.8105955554197,1131,11
37447,minduri,MG,-21.6818085908187,-44.6011619309737,2297,11
37450,aiuruoca,MG,-21.9788484241317,-44.6057694544821,66,11
37458,alagoa,MG,-22.1718305934679,-44.6425987257925,69,11
37460,passa quatro,MG,-22.3871886783657,-44.9672862692575,2697,11
37464,itanhandu,MG,-22.296792750248,-44.9367630785195,1779,11
37465,virginia,MG,-22.332030611976,-45.0922553260827,4072,11
37466,itamonte,MG,-22.2854255635906,-44.8670874630718,1777,11
37467,sao sebastiao do rio verde,MG,-22.2187924988855,-44.9777763332391,3615,11
37468,pouso alto,MG,-22.1843870213663,-44.9712769890431,2970,11
37469,santana do capivari,MG,-22.2480385237324,-44.934897762239,3338,11
37470,sao lourenco,MG,-22.1181802468498,-45.054594887879,3541,11
37472,carmo de minas,MG,-22.1212432896636,-45.1247338239934,844,11
37474,dom vicoso,MG,-22.2508712249467,-45.1572687540962,1211,11
37476,cristina,MG,-22.2104298720198,-45.2646508788708,1114,11
37478,soledade de minas,MG,-22.0563372732737,-45.0440856826884,3741,11
37480,lambari,MG,-21.9742237015,-45.349168217053,2061,11
37485,jesuania,MG,-22.001200506866997,-45.2884643681786,1957,11
37490,sao goncalo do sapucai,MG,-21.8125959972613,-45.5477270804192,3460,11
37496,turvolandia,MG,-21.8756267349491,-45.7885858852287,3929,11
37500,itajuba,MG,-22.4204530507503,-45.4530068131087,1766,11
37501,itajuba,MG,-22.4317038488513,-45.4405244354967,1766,11
37502,itajuba,MG,-22.4348274212531,-45.451271496524,1766,11
37503,itajuba,MG,-22.440063906975904,-45.471425359123906,1766,11
37504,itajuba,MG,-22.4292587992198,-45.4762010554469,1766,11
37505,itajuba,MG,-22.4197850465585,-45.4675260401117,1766,11
37508,piranguinho,MG,-22.3944792841284,-45.541336451632,2855,11
37514,delfim moreira,MG,-22.5064659021684,-45.2770478501987,1158,11
37517,maria da fe,MG,-22.3089140982221,-45.3733474247638,2211,11
37520,pedralva,MG,-22.2458852745192,-45.4658149248674,2746,11
37524,natercia,MG,-22.1182817587863,-45.5115644755982,2428,11
37527,conceicao das pedras,MG,-22.1579430026041,-45.4520642529083,1008,11
37530,brazopolis,MG,-22.4785356430614,-45.617941318817806,564,11
37540,santa rita do sapucai,MG,-22.2472109395067,-45.7075206776121,3316,11
37542,estiva,MG,-22.4634440835642,-46.0171844083282,1288,11
37545,cachoeira de minas,MG,-22.3558139708051,-45.7823345669694,624,11
37548,conceicao dos ouros,MG,-22.4139075612113,-45.7964703571319,1020,11
37550,pouso alegre,MG,-22.2350828007269,-45.9339218272387,2969,11
37551,pouso alegre,MG,-22.2284757993779,-45.9449833251014,2969,11
37552,pouso alegre,MG,-22.2202590173561,-45.9378123489165,2969,11
37553,pouso alegre,MG,-22.2221157025602,-45.9290066800354,2969,11
37554,pouso alegre,MG,-22.2250869309142,-45.9233525567934,2969,11
37555,pouso alegre,MG,-22.2153308234155,-45.91247616077019,2969,11
37556,pouso alegre,MG,-22.209160354419804,-45.855143653163,2969,11
37557,pouso alegre,MG,-22.2424339735635,-45.9422802524374,2969,11
37558,pouso alegre,MG,-22.2485444872302,-45.9355935435926,2969,11
37559,pouso alegre,MG,-22.1860368471939,-46.063108823703,2969,11
37560,pouso alegre,MG,-22.2686963806764,-45.9171477940657,2969,11
37561,pouso alegre,MG,-22.2665568219152,-45.9163566131896,2969,11
37563,tocos do moji,MG,-22.3697541179653,-46.0967437332763,3864,11
37564,borda da mata,MG,-22.2625841302352,-46.1711239405763,540,11
37568,sao joao da mata,MG,-21.9339730259222,-45.9241437267363,3469,11
37570,ouro fino,MG,-22.2784853050303,-46.3713015515673,2590,11
37576,inconfidentes,MG,-22.3194602429786,-46.3259095452347,1657,11
37578,bueno brandao,MG,-22.4426541990901,-46.3487757453573,585,11
37580,monte siao,MG,-22.430217898121,-46.5734051299115,2367,11
37582,careacu,MG,-21.879894097287,-45.8564796887542,827,11
37584,congonhal,MG,-21.8654041858771,-45.6508234997503,1031,11
37588,ipuiuna,MG,-21.9343133850094,-46.1263368684007,1706,11
37589,silvianopolis,MG,-21.0948808512359,-45.8319755719254,3721,11
37590,jacutinga,MG,-22.2881466643236,-46.6119009131877,1890,11
37600,cambui,MG,-22.6118739088446,-46.0581565689413,688,11
37610,bom repouso,MG,-22.4700524255234,-46.1470917253716,523,11
37615,senador amaral,MG,-22.5872445618761,-46.1770972969796,3658,11
37620,munhoz,MG,-22.6138492307291,-46.3625578974145,2406,11
37640,extrema,MG,-22.8554782232891,-46.319501271004,1305,11
37650,camanducaia,MG,-22.7554997441429,-46.1400133289042,677,11
37652,sao mateus de minas,MG,-22.707410124912,-46.0352621559288,3560,11
37653,monte verde,MG,-22.8601740102167,-46.0325702498175,2368,11
37655,itapeva,MG,-22.7683853854051,-46.2225708426166,1803,11
37660,paraisopolis,MG,-22.551533713566105,-45.7785727771652,2664,11
37680,goncalves,MG,-22.659688255300704,-45.8545881325088,1451,11
37690,sapucai-mirim,MG,-22.7502415701565,-45.7479211738755,3631,11
37701,pocos de caldas,MG,-21.7891313238611,-46.5675707403174,2900,11
37704,pocos de caldas,MG,-21.7928389070177,-46.5673651799968,2900,11
37705,pocos de caldas,MG,-21.8073844549823,-46.5440458876217,2900,11
37706,pocos de caldas,MG,-21.8304102283404,-46.5493907865448,2900,11
37713,pocos de caldas,MG,-21.8320478635147,-46.5591415370629,2900,11
37714,pocos de caldas,MG,-21.7988843783405,-46.6009327357889,2900,11
37716,pocos de caldas,MG,-21.7959335671963,-46.5901956983349,2900,11
37718,pocos de caldas,MG,-21.8812904039999,-46.6162549999999,2900,11
37720,botelhos,MG,-21.6480023302683,-46.3997861361722,544,11
37730,campestre,MG,-21.7111112048412,-46.2466090243468,695,11
37740,bandeira do sul,MG,-21.7301254169858,-46.3864678018016,375,11
37750,machado,MG,-21.6804089480485,-45.9205299320152,2141,11
37757,poco fundo,MG,-21.7801509017574,-45.9674676966341,2895,11
37760,carvalhopolis,MG,-21.7785022095514,-45.8428254252045,862,11
37775,santa rita de caldas,MG,-22.0499974368539,-46.3291072551867,3309,11
37780,caldas,MG,-21.9138528457657,-46.3924118778837,664,11
37795,andradas,MG,-22.0704714335381,-46.5735481916593,174,11
37800,guaxupe,MG,-21.3059583696182,-46.7140778904777,1531,11
37805,juruaia,MG,-21.2529937865429,-46.57896485158201,2011,11
37810,guaranesia,MG,-21.3019692039407,-46.7934431378624,1506,11
37815,santa cruz do prata,MG,-19.321724888523,-48.9220081063641,3263,11
37820,arceburgo,MG,-21.3641327509626,-46.9398954848743,280,11
37855,sao pedro da uniao,MG,-21.1267444266119,-46.6271622031388,3590,11
37860,nova resende,MG,-21.1114107811788,-46.4205626924459,2512,11
37880,cabo verde,MG,-21.4738232804017,-46.3960917016555,611,11
37890,muzambinho,MG,-21.3689814916956,-46.5231565591902,2421,11
37900,passos,MG,-20.7196382115597,-46.6048485285717,2705,11
37901,passos,MG,-20.7358471735583,-46.5990691166447,2705,11
37902,passos,MG,-20.7292842027917,-46.613836512463,2705,11
37903,passos,MG,-20.7148929797177,-46.6277434141006,2705,11
37910,delfinopolis,MG,-20.3531467272117,-46.8429411596002,1159,11
37920,sao joao batista do gloria,MG,-20.5544391456736,-46.548193563850795,3465,11
37925,piumhii,MG,-20.469107166899,-45.9607997413836,2883,11
37928,sao roque de minas,MG,-20.2405566525298,-46.3820970999803,3602,11
37930,capitolio,MG,-20.6165565183559,-46.0462501423361,802,11
37940,alpinopolis,MG,-20.8586699889868,-46.3868959952482,102,11
37945,sao jose da barra,MG,-20.7155295833812,-46.3166000462563,3502,11
37948,bom jesus da penha,MG,-21.018142161416,-46.5186556216622,511,11
37950,sao sebastiao do paraiso,MG,-20.9139519705855,-46.986296190767,3613,11
37960,sao tomas de aquino,MG,-20.7806381312434,-47.098617105235,3620,11
37965,jacui,MG,-21.0181746390327,-46.7432089575839,1886,11
37968,monte santo de minas,MG,-21.0110861893593,-46.8117330788325,2366,11
37970,pratapolis,MG,-20.7443871727422,-46.8612127451644,2981,11
37973,itamogi,MG,-20.8408588941771,-46.7990058515934,1776,11
37975,itau de minas,MG,-20.7442883652015,-46.7513805701044,1838,11
37980,cassia,MG,-20.5829307048968,-46.9221356375289,871,11
37990,ibiraci,MG,-20.4639194805438,-47.125690042089595,1587,11
37993,capetinga,MG,-20.6210997966161,-47.0551657368589,790,11
37997,claraval,MG,-20.4015467671012,-47.2856086710095,964,11
38010,uberaba,MG,-19.7484331272478,-47.9362445108112,3940,11
38015,uberaba,MG,-19.7479198768766,-47.9261749339356,3940,11
38017,uberaba,MG,-19.7401985357419,-47.9247929878642,3940,11
38020,uberaba,MG,-19.7606893240896,-47.9468714577019,3940,11
38022,uberaba,MG,-19.7601889955454,-47.9391452604479,3940,11
38025,uberaba,MG,-19.7568534883389,-47.9301726694966,3940,11
38026,uberaba,MG,-19.7617065824328,-47.9211032473358,3940,11
38030,uberaba,MG,-19.7675520704213,-47.9330058646263,3940,11
38031,uberaba,MG,-19.772457974003,-47.9289776163443,3940,11
38035,uberaba,MG,-19.7629063504441,-47.9006895408385,3940,11
38036,uberaba,MG,-19.7684227922044,-47.9141342605618,3940,11
38037,uberaba,MG,-19.7799718360229,-47.9136051882771,3940,11
38040,uberaba,MG,-19.786421720111,-47.9377268757378,3940,11
38041,uberaba,MG,-19.783169015333,-47.9217032889209,3940,11
38045,uberaba,MG,-19.7740467345135,-47.9552652925853,3940,11
38046,uberaba,MG,-19.7737697992931,-47.9966356422612,3940,11
38050,uberaba,MG,-19.758312672548396,-47.9555246135023,3940,11
38051,uberaba,MG,-19.7576183080059,-47.9833685881583,3940,11
38055,uberaba,MG,-19.7508867199293,-47.9684945728065,3940,11
38056,uberaba,MG,-19.7350743435431,-47.9870422236564,3940,11
38057,uberaba,MG,-19.7371447217968,-47.9659228593814,3940,11
38060,uberaba,MG,-19.745545855197,-47.9450858769262,3940,11
38061,uberaba,MG,-19.7442558521973,-47.9553393404869,3940,11
38064,uberaba,MG,-19.7072304690002,-47.9681842310835,3940,11
38065,uberaba,MG,-19.7396459674533,-47.93555194368721,3940,11
38066,uberaba,MG,-19.734254119586,-47.9430947465615,3940,11
38067,uberaba,MG,-19.7287070577766,-47.9355336639736,3940,11
38070,uberaba,MG,-19.7310052698463,-47.9229155572505,3940,11
38071,uberaba,MG,-19.7236768514157,-47.916394962195305,3940,11
38072,uberaba,MG,-19.7318578946179,-47.9125188664487,3940,11
38073,uberaba,MG,-19.7350051443017,-47.8933400900504,3940,11
38080,uberaba,MG,-19.7424656190458,-47.9146123694927,3940,11
38081,uberaba,MG,-19.7528086069946,-47.9127037524854,3940,11
38082,uberaba,MG,-19.7493668084454,-47.8982607216337,3940,11
38110,agua comprida,MG,-20.0577918170359,-48.1081179422808,40,11
38120,conceicao das alagoas,MG,-19.9212404708974,-48.375494166123,1007,11
38130,campo florido,MG,-19.7625370254945,-48.5746977136348,721,11
38140,prata,MG,-19.3068265684433,-48.9228009612012,2980,11
38150,verissimo,MG,-19.6685680920207,-48.3093985420383,4034,11
38160,nova ponte,MG,-19.3364369651837,-47.1132218043993,2508,11
38170,perdizes,MG,-19.3606549888867,-47.2856264368549,2777,11
38175,santa juliana,MG,-19.3160039602863,-47.5282929265699,3283,11
38178,pedrinopolis,MG,-19.2283855693158,-47.46448927176541,2755,11
38180,araxa,MG,-19.582399237133504,-46.953795723294,279,11
38181,araxa,MG,-19.5757387992212,-46.9317277614589,279,11
38182,araxa,MG,-19.6052275253047,-46.9258749074311,279,11
38183,araxa,MG,-19.5965615059579,-46.9374884832494,279,11
38184,araxa,MG,-19.6018555307169,-46.9447815200333,279,11
38190,sacramento,MG,-19.870011331138397,-47.4441144779248,3207,11
38195,conquista,MG,-19.9328947340074,-47.5520605323513,1034,11
38200,frutal,MG,-20.0273781754766,-48.9335095885124,1398,11
38210,pirajuba,MG,-19.9075904926057,-48.7020297102952,2850,11
38220,planura,MG,-20.1379763525357,-48.7021593749542,2890,11
38230,fronteira,MG,-20.2794549908878,-49.20255148137911,1395,11
38240,itapagipe,MG,-19.9010264100815,-49.3688203437433,1788,11
38270,campina verde,MG,-19.5343018141205,-49.5020945650955,703,11
38280,iturama,MG,-19.7293653508802,-50.1995660781318,1858,11
38282,alexandrita,MG,-19.7029081984681,-50.4142470746922,85,11
38288,uniao de minas,MG,-19.521034013516,-50.334231378769,3957,11
38290,carneirinho,MG,-19.7115562933913,-50.7214274192466,856,11
38295,limeira do oeste,MG,-19.5456224389223,-50.5822843292509,2089,11
38300,ituiutaba,MG,-18.9763552519955,-49.4629745553093,1853,11
38301,ituiutaba,MG,-18.9536190870801,-49.4581758364557,1853,11
38302,ituiutaba,MG,-18.9680226914498,-49.449405876633,1853,11
38304,ituiutaba,MG,-18.9892191569287,-49.4519871611914,1853,11
38307,ituiutaba,MG,-18.9770985061729,-49.480972742185905,1853,11
38320,santa vitoria,MG,-18.8516272227244,-50.1407905508575,3328,11
38325,chaveslandia,MG,-19.0432904720345,-50.4880521402118,950,11
38350,ipiacu,MG,-18.692740606266,-49.9435765392775,1689,11
38360,capinopolis,MG,-18.6832638594617,-49.5699386935884,793,11
38370,cachoeira dourada,MG,-18.5317816476955,-49.4943230185727,629,11
38380,canapolis,MG,-18.7235034670771,-49.1992779007325,748,11
38390,centralina,MG,-18.5852749221699,-49.2006195548306,916,11
38400,uberlandia,MG,-18.9132478738438,-48.2782122444997,3941,11
38401,uberlandia,MG,-18.8916159627286,-48.2898155163761,3941,11
38402,uberlandia,MG,-18.873998221431,-48.2741398127863,3941,11
38405,uberlandia,MG,-18.892698009109,-48.2499398971617,3941,11
38406,uberlandia,MG,-18.8758212741132,-48.2318965063125,3941,11
38407,uberlandia,MG,-18.9149672897864,-48.1938791669365,3941,11
38408,uberlandia,MG,-18.9240801981643,-48.2492671865914,3941,11
38410,uberlandia,MG,-18.9541748719442,-48.2379105940036,3941,11
38411,uberlandia,MG,-18.9495189572054,-48.2762900127479,3941,11
38412,uberlandia,MG,-18.9502372599053,-48.3094706594432,3941,11
38413,uberlandia,MG,-18.9316896552482,-48.3150551083235,3941,11
38414,uberlandia,MG,-18.9213974358602,-48.32946334496321,3941,11
38415,uberlandia,MG,-18.8970556353684,-48.3291029502626,3941,11
38421,uberlandia,MG,-18.9774653965366,-48.3585508189692,3941,11
38425,uberlandia,MG,-18.9760119269495,-48.2742537224396,3941,11
38439,martinesia,MG,-18.9476737381165,-48.1759117012426,2234,11
38440,araguari,MG,-18.6526444336926,-48.19223548000691,248,11
38441,araguari,MG,-18.657048010586,-48.209333475541904,248,11
38442,araguari,MG,-18.6450994947416,-48.2049933546982,248,11
38443,araguari,MG,-18.6348247946861,-48.2047304778196,248,11
38444,araguari,MG,-18.6309175190535,-48.1895248179685,248,11
38445,araguari,MG,-18.642201383387,-48.1780146003454,248,11
38446,araguari,MG,-18.6610025118682,-48.1809791800025,248,11
38447,araguari,MG,-18.6607822472851,-48.1896091900972,248,11
38460,cascalho rico,MG,-18.6053123124501,-47.8833708955722,866,11
38465,arapora,MG,-18.4336255079502,-49.1856717078416,259,11
38470,grupiara,MG,-18.4972903751487,-47.7229316657611,1475,11
38475,monte alegre de minas,MG,-18.8688509044706,-48.8785465864142,2348,11
38480,tupaciguara,MG,-18.5968445595326,-48.69760298955119,3916,11
38490,indianopolis,MG,-19.0367543759092,-47.918347360411,1662,11
38500,monte carmelo,MG,-18.7325531853542,-47.4963676151199,2360,11
38510,irai de minas,MG,-18.9860546647538,-47.4632510481309,1712,11
38520,romaria,MG,-18.8849564848827,-47.585863571648,3180,11
38525,estrela do sul,MG,-18.7412828902047,-47.7019247814641,1296,11
38540,abadia dos dourados,MG,-18.4744764871361,-47.4078365252738,2,11
38550,coromandel,MG,-18.4762742150029,-47.1968212891646,1062,11
38570,guarda-mor,MG,-17.7693177566434,-47.0982011067016,1522,11
38600,paracatu,MG,-17.2241790239998,-46.8742646324101,2649,11
38610,unai,MG,-16.3638139626051,-46.8953082252789,3953,11
38625,cabeceira grande,MG,-16.0556681767363,-47.1436523586706,605,11
38630,uruana de minas,MG,-16.0597186456695,-46.2552819562974,3969,11
38640,riachinho,MG,-16.2301717723517,-45.9914172587583,3084,11
38650,bonfinopolis de minas,MG,-16.5625276672066,-45.9986358674731,531,11
38660,buritis,MG,-15.627214460091299,-46.426328893985,599,11
38665,serra bonita,MG,-15.2142494894195,-46.8157387450174,3681,11
38680,arinos,MG,-15.920350682439,-46.1077350328415,295,11
38689,chapada gaucha,MG,-15.3000722017694,-45.6260072965667,939,11
38690,formoso,MG,-14.95721674674,-46.2298152358947,1367,11
38700,patos de minas,MG,-18.5951410308788,-46.5186793709878,2712,11
38701,patos de minas,MG,-18.5764075097104,-46.5259859230264,2712,11
38702,patos de minas,MG,-18.571949071218196,-46.5161483078674,2712,11
38703,patos de minas,MG,-18.5768667432176,-46.4947707176844,2712,11
38705,patos de minas,MG,-18.5950289008192,-46.5005075830455,2712,11
38706,patos de minas,MG,-18.6196476177233,-46.5054498097909,2712,11
38720,lagoa formosa,MG,-18.776180444801202,-46.4042172473842,2044,11
38730,guimarania,MG,-18.8449947189738,-46.7952821330447,1535,11
38735,cruzeiro da fortaleza,MG,-18.9533341272891,-46.6737842894823,1127,11
38738,brejo bonito,MG,-21.8513394321701,-50.7145612196318,568,11
38740,patrocinio,MG,-18.9470735468537,-46.9914676479427,2713,11
38741,patrocinio,MG,-18.9675520464589,-47.0006924095594,2713,11
38742,patrocinio,MG,-18.9368740531139,-47.00168811744171,2713,11
38744,patrocinio,MG,-18.9357591745104,-46.9867061624389,2713,11
38745,patrocinio,MG,-18.9255872642397,-46.9667452424225,2713,11
38747,patrocinio,MG,-18.9424315420767,-46.9852114277713,2713,11
38748,patrocinio,MG,-18.9609952481432,-46.9922514808945,2713,11
38749,sao benedito,MG,-18.8391272678164,-46.9467216424667,3402,11
38750,presidente olegario,MG,-18.4124943604467,-46.4169600031754,2995,11
38755,lagoa grande,MG,-17.8390360048158,-46.5182425076967,2045,11
38760,serra do salitre,MG,-19.1112383035765,-46.681695521277,3685,11
38770,joao pinheiro,MG,-17.73200537036,-46.1658873142349,1974,11
38776,luizlandia do oeste,MG,-17.2054054091154,-47.8018406596974,2117,11
38779,brasilandia de minas,MG,-17.0050270055242,-46.0061646639406,555,11
38780,vazante,MG,-17.9872371469665,-46.9038075745619,4021,11
38790,sao goncalo do abaete,MG,-18.3250709361202,-45.7996979349479,3454,11
38794,varjao de minas,MG,-18.3832823130032,-46.0346373380601,4008,11
38800,sao gotardo,MG,-19.3178691609821,-46.0522540062806,3461,11
38810,rio paranaiba,MG,-19.1994237070095,-46.2432189718757,3156,11
38819,rio paranaiba,MG,-19.6769892819432,-51.1889374849519,3156,11
38840,carmo do paranaiba,MG,-18.9983454182286,-46.3093582806933,846,11
38860,arapua,MG,-19.0364162398867,-46.1522510525546,261,11
38870,matutina,MG,-19.2222999224283,-45.9698552385658,2264,11
38880,tiros,MG,-18.9859090567959,-45.9520091143944,3859,11
38900,bambui,MG,-20.0151613165209,-45.9768475640803,370,11
38910,iguatama,MG,-20.1722088685627,-45.71208159060169,1632,11
38930,medeiros,MG,-19.9966312431924,-46.2197615382577,2271,11
38950,ibia,MG,-19.5150391807398,-46.5616082351274,1569,11
38970,campos altos,MG,-19.6967575709551,-46.169855128235,733,11
38990,corrego danta,MG,-19.8245294376959,-45.9060053348314,1074,11
39100,diamantina,MG,-18.2403479427257,-43.6005078626568,1175,11
39113,desembargador otoni,MG,-17.6966099368305,-43.3317807957237,1167,11
39120,gouveia,MG,-18.470813669414,-43.7610136484736,1454,11
39130,datas,MG,-18.4472725748732,-43.6588713705723,1156,11
39135,presidente kubitschek,MG,-18.6189152222525,-43.5739276806084,2991,11
39150,serro,MG,-18.5983637726887,-43.3886446085763,3699,11
39153,sao goncalo do rio das pedras,MG,-18.419473772802,-43.4954187431422,3458,11
39160,santo antonio do itambe,MG,-18.4628986184893,-43.302606661130504,3378,11
39165,serra azul de minas,MG,-18.3625467454967,-43.171136981081,3680,11
39175,pedra menina,MG,-21.3586765062702,-46.1505426358505,2744,11
39180,felicio dos santos,MG,-18.0786793958524,-43.2469760797055,1321,11
39185,sao goncalo do rio preto,MG,-18.0037838931186,-43.3781258982371,3459,11
39190,senador modestino goncalves,MG,-17.9486260591922,-43.2228002380212,3665,11
39200,corinto,MG,-18.365786615134,-44.4544019347888,1057,11
39205,tres marias,MG,-18.2081637031754,-45.22649667095901,3895,11
39207,andrequice,MG,-18.2562299999999,-45.0666199999999,178,11
39210,santo hipolito,MG,-18.2968642754755,-44.2211701863098,3396,11
39230,buenopolis,MG,-17.8746716377878,-44.170437276665,586,11
39237,felixlandia,MG,-18.844510659124,-44.8618978102122,1324,11
39243,inimutaba,MG,-18.7319032395877,-44.3617946740978,1674,11
39248,morro da garca,MG,-18.5430115902751,-44.6018093482142,2386,11
39260,varzea da palma,MG,-17.5980707870851,-44.7486534917106,4013,11
39270,pirapora,MG,-17.3408453958973,-44.93353414497,2859,11
39280,buritizeiro,MG,-17.3645556805352,-44.984647236468,601,11
39290,sao romao,MG,-16.3661928321348,-45.0719530272598,3600,11
39295,santa fe de minas,MG,-16.9454332383261,-45.3233929871491,3270,11
39300,sao francisco,MG,-15.9676071975452,-44.8617649531657,3438,11
39314,chapada gaucha,MG,-15.3137911494506,-45.6096249591904,939,11
39315,urucuia,MG,-16.1249356879717,-45.7407533044551,3976,11
39318,icarai de minas,MG,-16.2151908640601,-44.9081518539911,1606,11
39320,ubai,MG,-16.2898243959636,-44.7827681722511,3933,11
39330,brasilia de minas,MG,-16.2157064285609,-44.4339444479415,558,11
39338,campo azul,MG,-16.5057282940964,-44.8116777978273,714,11
39340,coracao de jesus,MG,-16.6603345726772,-44.3461161505633,1046,11
39350,ibiai,MG,-16.8625423459338,-44.8823009427268,1571,11
39360,lagoa dos patos,MG,-16.9858993467474,-44.5898099144579,2041,11
39363,engenheiro navarro,MG,-17.2849906810971,-43.9499324462064,1254,11
39370,jequitai,MG,-17.2287864049463,-44.4325203984316,1950,11
39378,patis,MG,-16.8649810717118,-44.0683028081643,2708,11
39380,claro dos pocoes,MG,-17.0438362838952,-44.2060841911179,965,11
39387,francisco dumont,MG,-17.3133461461631,-44.232416962536,1383,11
39390,bocaiuva,MG,-17.115212172439,-43.81287036265131,497,11
39398,olhos d'agua,MG,-17.4016038623018,-43.5710054474988,2560,11
39400,montes claros,MG,-16.7219761014537,-43.8629136389447,2372,11
39401,montes claros,MG,-16.7246331240785,-43.8724784420414,2372,11
39402,montes claros,MG,-16.7403236592085,-43.8481662748443,2372,11
39403,montes claros,MG,-16.7527252053576,-43.8718242952099,2372,11
39404,montes claros,MG,-16.702903785611,-43.8317384236698,2372,11
39406,montes claros,MG,-16.7222288548465,-43.8308610253888,2372,11
39408,montes claros,MG,-16.7275734103495,-43.8861295510233,2372,11
39430,sao joao da ponte,MG,-15.9338099017723,-44.0024160898729,3471,11
39440,janauba,MG,-15.8077655819483,-43.3092677463961,1908,11
39442,janauba,MG,-15.801398621104,-43.3103254716757,1908,11
39445,janauba,MG,-15.845261024175,-43.3336477611491,1908,11
39450,varzelandia,MG,-15.7033763816528,-44.0226687727499,4019,11
39455,ibiracatu,MG,-15.6589489270224,-44.1580220520432,1586,11
39460,manga,MG,-14.7536386607175,-43.939654715591,2174,11
39465,miravania,MG,-14.7490847075953,-44.4104368406785,2317,11
39467,juvenilia,MG,-14.2971041934204,-44.1676416851862,2019,11
39470,itacarambi,MG,-15.0966206012546,-44.10259566286269,1741,11
39472,capitao eneas,MG,-16.5434305168829,-43.7462537666116,799,11
39475,sao joao das missoes,MG,-14.8816784929111,-44.0869278432668,3473,11
39480,januaria,MG,-15.483420529424599,-44.3798941555496,1915,11
39490,bonito de minas,MG,-15.3233323909137,-44.7578999147646,534,11
39495,montalvania,MG,-14.416785953121698,-44.3821621582512,2343,11
39500,monte azul,MG,-15.152585076654898,-42.8709809259608,2354,11
39505,gameleiras,MG,-15.0828949644018,-43.119349765958795,1407,11
39508,jaiba,MG,-15.3407999382907,-43.6723321379523,1902,11
39510,espinosa,MG,-14.9236541647904,-42.8130924902558,1279,11
39516,mamonas,MG,-15.0477253318644,-42.9519858075295,2166,11
39518,serranopolis de minas,MG,-15.8095545922571,-42.8713843038934,3695,11
39520,porteirinha,MG,-15.7428281307813,-43.0280696421558,2934,11
39527,mato verde,MG,-15.3931605541257,-42.86084368198849,2257,11
39529,riacho dos machados,MG,-16.0034043448842,-43.0465308116902,3089,11
39530,rio pardo de minas,MG,-15.6178343320753,-42.5421154698023,3158,11
39535,vargem grande do rio pardo,MG,-15.3982625062978,-42.3084155597714,4003,11
39540,sao joao do paraiso,MG,-15.3159284401499,-42.0183416289742,3483,11
39547,montezuma,MG,-15.1713221566627,-42.5003360510427,2373,11
39550,taiobeiras,MG,-15.8122152513403,-42.2270952905721,3779,11
39555,berizal,MG,-15.6203422302439,-41.745892238795,467,11
39558,fruta de leite,MG,-16.1161532065367,-42.5303298028124,1397,11
39560,salinas,MG,-16.1643303485857,-42.2932535014727,3213,11
39563,santa cruz de salinas,MG,-16.0885992886956,-41.7516557422989,3260,11
39565,rubelita,MG,-16.4055818736111,-42.2618834373736,3193,11
39570,grao mogol,MG,-16.5155620061154,-42.8602657216814,1469,11
39573,padre carvalho,MG,-16.347208540874,-42.5310758393732,2608,11
39580,francisco sa,MG,-16.4877640467953,-43.4174996121396,1385,11
39598,cristalia,MG,-16.7190680939021,-42.8650274316347,1111,11
39600,aracuai,MG,-16.8823388039766,-42.0899371112952,240,11
39610,itinga,MG,-16.6075153792868,-41.7709718563025,1842,11
39615,ponto dos volantes,MG,-16.7595187677397,-41.4968122385698,2924,11
39620,medina,MG,-16.2274126545469,-41.4783527727677,2275,11
39623,tuparece,MG,-19.8932373348325,-43.9863046834627,3919,11
39625,itaobim,MG,-16.5583018797456,-41.5031889431564,1783,11
39628,comercinho,MG,-16.2971667876185,-41.7941730652785,1000,11
39630,virgem da lapa,MG,-16.7987568220419,-42.3363136253848,4071,11
39635,coronel murta,MG,-16.6134711720992,-42.1825775742661,1070,11
39640,berilo,MG,-16.9227674102542,-42.4784750111911,466,11
39644,francisco badaro,MG,-17.0100812542392,-42.349958515266,1380,11
39645,jenipapo de minas,MG,-17.0900762664222,-42.2508917636069,1946,11
39648,chapada do norte,MG,-17.0954850368191,-42.5342773262397,937,11
39650,minas novas,MG,-17.2240932517399,-42.5852921292837,2296,11
39660,turmalina,MG,-17.2997498850465,-42.7324102073948,3924,11
39664,mendonca,MG,-21.770599181228,-43.3552302238444,2279,11
39665,carbonita,MG,-17.535583399039,-43.0160204416973,824,11
39670,itamarandiba,MG,-17.8602801716396,-42.8619858709529,1770,11
39680,capelinha,MG,-17.6960810816585,-42.5164573465003,789,11
39688,setubinha,MG,-17.6015619933856,-42.1490459815206,3709,11
39690,malacacheta,MG,-17.8476976970279,-42.0808485867346,2160,11
39700,pecanha,MG,-18.5455860654376,-42.561170211335,2736,11
39703,cantagalo,MG,-18.5305429311211,-42.6228748626263,773,11
39704,sao geraldo do baguari,MG,-20.0743797755741,-42.8206738202898,3452,11
39705,sao joao evangelista,MG,-18.5461681479525,-42.765592398742704,3490,11
39708,frei lagonegro,MG,-18.1688963609884,-42.7670745569998,1392,11
39710,coroaci,MG,-18.6200274237132,-42.2826678589023,1059,11
39715,virgolandia,MG,-18.4746540759246,-42.3096013416545,4074,11
39718,nacip raydan,MG,-18.4557709578572,-42.2491044196069,2422,11
39723,sao geraldo da piedade,MG,-19.161633524255,-42.5042985160317,3451,11
39728,sardoa,MG,-18.781920225896,-42.3672422780681,3637,11
39730,virginopolis,MG,-18.8138679411067,-42.7013622877834,4073,11
39735,divinolandia de minas,MG,-18.7975283178869,-42.606563575139,1189,11
39740,guanhaes,MG,-18.7757651839466,-42.93166199720469,1490,11
39750,sabinopolis,MG,-18.6672471496505,-43.0818025723281,3204,11
39755,materlandia,MG,-18.4728542463229,-43.0594866961183,2249,11
39770,coluna,MG,-18.2320947228803,-42.8398647686665,997,11
39780,santa maria do suacui,MG,-18.1908968609535,-42.4114857982084,3299,11
39795,sao sebastiao do maranhao,MG,-18.088879559908,-42.5700344638374,3612,11
39800,teofilo otoni,MG,-17.8544148300193,-41.5086697745602,3830,11
39801,teofilo otoni,MG,-17.8580653048787,-41.4952792143399,3830,11
39802,teofilo otoni,MG,-17.8714113459226,-41.4996951521291,3830,11
39803,teofilo otoni,MG,-17.8772281686554,-41.5082243511035,3830,11
39804,teofilo otoni,MG,-17.8574540903399,-41.51935392129259,3830,11
39810,carai,MG,-17.1874305698615,-41.6974030907977,810,11
39812,ponto do marambaia,MG,-9.2908883623863,-44.9544228557532,2923,11
39814,pavao,MG,-17.4295880730891,-41.0001799913258,2734,11
39818,padre paraiso,MG,-17.0741401177869,-41.486905377612,2610,11
39820,novo cruzeiro,MG,-17.4600764623971,-41.8854411374772,2533,11
39823,queixada,MG,-17.2758285836923,-42.0149917069177,3028,11
39825,ladainha,MG,-17.6316041238022,-41.7468405133262,2022,11
39827,pote,MG,-17.8050103347859,-41.7875528587077,2964,11
39830,itambacuri,MG,-18.0376094168863,-41.6823682033972,1772,11
39835,campanario,MG,-18.2400032282964,-41.7280553224612,693,11
39837,jampruca,MG,-18.4779282019958,-41.7833636497025,1907,11
39840,frei gaspar,MG,-18.0728211601827,-41.4888775604002,1390,11
39848,sao jose do divino,MG,-18.4801486295945,-41.3871752994575,3519,11
39850,ataleia,MG,-18.0575508511654,-41.1352309726099,330,11
39855,ouro verde de minas,MG,-18.0695724480323,-41.2732843731134,2595,11
39860,nanuque,MG,-17.8440812559543,-40.3491557734718,2424,11
39862,vila pereira,MG,-18.1803500490178,-40.9136433581269,4063,11
39864,carlos chagas,MG,-17.6569980287669,-40.8713126532848,839,11
39868,serra dos aimores,MG,-17.7819069062671,-40.2448472391462,3686,11
39873,machacalis,MG,-17.0768570470765,-40.7181808894035,2138,11
39874,santa helena de minas,MG,-16.9376236650185,-40.6842753440837,3276,11
39875,bertopolis,MG,-17.027409747481,-40.5557614714693,471,11
39878,umburatiba,MG,-17.2617032027674,-40.5927009403725,3950,11
39880,aguas formosas,MG,-17.0822012709795,-40.9391998121642,56,11
39885,crisolita,MG,-17.2601389772467,-41.0068827590559,1104,11
39890,joaima,MG,-16.6691990191536,-41.0254856850353,1965,11
39893,monte formoso,MG,-16.8633370066028,-41.2549254767293,2362,11
39895,felisburgo,MG,-16.6419634086352,-40.7603220238198,1323,11
39900,almenara,MG,-16.176287602159,-40.6930296068419,96,11
39915,mata verde,MG,-15.690291833040002,-40.7384459533342,2246,11
39917,bandeira,MG,-15.885797701961101,-40.5622830184042,374,11
39920,jordania,MG,-15.895090519581299,-40.1881117756954,1980,11
39925,salto da divisa,MG,-16.0054480542141,-39.9545798462588,3220,11
39928,santa maria do salto,MG,-16.2509546368823,-40.1495966647286,3298,11
39930,jacinto,MG,-16.1562069391818,-40.2947099119034,1883,11
39935,santo antonio do jacinto,MG,-16.534602275326,-40.1904646075967,3379,11
39945,palmopolis,MG,-16.7445648262401,-40.4143061131058,2637,11
39950,rubim,MG,-16.3838709956907,-40.5358854699386,3196,11
39960,jequitinhonha,MG,-16.4403361873636,-41.0091851238289,1952,11
39970,pedra azul,MG,-15.994741731063701,-41.2725570469507,2739,11
39980,cachoeira de pajeu,MG,-15.962509184455802,-41.4884032336913,625,11
39990,aguas vermelhas,MG,-15.65536696506,-41.4813962202467,60,11
39995,divisa alegre,MG,-15.7259203782786,-41.3414846034514,1193,11
40010,salvador,BA,-12.970234430296902,-38.5122952652414,3228,5
40015,salvador,BA,-12.964320616587703,-38.4930670118242,3228,5
40020,salvador,BA,-12.9757451581804,-38.5127434257732,3228,5
40040,salvador,BA,-12.9785231835237,-38.5095231200526,3228,5
40050,salvador,BA,-12.9778040047872,-38.5043724674325,3228,5
40055,salvador,BA,-12.971281339037,-38.5010240756297,3228,5
40060,salvador,BA,-12.9825349151048,-38.516976555107,3228,5
40070,salvador,BA,-12.9851463841224,-38.5137148581685,3228,5
40080,salvador,BA,-12.9883021645618,-38.5213053428031,3228,5
40100,salvador,BA,-12.9915512544924,-38.5147985829706,3228,5
40105,salvador,BA,-12.9932232692183,-38.5089150277734,3228,5
40110,salvador,BA,-12.9931856799986,-38.5214563977689,3228,5
40130,salvador,BA,-13.0026287515151,-38.5287078181574,3228,5
40140,salvador,BA,-13.0051180904567,-38.5231276205976,3228,5
40150,salvador,BA,-12.9977914067269,-38.5211026934121,3228,5
40155,salvador,BA,-13.004445893197,-38.5182062760867,3228,5
40157,salvador,BA,-13.0023520261346,-38.5193269296959,3228,5
40170,salvador,BA,-13.0080347461513,-38.5107276100189,3228,5
40210,salvador,BA,-13.0012718660183,-38.5094046264692,3228,5
40220,salvador,BA,-12.9994908173202,-38.4923006476666,3228,5
40221,salvador,BA,-13.0034251350887,-38.4956420160861,3228,5
40226,salvador,BA,-13.0017420805241,-38.513980869245,3228,5
40230,salvador,BA,-12.9969144393258,-38.5029265147511,3228,5
40231,salvador,BA,-12.9964599711997,-38.5044151241276,3228,5
40240,salvador,BA,-12.989133098017998,-38.4994280605334,3228,5
40243,salvador,BA,-12.979401136116103,-38.4974179253507,3228,5
40250,salvador,BA,-12.9791555180208,-38.4905791655556,3228,5
40252,salvador,BA,-12.9815373796422,-38.4915014903929,3228,5
40253,salvador,BA,-12.9821705749271,-38.4874393131932,3228,5
40254,salvador,BA,-12.9806879566046,-38.4891879814286,3228,5
40255,salvador,BA,-12.973807830438401,-38.4961683385149,3228,5
40260,salvador,BA,-12.9733932039859,-38.4926134885701,3228,5
40265,salvador,BA,-12.9746420000258,-38.481081526132506,3228,5
40270,salvador,BA,-12.9712693069013,-38.4878357522301,3228,5
40275,salvador,BA,-12.97889757128,-38.4667664996611,3228,5
40276,salvador,BA,-12.9830605901908,-38.4794894571152,3228,5
40279,salvador,BA,-12.9859706630031,-38.4717245553374,3228,5
40280,salvador,BA,-12.9850818358272,-38.4714063528552,3228,5
40283,salvador,BA,-12.9860961924333,-38.491195678678,3228,5
40285,salvador,BA,-12.988918879886901,-38.4881101991962,3228,5
40286,salvador,BA,-12.9913229115614,-38.4860719239653,3228,5
40290,salvador,BA,-12.9929810505014,-38.4924979045667,3228,5
40295,salvador,BA,-12.9984474380434,-38.4868770692806,3228,5
40296,salvador,BA,-12.9942296408206,-38.480534904929,3228,5
40300,salvador,BA,-12.964585982446701,-38.4956412809061,3228,5
40301,salvador,BA,-12.9656183996153,-38.5013217290929,3228,5
40310,salvador,BA,-12.9594851304787,-38.4813828180216,3228,5
40313,salvador,BA,-12.964075903403,-38.4862568077949,3228,5
40314,salvador,BA,-12.958965750392,-38.4867282525051,3228,5
40315,salvador,BA,-12.9658449892126,-38.4820726989049,3228,5
40320,salvador,BA,-12.958736535443398,-38.4927747021416,3228,5
40323,salvador,BA,-12.957890429428598,-38.4869351033802,3228,5
40325,salvador,BA,-12.950884847172299,-38.4898862373548,3228,5
40330,salvador,BA,-12.9527763097521,-38.4807549115579,3228,5
40335,salvador,BA,-12.9489536458754,-38.4872080548354,3228,5
40340,salvador,BA,-12.95165831711,-38.4832730679023,3228,5
40342,salvador,BA,-12.9501253387821,-38.4842406481386,3228,5
40353,salvador,BA,-12.9440942769441,-38.4739285850306,3228,5
40354,salvador,BA,-12.9457971351617,-38.4779974851202,3228,5
40355,salvador,BA,-12.9257515860111,-38.4804640199228,3228,5
40365,salvador,BA,-12.952546044116,-38.4852721531434,3228,5
40370,salvador,BA,-12.9443147049214,-38.4875977104936,3228,5
40375,salvador,BA,-12.9486627998704,-38.4935577424495,3228,5
40385,salvador,BA,-12.9278774886077,-38.4781333098382,3228,5
40387,salvador,BA,-12.9267267123448,-38.4795022960458,3228,5
40390,salvador,BA,-12.9357393113876,-38.4764031058969,3228,5
40391,salvador,BA,-12.933077175814498,-38.4790305054392,3228,5
40393,salvador,BA,-12.937678917676,-38.4854474008781,3228,5
40411,salvador,BA,-12.9463065960571,-38.5008518384222,3228,5
40414,salvador,BA,-12.932176656517402,-38.5116557871135,3228,5
40415,salvador,BA,-12.926398835151302,-38.507142686173,3228,5
40420,salvador,BA,-12.9171167832688,-38.4979506435149,3228,5
40421,salvador,BA,-12.917335255439403,-38.4962682600425,3228,5
40425,salvador,BA,-12.9281972166716,-38.5133319051583,3228,5
40430,salvador,BA,-12.932058885845999,-38.4976158754002,3228,5
40435,salvador,BA,-12.9269759300374,-38.4921485527481,3228,5
40440,salvador,BA,-12.9293595795878,-38.503457221229,3228,5
40444,salvador,BA,-12.9364456170099,-38.4993288498045,3228,5
40445,salvador,BA,-12.9411730232887,-38.5024495664512,3228,5
40450,salvador,BA,-12.935452738993499,-38.4962024994772,3228,5
40451,salvador,BA,-12.93463877462,-38.4903897453266,3228,5
40455,salvador,BA,-12.9335009027549,-38.5024566324869,3228,5
40460,salvador,BA,-12.9584896522422,-38.502867441646,3228,5
40470,salvador,BA,-12.9143848356116,-38.4830359476027,3228,5
40480,salvador,BA,-12.9202111827703,-38.4767513420493,3228,5
40484,salvador,BA,-12.9103398175199,-38.4747979893151,3228,5
40490,salvador,BA,-12.901266224749,-38.4779070792217,3228,5
40710,salvador,BA,-12.9075251795129,-38.4844768652445,3228,5
40713,salvador,BA,-12.8948743232946,-38.4833613662703,3228,5
40715,salvador,BA,-12.8905862124622,-38.4703058440564,3228,5
40717,salvador,BA,-12.8971160789935,-38.4826801070557,3228,5
40718,salvador,BA,-12.896743043775,-38.4800049104642,3228,5
40720,salvador,BA,-12.8872043355088,-38.4581701056116,3228,5
40725,salvador,BA,-12.8844087328597,-38.473546964009,3228,5
40730,salvador,BA,-12.8920263559704,-38.4593845646003,3228,5
40731,salvador,BA,-12.895628502790197,-38.4387669566953,3228,5
40735,salvador,BA,-12.8936943385162,-38.4771787642378,3228,5
40750,salvador,BA,-12.8799275145307,-38.466757476759,3228,5
40760,salvador,BA,-12.8660274637692,-38.4644292538219,3228,5
40800,salvador,BA,-12.8858546173522,-38.4679014071289,3228,5
40810,salvador,BA,-12.8584658615065,-38.4766636089856,3228,5
41100,salvador,BA,-12.9693879419913,-38.4665390202654,3228,5
41110,salvador,BA,-12.9711431967462,-38.4611188739294,3228,5
41120,salvador,BA,-12.9701501729801,-38.4611990340222,3228,5
41130,salvador,BA,-12.965523937913,-38.4506090238851,3228,5
41150,salvador,BA,-12.9586072881479,-38.4674373226824,3228,5
41152,salvador,BA,-12.9565035366701,-38.4548946943715,3228,5
41180,salvador,BA,-12.9596256452273,-38.4489038461331,3228,5
41181,salvador,BA,-12.9537255896736,-38.4394948834067,3228,5
41185,salvador,BA,-12.946734614994503,-38.4514921622926,3228,5
41190,salvador,BA,-12.9379598659717,-38.4673577669909,3228,5
41192,salvador,BA,-12.9569244117209,-38.4485003241659,3228,5
41194,salvador,BA,-12.962298227534598,-38.4398374088008,3228,5
41195,salvador,BA,-12.9445925974422,-38.4571203610019,3228,5
41197,salvador,BA,-12.9482599381072,-38.4615704731728,3228,5
41200,salvador,BA,-12.9478573203112,-38.4610946636349,3228,5
41204,salvador,BA,-12.9398493198009,-38.4679188923325,3228,5
41205,salvador,BA,-12.9308823960963,-38.4450604729833,3228,5
41207,salvador,BA,-12.9420980017777,-38.4498778846228,3228,5
41210,salvador,BA,-12.9493268961357,-38.448395195913,3228,5
41211,salvador,BA,-12.9469253692551,-38.4432388798414,3228,5
41213,salvador,BA,-12.939061931137802,-38.4383528601568,3228,5
41214,salvador,BA,-12.930435038933,-38.4430434199428,3228,5
41215,salvador,BA,-12.9372242226197,-38.4373398861956,3228,5
41217,salvador,BA,-12.9397998318474,-38.4530946202631,3228,5
41218,salvador,BA,-12.9442305717495,-38.4374952709082,3228,5
41219,salvador,BA,-12.9297942175915,-38.4507788848085,3228,5
41220,salvador,BA,-12.9587471893822,-38.4777462206265,3228,5
41225,salvador,BA,-12.9327112520391,-38.4616501355626,3228,5
41227,salvador,BA,-12.9342128920034,-38.4676216989052,3228,5
41230,salvador,BA,-12.9188153853227,-38.4502638288638,3228,5
41231,salvador,BA,-12.9171771783169,-38.4425431152714,3228,5
41233,salvador,BA,-12.9092199675391,-38.4533123197281,3228,5
41245,salvador,BA,-12.9155148144509,-38.4401401750943,3228,5
41247,salvador,BA,-12.9154652401606,-38.4459282551155,3228,5
41250,salvador,BA,-12.9335780176118,-38.4277508333461,3228,5
41253,salvador,BA,-12.936460498513602,-38.4362042889675,3228,5
41260,salvador,BA,-12.9271277280542,-38.4189573995593,3228,5
41270,salvador,BA,-12.9234389048438,-38.4633460841846,3228,5
41275,salvador,BA,-12.9173251636714,-38.4655730299439,3228,5
41280,salvador,BA,-12.9118962862608,-38.4639696988715,3228,5
41290,salvador,BA,-12.9069310891393,-38.4585355485518,3228,5
41297,salvador,BA,-12.9021471309389,-38.4673492126236,3228,5
41300,salvador,BA,-12.8632912542166,-38.435412252945,3228,5
41306,salvador,BA,-12.9352415558013,-38.4846715900948,3228,5
41308,salvador,BA,-12.8725076968228,-38.4280955780648,3228,5
41310,salvador,BA,-12.893548358972902,-38.4322901990472,3228,5
41311,salvador,BA,-12.8992485908159,-38.4380068737642,3228,5
41315,salvador,BA,-12.9034351115595,-38.4465265042913,3228,5
41320,salvador,BA,-12.9041352810261,-38.4377983126278,3228,5
41321,salvador,BA,-12.903628446974102,-38.433006359597,3228,5
41322,salvador,BA,-12.9031368333654,-38.4298670408905,3228,5
41330,salvador,BA,-12.8999619582172,-38.4212275037392,3228,5
41334,salvador,BA,-12.9477973313117,-38.4429589305007,3228,5
41335,salvador,BA,-12.8941412060732,-38.4211346742194,3228,5
41337,salvador,BA,-12.9235883671118,-38.4335919361367,3228,5
41338,salvador,BA,-12.899636542180698,-38.4145329795221,3228,5
41339,salvador,BA,-12.893569393897502,-38.4078823839476,3228,5
41340,salvador,BA,-12.8940650592865,-38.4087082419168,3228,5
41341,salvador,BA,-12.886019381196,-38.4129078976415,3228,5
41342,salvador,BA,-12.9019879111984,-38.4054023899136,3228,5
41343,salvador,BA,-12.903418952866,-38.4019682737769,3228,5
41345,salvador,BA,-12.9100894136846,-38.4109400937466,3228,5
41350,salvador,BA,-12.9194544537407,-38.4100820226541,3228,5
41370,salvador,BA,-12.9146143029361,-38.4205501234441,3228,5
41385,salvador,BA,-12.9148777211895,-38.4329592094341,3228,5
41386,salvador,BA,-12.9166031764415,-38.4336549661362,3228,5
41387,salvador,BA,-12.9443441772434,-38.4750291649419,3228,5
41390,salvador,BA,-12.9126054613893,-38.4406780705646,3228,5
41480,salvador,BA,-12.9176623931945,-38.3769750069398,3228,5
41490,salvador,BA,-12.9112700206651,-38.3947297081136,3228,5
41500,salvador,BA,-12.917780875118101,-38.3918147169426,3228,5
41502,salvador,BA,-12.899625223066502,-38.355756555394,3228,5
41510,salvador,BA,-12.904636103175102,-38.3675217402361,3228,5
41515,salvador,BA,-12.9295387421721,-38.3741787181076,3228,5
41600,salvador,BA,-12.9355367266337,-38.3394686457442,3228,5
41603,salvador,BA,-12.9267199409776,-38.3206912010723,3228,5
41610,salvador,BA,-12.9430982398866,-38.3661866767885,3228,5
41611,salvador,BA,-12.9346882466244,-38.3651484040317,3228,5
41612,salvador,BA,-12.9467852274559,-38.3755307934186,3228,5
41613,salvador,BA,-12.957505108999502,-38.3948093454314,3228,5
41615,salvador,BA,-12.9404791397292,-38.3726089498568,3228,5
41620,salvador,BA,-12.9446887884983,-38.359523918047,3228,5
41630,salvador,BA,-12.926962774465101,-38.3765093617522,3228,5
41635,salvador,BA,-12.9340487784668,-38.3592596585283,3228,5
41640,salvador,BA,-12.9444792009327,-38.3656061096733,3228,5
41650,salvador,BA,-12.945583525256902,-38.3816860492177,3228,5
41680,salvador,BA,-12.9476772335914,-38.4046622088871,3228,5
41701,salvador,BA,-12.940421241997099,-38.4033019175359,3228,5
41705,salvador,BA,-12.9749289798966,-38.4276173308498,3228,5
41706,salvador,BA,-12.975552698120799,-38.4289993960886,3228,5
41710,salvador,BA,-12.9749728724048,-38.4288972519897,3228,5
41720,salvador,BA,-12.969658191018,-38.4346839860658,3228,5
41730,salvador,BA,-12.935741966012,-38.3768346964681,3228,5
41740,salvador,BA,-12.9622742261873,-38.4101116745449,3228,5
41741,salvador,BA,-12.9682271930028,-38.4154788811235,3228,5
41745,salvador,BA,-12.9400657776451,-38.417899759383396,3228,5
41750,salvador,BA,-12.9835116417737,-38.4376659530249,3228,5
41760,salvador,BA,-12.9919883032943,-38.4460187019282,3228,5
41770,salvador,BA,-12.9829063081076,-38.4474564945179,3228,5
41800,salvador,BA,-12.9873591548119,-38.466597135984,3228,5
41810,salvador,BA,-12.992588169568899,-38.4539682808318,3228,5
41815,salvador,BA,-12.9939501016824,-38.4664607107619,3228,5
41820,salvador,BA,-12.982806089337002,-38.4580862353463,3228,5
41825,salvador,BA,-12.9941869416378,-38.465097124123,3228,5
41830,salvador,BA,-13.0020726199239,-38.463023590819,3228,5
41900,salvador,BA,-13.0117858868355,-38.4715163129477,3228,5
41905,salvador,BA,-13.003383201229,-38.474795607239,3228,5
41906,salvador,BA,-12.9901758516393,-38.4642896810137,3228,5
41920,salvador,BA,-13.0038979827648,-38.480277137007,3228,5
41925,salvador,BA,-12.9995257183147,-38.4748473421722,3228,5
41927,salvador,BA,-12.9839102822055,-38.4742539142115,3228,5
41940,salvador,BA,-13.0099746974261,-38.4864647703944,3228,5
41950,salvador,BA,-13.0092046569509,-38.4948934458752,3228,5
42600,madre de deus,BA,-12.7416793137257,-38.61348183660031,2147,5
42700,lauro de freitas,BA,-12.8837984349598,-38.3137384814594,2070,5
42701,lauro de freitas,BA,-12.8857748856375,-38.3121728424969,2070,5
42702,lauro de freitas,BA,-12.8895425164778,-38.3148497914919,2070,5
42703,lauro de freitas,BA,-12.892639462820801,-38.3238736654655,2070,5
42706,lauro de freitas,BA,-12.8989924978522,-38.3032022843888,2070,5
42707,lauro de freitas,BA,-12.8918413845977,-38.2980581561912,2070,5
42708,lauro de freitas,BA,-12.8835249689275,-38.2978798478443,2070,5
42709,lauro de freitas,BA,-12.8774302530577,-38.295406275431,2070,5
42710,lauro de freitas,BA,-12.874055456125898,-38.2903496709551,2070,5
42711,lauro de freitas,BA,-12.8725035491034,-38.320069021635,2070,5
42717,lauro de freitas,BA,-12.8748403333159,-38.3330189996672,2070,5
42721,lauro de freitas,BA,-12.8882175788801,-38.3385566206631,2070,5
42722,lauro de freitas,BA,-12.886185180962,-38.3415610472912,2070,5
42738,lauro de freitas,BA,-12.893166748087,-38.3378746250941,2070,5
42739,lauro de freitas,BA,-12.895493363387098,-38.3445986436822,2070,5
42800,camacari,BA,-12.701935856389602,-38.3243325716673,674,5
42801,camacari,BA,-12.7132913303719,-38.3136324827113,674,5
42802,camacari,BA,-12.7103690659483,-38.3168694455822,674,5
42803,camacari,BA,-12.7119487223891,-38.3209908004896,674,5
42804,camacari,BA,-12.7177558160301,-38.3278805115756,674,5
42805,camacari,BA,-12.709892510372702,-38.3335077434426,674,5
42806,camacari,BA,-12.7032569529374,-38.3336870014105,674,5
42807,camacari,BA,-12.6942617040894,-38.3331159844292,674,5
42808,camacari,BA,-12.6901299460399,-38.3317172793386,674,5
42809,camacari,BA,-12.6945807672372,-38.3227146953977,674,5
42810,camacari,BA,-12.665028428734297,-38.3059566271703,674,5
42820,monte gordo,BA,-12.6256056670704,-38.0745728367973,2363,5
42835,arembepe,BA,-12.7248446542643,-38.2163896012464,292,5
42840,abrantes,BA,-12.829740573799,-38.2649856931729,12,5
42841,catu de abrantes,BA,-12.8499591401519,-38.2784794909708,894,5
42850,dias d'avila,BA,-12.6133816232933,-38.3010730244,1179,5
43700,simoes filho,BA,-12.7921023853002,-38.3927724486718,3724,5
43805,candeias,BA,-12.6714926439542,-38.5444698542821,752,5
43810,candeias,BA,-12.8930053643848,-38.7567183002468,752,5
43815,candeias,BA,-12.6673866589361,-38.5370788223134,752,5
43820,candeias,BA,-12.6730223213599,-38.5392914164213,752,5
43825,candeias,BA,-12.8554059892591,-38.7164245047094,752,5
43850,sao sebastiao do passe,BA,-12.4998311630643,-38.7529841119862,3614,5
43900,sao francisco do conde,BA,-12.623600946538398,-38.6729687729347,3443,5
44001,feira de santana,BA,-12.2562961324793,-38.9607477662195,1319,5
44002,feira de santana,BA,-12.2532056873473,-38.9676439310889,1319,5
44003,feira de santana,BA,-12.2657397149094,-38.9598435082148,1319,5
44004,feira de santana,BA,-12.2665840165003,-38.9669001386188,1319,5
44005,feira de santana,BA,-12.2678205872117,-38.9721581737795,1319,5
44006,feira de santana,BA,-12.2753135657069,-38.9762373578042,1319,5
44007,feira de santana,BA,-12.2627672828408,-38.9809165356512,1319,5
44008,feira de santana,BA,-12.2518601698614,-38.9712933983002,1319,5
44009,feira de santana,BA,-12.2476033458152,-38.9762150996605,1319,5
44020,feira de santana,BA,-12.2392741837635,-38.9682812410699,1319,5
44021,feira de santana,BA,-12.2418621626337,-38.9727221480262,1319,5
44023,feira de santana,BA,-12.2509479731224,-38.9761959924272,1319,5
44024,feira de santana,BA,-12.2442741321113,-38.9796132312071,1319,5
44030,feira de santana,BA,-12.2203352092734,-38.9963658455478,1319,5
44031,feira de santana,BA,-12.222189443335,-38.9845367804632,1319,5
44032,feira de santana,BA,-12.2248760019689,-38.9717961855758,1319,5
44033,feira de santana,BA,-12.2202475592549,-38.9735105222507,1319,5
44035,feira de santana,BA,-12.1942618943567,-38.988184051016,1319,5
44044,feira de santana,BA,-12.210154650708,-38.9902665476189,1319,5
44050,feira de santana,BA,-12.240493413396,-38.9586785191921,1319,5
44051,feira de santana,BA,-12.2419270686821,-38.9509018128758,1319,5
44052,feira de santana,BA,-12.2446088701748,-38.9437472380797,1319,5
44053,feira de santana,BA,-12.2293910909898,-38.9594714239929,1319,5
44054,feira de santana,BA,-12.2173951710263,-38.959308382118,1319,5
44055,feira de santana,BA,-12.2084524188409,-38.9627489238465,1319,5
44056,feira de santana,BA,-12.224885316085,-38.9496069653279,1319,5
44057,feira de santana,BA,-12.2191028121566,-38.9384004330136,1319,5
44059,feira de santana,BA,-12.204286816472,-38.9451650430294,1319,5
44061,feira de santana,BA,-12.2153840745019,-38.9572636720161,1319,5
44065,feira de santana,BA,-12.2349744644443,-38.9382151709996,1319,5
44066,feira de santana,BA,-12.2312448570922,-38.9350147050074,1319,5
44067,feira de santana,BA,-12.2356256907014,-38.9258316318647,1319,5
44072,feira de santana,BA,-12.2339250912009,-38.9058246551286,1319,5
44075,feira de santana,BA,-12.2534828759663,-38.9512239658478,1319,5
44076,feira de santana,BA,-12.258128439472,-38.9444342571769,1319,5
44077,feira de santana,BA,-12.2625663972953,-38.9404071019104,1319,5
44078,feira de santana,BA,-12.2669612962211,-38.9331059825072,1319,5
44082,feira de santana,BA,-12.259411353024399,-38.9321977818305,1319,5
44085,feira de santana,BA,-12.2482229811145,-38.9205404055162,1319,5
44088,feira de santana,BA,-12.2696141243715,-38.9507304038574,1319,5
44089,feira de santana,BA,-12.267646991616,-38.9434362903555,1319,5
44090,feira de santana,BA,-12.2819567844812,-38.9567388017248,1319,5
44091,feira de santana,BA,-12.2921508726981,-38.9518750999932,1319,5
44092,feira de santana,BA,-12.2993149602801,-38.9521102618638,1319,5
44094,feira de santana,BA,-12.2769896681041,-38.9464877032098,1319,5
44095,feira de santana,BA,-12.2878180412154,-38.9395363939166,1319,5
44096,feira de santana,BA,-12.2952292948477,-38.9173205573604,1319,5
44180,antonio cardoso,BA,-12.4376926840452,-39.1204566153048,200,5
44190,santo estevao,BA,-12.4342115279538,-39.2530625749713,3393,5
44200,santo amaro,BA,-12.5508771106615,-38.7064786513777,3354,5
44220,saubara,BA,-12.7434053337364,-38.7687449230444,3643,5
44230,amelia rodrigues,BA,-12.401074390408303,-38.7544954420378,150,5
44245,conceicao do jacuipe,BA,-12.3196570490804,-38.7745225072456,1015,5
44250,coracao de maria,BA,-12.229142870679,-38.7577940897545,1047,5
44255,irara,BA,-12.0441298999367,-38.7656468168566,1719,5
44280,teodoro sampaio,BA,-12.3040987014038,-38.6407380908656,3828,5
44300,cachoeira,BA,-12.5962610246598,-38.9686357258173,621,5
44320,conceicao da feira,BA,-12.4881284864648,-38.9930341658467,1005,5
44340,muritiba,BA,-12.6224237507404,-38.9894684705415,2413,5
44345,cabaceiras do paraguacu,BA,-12.5618254818023,-39.1815399962197,604,5
44350,governador mangabeira,BA,-12.6011610553405,-39.0458247044274,1459,5
44360,sao felix,BA,-12.6069683353711,-38.9692893645927,3432,5
44380,cruz das almas,BA,-12.6702463825415,-39.1032774673988,1123,5
44400,nazare,BA,-13.024718668171298,-39.0073292613036,2433,5
44420,maragogipe,BA,-12.7818366021008,-38.9158672535591,2197,5
44450,salinas da margarida,BA,-12.8740813551873,-38.7604637461646,3214,5
44460,itaparica,BA,-12.8983244802465,-38.6686838174305,1790,5
44470,vera cruz,BA,-12.9855039504526,-38.6412963747619,4029,5
44500,castro alves,BA,-12.7664789869533,-39.4223907100082,882,5
44530,sapeacu,BA,-12.7314094942426,-39.1874533547125,3627,5
44540,conceicao do almeida,BA,-12.7786572065889,-39.1673177077669,1010,5
44550,sao felipe,BA,-12.846031252009,-39.0898971715677,3431,5
44560,dom macedo costa,BA,-12.906137934124,-39.1920762568925,1207,5
44565,varzedo,BA,-12.9758925697756,-39.3952733205886,4018,5
44570,santo antonio de jesus,BA,-12.973462830007799,-39.2675687940961,3368,5
44571,santo antonio de jesus,BA,-12.967176467651997,-39.2431139170123,3368,5
44572,santo antonio de jesus,BA,-12.9390187294273,-39.2601313084396,3368,5
44573,santo antonio de jesus,BA,-12.9619209162794,-39.2484789821147,3368,5
44574,santo antonio de jesus,BA,-12.9702908500592,-39.2514131402555,3368,5
44580,sao miguel das matas,BA,-13.0476569317624,-39.4543940018494,3566,5
44590,santa teresinha,BA,-12.7457126455033,-39.5203155150308,3323,5
44600,ipira,BA,-12.1545339302038,-39.740460540058,1692,5
44610,pintadas,BA,-11.8124663620345,-39.9070612708149,2836,5
44620,baixa grande,BA,-11.9614726171134,-40.1677890595673,355,5
44630,mairi,BA,-11.7105103692495,-40.1495044269387,2156,5
44640,riachao do jacuipe,BA,-11.8079003645282,-39.3831651139218,3083,5
44642,nova fatima,BA,-11.6081267069969,-39.6304230464376,2482,5
44645,capela do alto alegre,BA,-11.6715535004301,-39.8359574224928,787,5
44670,anguera,BA,-12.1502854588563,-39.2459600930322,187,5
44680,ipecaeta,BA,-12.3114071253755,-39.3095089725572,1686,5
44690,varzea nova,BA,-11.2572774178997,-40.9439268533144,4016,5
44695,capim grosso,BA,-11.3781581251724,-40.0117435165842,792,5
44700,jacobina,BA,-11.185948677999601,-40.5098347739564,1885,5
44710,serrolandia,BA,-11.4187133305807,-40.2923760727682,3700,5
44713,quixabeira,BA,-11.418441272898699,-40.1235722829227,3042,5
44715,varzea do poco,BA,-11.5272585910606,-40.3166148608493,4014,5
44720,miguel calmon,BA,-11.4302324767865,-40.5974356421876,2286,5
44730,caem,BA,-11.1151526367656,-40.3917485462103,638,5
44740,saude,BA,-10.9398386145303,-40.4206114592028,3646,5
44750,caldeirao grande,BA,-11.1075332206444,-40.0704726890732,668,5
44755,ponto novo,BA,-10.875984806034,-40.1280218707723,2925,5
44770,pindobacu,BA,-10.7402033246634,-40.3783340195888,2821,5
44775,filadelfia,BA,-10.7422732184985,-40.1334754079935,1339,5
44780,antonio goncalves,BA,-10.572745326309,-40.2758259379259,202,5
44790,campo formoso,BA,-10.504091563927,-40.3261042027095,722,5
44798,umburanas,BA,-10.7314554139551,-41.3233080311311,3949,5
44800,mundo novo,BA,-11.8721452442342,-40.4824463295104,2405,5
44830,piritiba,BA,-11.7307540593819,-40.555251679022,2873,5
44840,tapiramuta,BA,-11.8476714650607,-40.792519131263,3799,5
44850,morro do chapeu,BA,-11.5480258131885,-41.159166313628,2388,5
44890,canarana,BA,-11.7161382898685,-41.7671590704642,749,5
44892,salobro,BA,-11.8604596528192,-41.7539697592579,3217,5
44895,barro alto,BA,-11.7694884448425,-41.901853481246,426,5
44900,irece,BA,-11.3041644463734,-41.8558050300134,1722,5
44910,america dourada,BA,-11.4553470651794,-41.4579219479555,151,5
44920,joao dourado,BA,-11.3471915408562,-41.6610010099112,1969,5
44930,presidente dutra,BA,-11.296340431489702,-41.9887643456105,2985,5
44940,central,BA,-11.1366984669798,-42.1066642846714,914,5
44950,uibai,BA,-11.3271555854123,-42.1346079996047,3945,5
44960,ibitita,BA,-11.5437431909191,-41.9756783146835,1600,5
44970,ibipeba,BA,-11.6155973245399,-42.0552425828347,1582,5
44990,barra do mendes,BA,-11.815675801014999,-42.0595259873766,407,5
45000,vitoria da conquista,BA,-14.8523193821652,-40.8427474185405,4081,5
45002,vitoria da conquista,BA,-14.8439010463284,-40.8424593965594,4081,5
45003,vitoria da conquista,BA,-14.8419206308711,-40.8340992518114,4081,5
45005,vitoria da conquista,BA,-14.849886723652698,-40.8300888933315,4081,5
45012,vitoria da conquista,BA,-14.85294617022,-40.8057005834884,4081,5
45020,vitoria da conquista,BA,-14.8596497686254,-40.8368889653709,4081,5
45023,vitoria da conquista,BA,-14.8652545494388,-40.8460911602967,4081,5
45026,vitoria da conquista,BA,-14.8720789018216,-40.8356733558717,4081,5
45027,vitoria da conquista,BA,-14.8771572341473,-40.8445578921054,4081,5
45028,vitoria da conquista,BA,-14.861839997901601,-40.8239963588373,4081,5
45029,vitoria da conquista,BA,-14.8747722285353,-40.8110948111967,4081,5
45037,vitoria da conquista,BA,-14.904418037242001,-40.8346404656779,4081,5
45051,vitoria da conquista,BA,-14.8554432733618,-40.85464527269729,4081,5
45052,vitoria da conquista,BA,-14.872331870073,-40.8608235589083,4081,5
45055,vitoria da conquista,BA,-14.8647011005636,-40.8425894758242,4081,5
45065,vitoria da conquista,BA,-14.8735209433646,-40.8580056480885,4081,5
45075,vitoria da conquista,BA,-14.846953377232103,-40.8545413482023,4081,5
45077,vitoria da conquista,BA,-14.859875161404,-40.862239687284,4081,5
45078,vitoria da conquista,BA,-14.8380568228881,-40.8757172524303,4081,5
45120,barra do choca,BA,-14.7928253141058,-40.6252926245659,403,5
45140,itambe,BA,-15.245677323447401,-40.6236686298996,1774,5
45157,candido sales,BA,-15.477954485009798,-41.2457142822099,760,5
45160,belo campo,BA,-15.0371980384013,-41.2605535050462,454,5
45177,caraibas,BA,-14.6975860594493,-41.2658869090466,812,5
45180,anage,BA,-14.611360791492,-41.1363828370985,162,5
45190,planalto,BA,-14.6709528252599,-40.4796489464409,2889,5
45200,jequie,BA,-13.8599979963638,-40.0846683472999,1949,5
45201,jequie,BA,-13.8574648526584,-40.1010840654988,1949,5
45203,jequie,BA,-13.8533540614253,-40.0816841415489,1949,5
45208,jequie,BA,-13.8664088984835,-40.0688655310346,1949,5
45210,jequie,BA,-13.8708538928395,-40.0822380986573,1949,5
45230,itagi,BA,-14.1639958830119,-40.005566423648,1744,5
45260,pocoes,BA,-14.5283048361298,-40.3671572459157,2898,5
45263,bom jesus da serra,BA,-14.3738902933197,-40.5072040914558,512,5
45270,nova canaa,BA,-14.6695741719414,-40.1222804446253,2469,5
45280,iguai,BA,-14.7536434820482,-40.0889145603333,1629,5
45300,amargosa,BA,-13.0279159580355,-39.6016910421967,149,5
45305,elisio medrado,BA,-12.9457543828659,-39.5214198842462,1241,5
45310,ubaira,BA,-13.2668372631193,-39.6676430417277,3934,5
45315,milagres,BA,-12.8701820397326,-39.855021580561,2289,5
45320,santa ines,BA,-13.2927282479043,-39.8189335480016,3277,5
45325,brejoes,BA,-13.1000034395568,-39.8091535944812,574,5
45330,cravolandia,BA,-13.3584118622779,-39.8135528662812,1102,5
45345,jaguaquara,BA,-13.5288913112116,-39.9773188786584,1891,5
45350,itirucu,BA,-13.5331255380148,-40.1512383891427,1845,5
45355,apuarema,BA,-13.8564283884047,-39.7444097670808,223,5
45360,maracas,BA,-13.4393653074093,-40.4333107178407,2195,5
45375,planaltino,BA,-13.3887737038582,-40.3788162243718,2888,5
45400,valenca,BA,-13.3672041914098,-39.0719662526638,3989,5
45416,presidente tancredo neves,BA,-13.4468199624864,-39.4275098835271,2997,5
45420,cairu,BA,-13.4847831834161,-39.025060359103,652,5
45428,morro de sao paulo,BA,-16.7468677390737,-41.474087607727,2387,5
45435,itubera,BA,-13.7350249835093,-39.1469165839903,1851,5
45436,pirai do norte,BA,-13.7655524724736,-39.3773110882247,2847,5
45443,igrapiuna,BA,-13.8227874648062,-39.1421882544921,1625,5
45445,camamu,BA,-13.9498922308556,-39.1116693575806,676,5
45450,gandu,BA,-13.7447801306037,-39.4866156520601,1408,5
45455,itamari,BA,-13.7795431837267,-39.6848542743481,1771,5
45460,wenceslau guimaraes,BA,-13.6708201832672,-39.4991900580684,4096,5
45465,teolandia,BA,-13.2472989269414,-39.4071994892363,3831,5
45470,jiquirica,BA,-13.2568377442304,-39.5717496137518,1963,5
45480,mutuipe,BA,-13.2282999400416,-39.5062958614483,2417,5
45530,itacare,BA,-14.2796960545805,-38.99380002052029,1742,5
45534,taboquinhas,BA,-14.2779521026311,-38.9953741471734,3768,5
45540,gongogi,BA,-14.3241737236193,-39.466175284903,1453,5
45545,ubaitaba,BA,-14.3116055078015,-39.3184379009181,3935,5
45550,ubata,BA,-14.2136250601207,-39.5229548715734,3938,5
45570,ipiau,BA,-14.13425636332,-39.736287975736,1690,5
45580,ibirataia,BA,-14.0679139529842,-39.6399125847543,1594,5
45585,itagiba,BA,-14.2641545478856,-39.8338303832204,1745,5
45590,dario meira,BA,-14.4325701249363,-39.9045785381902,1155,5
45600,itabuna,BA,-14.7933652933306,-39.2784592198803,1740,5
45601,itabuna,BA,-14.8151893977654,-39.3026398770522,1740,5
45602,itabuna,BA,-14.7871107632429,-39.2839126314074,1740,5
45603,itabuna,BA,-14.781825151755,-39.2727719404443,1740,5
45604,itabuna,BA,-14.7764148740429,-39.2657672488184,1740,5
45605,itabuna,BA,-14.7953171304078,-39.2709232922928,1740,5
45606,itabuna,BA,-14.8047653779073,-39.265687640616,1740,5
45607,itabuna,BA,-14.8112265552315,-39.2749138662839,1740,5
45608,itabuna,BA,-14.8127673402397,-39.2806510652335,1740,5
45611,itabuna,BA,-14.8113475578086,-39.3013338792614,1740,5
45613,itabuna,BA,-14.8273905189952,-39.3145826367346,1740,5
45615,buerarema,BA,-14.9578013367206,-39.3034264754483,588,5
45620,sao jose da vitoria,BA,-15.0840107487446,-39.3395612031221,3509,5
45622,jussari,BA,-14.5970557482894,-39.8478271807123,2016,5
45625,barro preto,BA,-14.8088853445553,-39.4732712874645,427,5
45630,itajuipe,BA,-14.6749351067874,-39.376343495226,1767,5
45638,coaraci,BA,-14.6359234376793,-39.5547247560764,970,5
45645,itapitanga,BA,-14.4269047955951,-39.5656741240648,1812,5
45650,ilheus,BA,-14.7961853512295,-39.0427843199564,1641,5
45651,ilheus,BA,-14.7859448472034,-39.0466821941075,1641,5
45652,ilheus,BA,-14.790230862035802,-39.0351885786111,1641,5
45653,ilheus,BA,-14.7991502264181,-39.0340671015593,1641,5
45654,ilheus,BA,-14.8116791306364,-39.0325150834313,1641,5
45655,ilheus,BA,-14.822844251231098,-39.0319089501505,1641,5
45656,ilheus,BA,-14.822631477407198,-39.0342295466264,1641,5
45657,ilheus,BA,-14.7965559961911,-39.0597157285566,1641,5
45658,ilheus,BA,-14.778697541236102,-39.0573260689503,1641,5
45661,ilheus,BA,-14.790686534741,-39.0585197804678,1641,5
45662,ilheus,BA,-14.8051378487035,-39.039484120196,1641,5
45680,urucuca,BA,-14.5905205751885,-39.285934813859,3974,5
45690,una,BA,-15.2880283972913,-39.0791589222631,3952,5
45695,arataca,BA,-15.2615490876676,-39.4167152306624,274,5
45700,itapetinga,BA,-15.2508759048579,-40.2442401037695,1801,5
45710,itororo,BA,-15.1104145049155,-40.0670707633264,1848,5
45730,itaju do colonia,BA,-15.1507170437059,-39.6829097439346,1765,5
45745,ibicarai,BA,-14.8649719953513,-39.5907874638238,1577,5
45750,itape,BA,-14.8956769919644,-39.425319188211,1791,5
45770,maiquinique,BA,-15.6255235921059,-40.2637645801853,2155,5
45780,itarantim,BA,-15.6545448278781,-40.0635505760877,1827,5
45790,potiragua,BA,-15.6292311677894,-39.7959698135635,2967,5
45800,belmonte,BA,-15.8612646218464,-38.8787931817683,453,5
45807,santa cruz cabralia,BA,-16.2503702242118,-39.0415502515474,3254,5
45810,porto seguro,BA,-16.4320270978557,-39.0756286722817,2956,5
45816,arraial d'ajuda (porto seguro),BA,-16.400187212609,-39.262746914036,305,5
45818,trancoso,BA,-16.5818267491527,-39.136344626899,3881,5
45820,eunapolis,BA,-16.3752160386919,-39.5875514115942,1302,5
45821,eunapolis,BA,-16.3654770617746,-39.5887145450419,1302,5
45822,eunapolis,BA,-16.3583470622615,-39.5870529961497,1302,5
45823,eunapolis,BA,-16.3390318849804,-39.5780633868469,1302,5
45828,eunapolis,BA,-16.3687590308701,-39.57323815121,1302,5
45830,eunapolis,BA,-16.3811161156843,-39.5725091530736,1302,5
45834,jucurucu,BA,-16.8410607534482,-40.1443472863777,1992,5
45836,itamaraju,BA,-17.0369457220439,-39.5345417447886,1769,5
45840,guaratinga,BA,-16.5839568403019,-39.7814969342,1519,5
45848,itabela,BA,-16.5768923510118,-39.5600758189199,1732,5
45850,itagimirim,BA,-16.0884618611078,-39.6143660665792,1746,5
45860,canavieiras,BA,-15.6735961720034,-38.9493049541442,750,5
45870,mascote,BA,-15.5884277836361,-39.3729308572716,2239,5
45880,camacan,BA,-15.414350130540702,-39.4955937120977,673,5
45890,pau brasil,BA,-15.4646976899575,-39.653038457869,2718,5
45900,caravelas,BA,-17.7067656686252,-39.3101288089591,822,5
45910,alcobaca,BA,-17.4978039981273,-39.2623528896263,77,5
45920,nova vicosa,BA,-17.8983581823624,-39.3736304984261,2526,5
45928,posto da mata,BA,-17.8864499993685,-39.8616981085646,2963,5
45930,mucuri,BA,-18.071603357754,-39.5683708308077,2403,5
45936,itabatan,BA,-14.7538135916408,-39.2394249761802,1731,5
45940,ibirapua,BA,-17.6867040493203,-40.1083051264058,1592,5
45955,vereda,BA,-17.2564167190346,-40.0207052710325,4033,5
45960,medeiros neto,BA,-17.375406123452,-40.2223640199196,2272,5
45970,itanhem,BA,-17.1531072689634,-40.3324211887231,1781,5
45972,ibiraja,BA,-17.1717547587076,-40.2536927629147,1590,5
45980,prado,BA,-17.3284712440478,-39.2248014340569,2974,5
45985,teixeira de freitas,BA,-17.5093911927379,-39.7721756946371,3820,5
45986,teixeira de freitas,BA,-17.4630442015256,-39.8261545227919,3820,5
45987,teixeira de freitas,BA,-17.534885639511,-39.7344254997434,3820,5
45988,teixeira de freitas,BA,-17.5297882615283,-39.715451563989,3820,5
45990,teixeira de freitas,BA,-17.5441766863264,-39.7275688798712,3820,5
45991,teixeira de freitas,BA,-17.5479321381278,-39.7478991256946,3820,5
45992,teixeira de freitas,BA,-17.5468790760773,-39.743290000424,3820,5
45993,teixeira de freitas,BA,-17.5419897189835,-39.7526854223042,3820,5
45994,teixeira de freitas,BA,-17.5334607176557,-39.7590294459971,3820,5
46100,brumado,BA,-14.205460464439598,-41.6711120568208,583,5
46130,aracatu,BA,-14.4177424919735,-41.4498936570018,232,5
46140,livramento de nossa senhora,BA,-13.6705314052451,-41.8711276447483,2097,5
46165,dom basilio,BA,-13.776497629443702,-41.7690353104003,1202,5
46170,rio de contas,BA,-13.5700785606909,-41.8058144930411,3130,5
46180,erico cardoso,BA,-13.4192490226432,-42.1297383996076,1266,5
46190,paramirim,BA,-13.453317809537998,-42.2395048641349,2667,5
46200,condeuba,BA,-14.899946084553,-41.969844079049,1027,5
46220,rio do antonio,BA,-14.4041033597235,-42.0776218392207,3135,5
46225,ibitira,BA,-14.2059435357858,-42.1162607320368,1599,5
46250,presidente janio quadros,BA,-14.6857489365689,-41.6804291200474,2988,5
46270,piripa,BA,-14.9431916506379,-41.7178504477635,2871,5
46280,cordeiros,BA,-15.0392520051685,-41.9343252983463,1051,5
46300,cacule,BA,-14.501217587397,-42.2231406799651,637,5
46310,jacaraci,BA,-14.8433447069557,-42.4249189570578,1874,5
46350,urandi,BA,-14.7684155715763,-42.6558492447229,3964,5
46360,pindai,BA,-14.4881504979187,-42.6851077014182,2817,5
46390,ibiassuce,BA,-14.2713631045304,-42.257055285315,1576,5
46400,caetite,BA,-14.0640011962676,-42.4875876306961,642,5
46425,lagoa real,BA,-14.0362420954656,-42.1415039470599,2047,5
46430,guanambi,BA,-14.2232071972868,-42.7833977000347,1489,5
46445,carinhanha,BA,-14.2946978035829,-43.7704794300339,831,5
46470,riacho de santana,BA,-13.6116422267145,-42.936752976163,3087,5
46490,igapora,BA,-13.7756380247604,-42.7140835347774,1616,5
46500,macaubas,BA,-13.0203237008198,-42.6928672971825,2135,5
46530,boquira,BA,-12.7968521887057,-42.7113088984331,537,5
46540,ibipitanga,BA,-12.8803918363497,-42.4871069738526,1583,5
46550,rio do pires,BA,-13.1247217300235,-42.2865301897142,3138,5
46560,ibiajara,BA,13.0014201735552,-23.5839390751943,1572,5
46570,botupora,BA,-13.379246877494,-42.5223110987563,546,5
46575,caturama,BA,-13.3312759127864,-42.2935289703945,896,5
46580,tanque novo,BA,-13.5486732672233,-42.4949804859237,3791,5
46600,tanhacu,BA,-14.0595022953653,-41.2349974166695,3789,5
46640,ituacu,BA,-13.815446239017,-41.2988489911451,1850,5
46650,barra da estiva,BA,-13.6273036177755,-41.3276424361951,395,5
46670,jussiape,BA,-13.5147817390675,-41.5931595246281,2017,5
46690,abaira,BA,-13.2506123716244,-41.6638817558062,7,5
46700,ibitiara,BA,-12.6206038691189,-42.2364830239943,1597,5
46740,boninal,BA,-12.7093131250483,-41.830256238939,532,5
46750,mucuge,BA,-13.0087896974378,-41.3741085950828,2402,5
46760,ibicoara,BA,-13.3870545586876,-41.3176657090565,1579,5
46765,piata,BA,-13.1106495677318,-41.6887014474478,2799,5
46770,iramaia,BA,-13.2937085863723,-40.957560340136,1713,5
46800,ruy barbosa,BA,-12.283351491742698,-40.4985888983121,3199,5
46810,utinga,BA,-12.080262780117101,-41.0956182653826,3984,5
46820,bonito,BA,-11.9689754355541,-41.2665485580868,533,5
46830,andarai,BA,-12.7878711136697,-41.2912320965912,170,5
46835,nova redencao,BA,-12.8161305099824,-41.0697480028279,2511,5
46860,iacu,BA,-12.7712176299327,-40.2098717811214,1558,5
46875,itatim,BA,-12.7099991770875,-39.6983590504379,1835,5
46880,itaberaba,BA,-12.52611020366,-40.3079583951263,1734,5
46900,seabra,BA,-12.4190562807666,-41.7721122118039,3651,5
46930,palmeiras,BA,-12.516888091018,-41.5776800172308,2631,5
46960,lencois,BA,-12.5497713767448,-41.3841778018702,2079,5
46970,wagner,BA,-12.2828625393808,-41.1676985907094,4093,5
46980,iraquara,BA,-12.2465948995482,-41.6030706637475,1718,5
47100,barra,BA,-11.0914266181716,-43.1454514422398,393,5
47115,muquem do sao francisco,BA,-12.1147856026599,-43.5530546987918,2409,5
47120,buritirama,BA,-10.7150859417271,-43.6342828669913,598,5
47160,mansidao,BA,-10.7195091502373,-44.0347084919945,2182,5
47200,remanso,BA,-9.62089146831196,-42.0814729132228,3070,5
47220,campo alegre de lourdes,BA,-9.5123604812141,-43.0233216049462,711,5
47240,pilao arcado,BA,-9.99689803362213,-42.4853681056005,2811,5
47300,casa nova,BA,-9.17738807983407,-40.9813029758336,864,5
47310,santana do sobrado,BA,-2.55810643738659,-35.1590275227193,3349,5
47350,sento se,BA,-9.74337291297603,-41.8692998596193,3672,5
47400,xique-xique,BA,-10.823373418772,-42.7271297597676,4108,5
47440,itaguacu da bahia,BA,-11.0092879260071,-42.3989683967559,1748,5
47450,gentio do ouro,BA,-11.4303974470675,-42.5055328190905,1426,5
47520,ibotirama,BA,-12.1739548209369,-43.2147805958128,1603,5
47530,oliveira dos brejinhos,BA,-12.315531502909,-42.8834608374218,2565,5
47560,brotas de macaubas,BA,-12.007079224288,-42.6197670573623,581,5
47580,morpara,BA,-11.5641515182599,-43.27671953865,2380,5
47590,ipupiara,BA,-11.8196792067122,-42.6159648599075,1708,5
47600,bom jesus da lapa,BA,-13.2560140198787,-43.4098758115497,510,5
47630,serra do ramalho,BA,-13.5243363876939,-43.6074413255708,3684,5
47640,santa maria da vitoria,BA,-13.3890632387124,-44.2005574049695,3293,5
47650,correntina,BA,-13.3506115591275,-44.6490345173107,1079,5
47665,sao felix do coribe,BA,-13.4031642333754,-44.1947212757859,3435,5
47680,cocos,BA,-14.1803737769366,-44.5353398974262,977,5
47690,coribe,BA,-13.8252043292066,-44.4538878364605,1056,5
47700,santana,BA,-12.9807689521625,-44.0497439298972,3331,5
47730,canapolis,BA,-13.0759815069797,-44.2019611327694,748,5
47740,serra dourada,BA,-12.759336072245,-43.9469306051287,3688,5
47750,brejolandia,BA,-12.4847970998893,-43.961172580152,575,5
47760,tabocas do brejo velho,BA,-12.6235237803351,-44.061774760534696,3767,5
47800,barreiras,BA,-12.1447456946471,-44.9912368058631,420,5
47801,barreiras,BA,-12.1396282580829,-44.9890755711134,420,5
47802,barreiras,BA,-12.1476967389205,-44.9849011605785,420,5
47806,barreiras,BA,-12.149248224656498,-44.9946356044561,420,5
47808,barreiras,BA,-12.1506692784064,-45.000173644928,420,5
47810,barreiras,BA,-12.1368780777826,-45.00973585261,420,5
47813,barreiras,BA,-12.1779243054633,-44.6607105164942,420,5
47820,sao desiderio,BA,-12.4005737392283,-45.0165816548474,3424,5
47830,baianopolis,BA,-12.3057396412942,-44.5388124087167,354,5
47850,luis eduardo magalhaes,BA,-12.092512976501,-45.8069267267644,2112,5
47900,cotegipe,BA,-11.9866195319755,-44.2576930717594,1092,5
47940,wanderley,BA,-12.121378047809,-43.8895382171717,4094,5
47950,cristopolis,BA,-12.2344680716559,-44.4100200325766,1116,5
47960,angical,BA,-12.0063844272856,-44.69816262699,182,5
47970,riachao das neves,BA,-11.7497591831211,-44.9097221555502,3082,5
47990,formosa do rio preto,BA,-11.01703323659,-45.258250238924,1366,5
48005,alagoinhas,BA,-12.1402102869627,-38.4223045041378,73,5
48010,alagoinhas,BA,-12.1323901169214,-38.4214713531803,73,5
48011,alagoinhas,BA,-12.1235041081664,-38.4165670067676,73,5
48020,alagoinhas,BA,-12.132605820412001,-38.4155601945892,73,5
48030,alagoinhas,BA,-12.1374914255154,-38.4051863812583,73,5
48031,alagoinhas,BA,-12.1469712818271,-38.4210922634723,73,5
48040,alagoinhas,BA,-12.1453210364693,-38.4210860919976,73,5
48051,alagoinhas,BA,-12.1512204856818,-38.4277760868941,73,5
48060,alagoinhas,BA,-12.141402918542,-38.4382474234235,73,5
48070,alagoinhas,BA,-12.1341819831312,-38.4388190318055,73,5
48071,alagoinhas,BA,-12.1312606307713,-38.4395096893048,73,5
48080,alagoinhas,BA,-12.1306239726879,-38.4337702979665,73,5
48110,catu,BA,-12.3638409937834,-38.3818688884631,893,5
48120,pojuca,BA,-12.4254498909801,-38.3273645130802,2902,5
48130,aramari,BA,-12.0913306307412,-38.5003316145126,250,5
48140,pedrao,BA,-12.146156745779,-38.6438269743526,2748,5
48180,entre rios,BA,-11.9459789776419,-38.0822356466142,1258,5
48280,mata de sao joao,BA,-12.5268441374547,-38.2631204133272,2243,5
48300,conde,BA,-11.8155269153773,-37.6178546537568,1026,5
48310,jandaira,BA,-11.5640531342572,-37.7829200514857,1911,5
48330,rio real,BA,-11.4864525092919,-37.93204310505,3162,5
48355,itamira,BA,-13.4688355351923,-39.2402598958553,1775,5
48360,acajutiba,BA,-11.6634955766939,-38.0238527061442,17,5
48370,esplanada,BA,-11.7970634774937,-37.9476466876589,1282,5
48400,ribeira do pombal,BA,-10.8555880151522,-38.5364766959522,3095,5
48405,banzae,BA,-10.5851667811126,-38.6184618955887,379,5
48410,cicero dantas,BA,-10.5930720918972,-38.3849928884343,957,5
48415,fatima,BA,-10.595309591903,-38.2130062075983,1311,5
48430,paripiranga,BA,-10.6805024964941,-37.8659960086597,2689,5
48435,adustina,BA,-10.5366169013167,-38.1149205338593,29,5
48440,ribeira do amparo,BA,-10.9980301963243,-38.4033005084829,3094,5
48445,heliopolis,BA,-10.6780413920876,-38.2827742057925,1539,5
48450,cipo,BA,-11.1004536138288,-38.5162075627798,962,5
48460,nova soure,BA,-11.240560274738,-38.4811120187412,2520,5
48470,olindina,BA,-11.3630021733765,-38.3294388070262,2563,5
48475,itapicuru,BA,-11.3099483800959,-38.2195161224975,1805,5
48480,crisopolis,BA,-11.5103503678652,-38.1514773809092,1105,5
48485,satiro dias,BA,-11.6050146066574,-38.5830938190747,3640,5
48490,inhambupe,BA,-11.7880638843101,-38.3553660117261,1668,5
48500,euclides da cunha,BA,-10.5066477818472,-39.0117823613526,1298,5
48520,canudos,BA,-9.89997094082648,-39.033493938741,776,5
48540,jeremoabo,BA,-9.95380552158245,-38.6714365514204,1953,5
48565,sitio do quinto,BA,-10.3597847812777,-38.1788944185695,3732,5
48570,santa brigida,BA,-9.73456862499412,-38.1269605891407,3247,5
48590,coronel joao sa,BA,-10.2862445732729,-37.9266780366109,1067,5
48601,paulo afonso,BA,-9.40439376476688,-38.2202967943721,2729,5
48602,bahia,BA,-9.40446776734405,-38.2223374988618,353,5
48603,paulo afonso,BA,-9.4089427141641,-38.2295942628592,2729,5
48604,paulo afonso,BA,-9.39262327657206,-38.2389195046265,2729,5
48605,paulo afonso,BA,-9.39753512553691,-38.2263169333816,2729,5
48606,paulo afonso,BA,-9.39258879868294,-38.2101681552233,2729,5
48607,paulo afonso,BA,-9.39580478376683,-38.218861219171,2729,5
48608,paulo afonso,BA,-9.40282556060419,-38.21361292848,2729,5
48609,paulo afonso,BA,-9.43110989051638,-38.2174432485069,2729,5
48610,paulo afonso,BA,-9.44149199276727,-38.2231906232967,2729,5
48630,rodelas,BA,-8.85970381421728,-38.762902411426,3175,5
48660,chorrocho,BA,-8.95277823380826,-39.080199659836,954,5
48668,barra do tarrachil,BA,-13.0091011778052,-38.5259789872692,411,5
48680,abare,BA,-8.6958257610795,-39.1555267107371,8,5
48700,serrinha,BA,-11.6617597363315,-39.0052364638624,3697,5
48705,barrocas,BA,-11.5314222325544,-39.0775949350105,428,5
48710,candeal,BA,-11.8074058554672,-39.1197942146992,751,5
48720,lamarao,BA,-11.7956499024328,-38.8836509414597,2060,5
48725,ichu,BA,-11.7478663782303,-39.1923564758369,1610,5
48730,conceicao do coite,BA,-11.5702691997217,-39.2794274451351,1014,5
48750,retirolandia,BA,-11.4935207076458,-39.4236740167858,3081,5
48760,araci,BA,-11.3352608622576,-38.9619471841527,235,5
48770,teofilandia,BA,-11.487049341439098,-38.995289407745,3829,5
48780,biritinga,BA,-11.6210673703974,-38.8079780911051,480,5
48790,tucano,BA,-10.9704372516047,-38.7890716232607,3907,5
48793,caldas do jorro,BA,-11.0277801399039,-38.791894904061,666,5
48800,monte santo,BA,-10.4389056322899,-39.3316601570839,2365,5
48830,quijingue,BA,-10.7532868464099,-39.2088462151292,3033,5
48840,cansancao,BA,-10.6693923667273,-39.4976475550393,772,5
48850,itiuba,BA,-10.6925059143993,-39.8530313863081,1846,5
48860,queimadas,BA,-10.977524383139,-39.6271830217011,3025,5
48880,santaluz,BA,-11.253532986527299,-39.3776619825496,3330,5
48890,valente,BA,-11.4109078847552,-39.4627977757343,3991,5
48895,sao domingos,BA,-11.463225794090699,-39.5265664534528,3425,5
48900,juazeiro,BA,-9.43235413736136,-40.5021639007522,1989,5
48901,juazeiro,BA,-9.43316562466291,-40.5125686085331,1989,5
48903,juazeiro,BA,-9.41275619684721,-40.5014427286976,1989,5
48904,juazeiro,BA,-9.42057795205985,-40.4994596410097,1989,5
48905,juazeiro,BA,-9.42420516331807,-40.4940666914396,1989,5
48906,juazeiro,BA,-9.4332134455404,-40.4961203502535,1989,5
48909,juazeiro,BA,-9.44059448453171,-40.5048521937099,1989,5
48913,juazeiro,BA,-9.44741009352949,-40.5026747655236,1989,5
48914,juazeiro,BA,-9.4508957543212,-40.4942911672928,1989,5
48922,carnaiba do sertao,BA,-9.58927158227109,-40.4254455110649,852,5
48925,sobradinho,BA,-9.47069949973932,-40.8122169512153,3735,5
48930,curaca,BA,-8.97325597420057,-39.8851449228775,1142,5
48950,uaua,BA,-9.84147741598351,-39.4791593925461,3931,5
48967,nucleo residencial pilar,BA,-10.3336141698447,-40.1515249013005,2549,5
48970,senhor do bonfim,BA,-10.4623416035803,-40.1837669868958,3669,5
48990,andorinha,BA,-10.3447021611619,-39.8306187626692,173,5
49000,aracaju,SE,-11.0091003715249,-37.077123757305,229,25
49004,aracaju,SE,-11.0691713191784,-37.1218489285897,229,25
49008,aracaju,SE,-11.0958569329677,-37.1395506672092,229,25
49010,aracaju,SE,-10.9124506875573,-37.0534345312249,229,25
49015,aracaju,SE,-10.9224066500656,-37.0508528094378,229,25
49020,aracaju,SE,-10.9302428511579,-37.0516908095051,229,25
49025,aracaju,SE,-10.938410731142998,-37.0571486418922,229,25
49026,aracaju,SE,-10.9465697485996,-37.0572392712849,229,25
49027,aracaju,SE,-10.9416209886002,-37.063576719752,229,25
49030,aracaju,SE,-10.9716215425743,-37.0673408581226,229,25
49032,aracaju,SE,-10.9701929184363,-37.0558767299005,229,25
49035,aracaju,SE,-10.9714426881859,-37.0457236512298,229,25
49037,aracaju,SE,-10.9910930253843,-37.0606726416181,229,25
49038,aracaju,SE,-10.9952900400447,-37.0782437093208,229,25
49040,aracaju,SE,-10.9521821346268,-37.0718992222866,229,25
49042,aracaju,SE,-10.9709289677238,-37.0809831695135,229,25
49043,aracaju,SE,-10.9657821539055,-37.0902330714334,229,25
49045,aracaju,SE,-10.9322145186293,-37.0660677220016,229,25
49047,aracaju,SE,-10.939550345445,-37.0745522794398,229,25
49048,aracaju,SE,-10.9421608800024,-37.0709537839463,229,25
49050,aracaju,SE,-10.926518032378,-37.0635379267532,229,25
49052,aracaju,SE,-10.919017101170601,-37.0639136177477,229,25
49055,aracaju,SE,-10.913110813044,-37.0617440450815,229,25
49060,aracaju,SE,-10.8986522777398,-37.0614419800004,229,25
49063,aracaju,SE,-10.886335918704,-37.0624765290385,229,25
49065,aracaju,SE,-10.8973850221129,-37.0532430734275,229,25
49066,aracaju,SE,-10.8926194503253,-37.0530143937773,229,25
49070,aracaju,SE,-10.9022257610996,-37.0755376975635,229,25
49072,aracaju,SE,-10.901509863214,-37.0691099319774,229,25
49075,aracaju,SE,-10.9150915555753,-37.0725896155333,229,25
49080,aracaju,SE,-10.9174185864242,-37.0803962682207,229,25
49082,aracaju,SE,-10.911327927936,-37.082550183617,229,25
49085,aracaju,SE,-10.9066423477397,-37.0813412872308,229,25
49087,aracaju,SE,-10.8945476497553,-37.0818557140536,229,25
49089,aracaju,SE,-10.9742077653413,-37.1114727229295,229,25
49090,aracaju,SE,-10.895664917664,-37.0955819784986,229,25
49092,aracaju,SE,-10.9443466116656,-37.1086493850216,229,25
49095,aracaju,SE,-10.940341097961099,-37.0817740515829,229,25
49096,aracaju,SE,-10.9147987993845,-37.0848447980009,229,25
49097,aracaju,SE,-10.9336596405287,-37.0788494090321,229,25
49100,sao cristovao,SE,-10.9594785655605,-37.1516454857145,3422,25
49120,itaporanga d'ajuda,SE,-11.0213793213127,-37.3240674045887,1818,25
49130,riachuelo,SE,-10.7314207449319,-37.1868873413323,3090,25
49140,barra dos coqueiros,SE,-10.9105460013178,-37.0285230022763,413,25
49160,nossa senhora do socorro,SE,-10.8645892922496,-37.095792392971894,2456,25
49180,santo amaro das brotas,SE,-10.7874069827933,-37.0525650997914,3356,25
49190,pirambu,SE,-10.7389156179874,-36.8568245971891,2852,25
49200,estancia,SE,-11.2597748866155,-37.4357140781077,1285,25
49250,indiaroba,SE,-11.5225964497764,-37.5090013702828,1665,25
49260,umbauba,SE,-11.381418773934803,-37.6609772201141,3948,25
49270,cristinapolis,SE,-11.4770310754565,-37.755925805326,1115,25
49280,tomar do geru,SE,-11.3745914555649,-37.8402409080067,3866,25
49290,itabaianinha,SE,-11.2748050254318,-37.7907953809751,1730,25
49300,tobias barreto,SE,-11.1846110106973,-38.0012569029027,3860,25
49400,lagarto,SE,-10.9161786962847,-37.6716189554346,2024,25
49480,simao dias,SE,-10.7405528731327,-37.8068571573016,3722,25
49490,poco verde,SE,-10.7151336903944,-38.1750855692691,2897,25
49500,itabaiana,SE,-10.6860327243884,-37.4275480187844,1729,25
49506,itabaiana,SE,-10.6898964803354,-37.4348900912308,1729,25
49507,itabaiana,SE,-10.7098928694283,-37.4266698510689,1729,25
49509,itabaiana,SE,-10.6809580686983,-37.4316960586256,1729,25
49517,pinhao,SE,-10.568307747136,-37.7234170916446,2831,25
49520,campo do brito,SE,-10.7503943500956,-37.4932301398306,717,25
49530,ribeiropolis,SE,-10.5380543480053,-37.4359662609368,3111,25
49535,sao miguel do aleixo,SE,-10.3860747580581,-37.3787858906477,3567,25
49565,macambira,SE,-10.6652178729146,-37.5421872471439,2129,25
49570,malhador,SE,-10.6585743701711,-37.3073070326087,2161,25
49600,nossa senhora das dores,SE,-10.4643566428723,-37.2108064663569,2451,25
49680,nossa senhora da gloria,SE,-10.2319304460722,-37.4129859277849,2450,25
49690,monte alegre de sergipe,SE,-10.0280896950112,-37.5630697185177,2349,25
49700,capela,SE,-10.5042905659759,-37.0537397818158,784,25
49740,carmopolis,SE,-10.6483361104024,-36.987631225713,850,25
49750,general maynard,SE,-10.6852714190197,-36.9859549996159,1424,25
49790,aquidaba,SE,-10.284765595865,-37.0192931242102,226,25
49810,poco redondo,SE,-9.81875967097764,-37.6900917955309,2896,25
49820,caninde de sao francisco,SE,-9.67373148922731,-37.8002195110143,768,25
49860,graccho cardoso,SE,-10.2291726188753,-37.1969167031673,1462,25
49890,nossa senhora de lourdes,SE,-10.0780822115664,-37.0543161815914,2454,25
49900,propria,SE,-10.214470777179,-36.8358978102955,3005,25
49910,telha,SE,-10.2061615453624,-36.8848530549026,3825,25
49930,cedro de sao joao,SE,-10.2514070160844,-36.8828104374973,907,25
49945,sao francisco,SE,-10.3491993377924,-36.8856655361513,3438,25
49950,japoata,SE,-10.3492289478086,-36.8043291324506,1921,25
49960,japaratuba,SE,-10.5914010221424,-36.9427369184869,1917,25
49980,neopolis,SE,-10.3259308350113,-36.5775288166569,2438,25
49995,brejo grande,SE,-10.4300714562625,-36.4665608963038,572,25
50010,recife,PE,-8.06385346446679,-34.8783709500729,3060,16
50020,recife,PE,-8.06868132858907,-34.880565461965,3060,16
50030,recife,PE,-8.06291305677623,-34.8724057150894,3060,16
50040,recife,PE,-8.0536584405624,-34.877958087267,3060,16
50050,recife,PE,-8.05485890728205,-34.8870623690696,3060,16
50060,recife,PE,-8.06264729028306,-34.8870969944585,3060,16
50070,recife,PE,-8.06100353741321,-34.8939166784824,3060,16
50090,recife,PE,-8.07455141464421,-34.8950346500781,3060,16
50100,recife,PE,-8.04859824120043,-34.8865677676799,3060,16
50110,recife,PE,-8.04197220898333,-34.8794140438677,3060,16
50610,recife,PE,-8.05471550487035,-34.9087122371613,3060,16
50630,recife,PE,-8.0565595373279,-34.9229241435213,3060,16
50640,recife,PE,-8.05947941533745,-34.9317565391327,3060,16
50660,recife,PE,-8.0622759160803,-34.9391774834688,3060,16
50670,recife,PE,-8.04470679762364,-34.9398937825066,3060,16
50680,recife,PE,-8.03408404163608,-34.9322570052759,3060,16
50690,recife,PE,-8.03151975720282,-34.9386704391016,3060,16
50710,recife,PE,-8.04546114111029,-34.9083826862502,3060,16
50711,recife,PE,-8.05115477360005,-34.9212864121944,3060,16
50720,recife,PE,-8.05792676193373,-34.911228843041,3060,16
50721,recife,PE,-8.05127917078537,-34.9309208535894,3060,16
50730,recife,PE,-8.05698896952379,-34.9429214947942,3060,16
50731,recife,PE,-8.0409859806615,-34.9327954954629,3060,16
50740,recife,PE,-8.04198838232429,-34.9478077378503,3060,16
50741,recife,PE,-8.05040250926165,-34.9586672974998,3060,16
50750,recife,PE,-8.06834582866124,-34.9071624455229,3060,16
50751,recife,PE,-8.06502556480609,-34.9179355882419,3060,16
50760,recife,PE,-8.07139749076761,-34.9196281917781,3060,16
50761,recife,PE,-8.07008877469886,-34.92905467726,3060,16
50770,recife,PE,-8.08121822582681,-34.9103067791522,3060,16
50771,recife,PE,-8.08416137460523,-34.9229051451279,3060,16
50780,recife,PE,-8.0963431262202,-34.9402973631014,3060,16
50790,recife,PE,-8.08011826711645,-34.9498360410337,3060,16
50791,recife,PE,-8.08831654831537,-34.9675474659449,3060,16
50800,recife,PE,-8.03329633476281,-34.9481211183982,3060,16
50810,recife,PE,-8.03922896378544,-34.9564665938022,3060,16
50820,recife,PE,-8.07607235554892,-34.9175134012543,3060,16
50830,recife,PE,-8.06960536907466,-34.9110443661098,3060,16
50850,recife,PE,-8.08163639307926,-34.9181788745795,3060,16
50860,recife,PE,-8.09425241605123,-34.9251830706496,3060,16
50865,recife,PE,-8.08253724745975,-34.9318119067526,3060,16
50870,recife,PE,-8.09569825503323,-34.9334065779289,3060,16
50875,recife,PE,-8.10198554162388,-34.9325704795093,3060,16
50900,recife,PE,-8.0906059578114,-34.9420952207308,3060,16
50910,recife,PE,-8.08189959178531,-34.9410618066952,3060,16
50920,recife,PE,-8.0882893396478,-34.955621131231,3060,16
50930,recife,PE,-8.09157154337019,-34.9543495466474,3060,16
50940,recife,PE,-8.08165713435538,-34.965712202945,3060,16
50960,recife,PE,-8.03719231436804,-34.9831263485334,3060,16
50970,recife,PE,-8.03527064672177,-34.976014247481,3060,16
50980,recife,PE,-8.02830442493095,-34.9594425701889,3060,16
51010,recife,PE,-8.08503261906212,-34.8811190551037,3060,16
51011,recife,PE,-8.09645329057116,-34.8853677094465,3060,16
51020,recife,PE,-8.11529960929068,-34.8966850761219,3060,16
51021,recife,PE,-8.12561293945003,-34.9027322002912,3060,16
51030,recife,PE,-8.13618261362756,-34.9064393677436,3060,16
51110,recife,PE,-8.08720328830709,-34.8889578496408,3060,16
51111,recife,PE,-8.10638789805623,-34.8892431220779,3060,16
51130,recife,PE,-8.1436624909241,-34.9086922258865,3060,16
51150,recife,PE,-8.10659582453554,-34.9145247010147,3060,16
51160,recife,PE,-8.11251581903283,-34.9064010918032,3060,16
51170,recife,PE,-8.09147597978974,-34.9129782778545,3060,16
51180,recife,PE,-8.10268908755712,-34.914445122612,3060,16
51190,recife,PE,-8.11529328930816,-34.9196050181291,3060,16
51200,recife,PE,-8.11280012449084,-34.9143606335169,3060,16
51230,recife,PE,-8.11475115312121,-34.9396929130422,3060,16
51240,recife,PE,-8.12393768018853,-34.9368928644326,3060,16
51250,recife,PE,-8.13589072019834,-34.9325358237631,3060,16
51260,recife,PE,-8.13250130202416,-34.9417132245451,3060,16
51270,recife,PE,-8.10718778175889,-34.940811080947,3060,16
51275,recife,PE,-8.10790320147588,-34.9479861153855,3060,16
51280,recife,PE,-8.11778249029224,-34.9492769075957,3060,16
51290,recife,PE,-8.12243170901199,-34.9472680148861,3060,16
51300,recife,PE,-8.12866133722637,-34.9471745352198,3060,16
51310,recife,PE,-8.13583192888208,-34.949699459799,3060,16
51335,recife,PE,-8.11314659080152,-34.9625855222845,3060,16
51340,recife,PE,-8.11806612933225,-34.9561406403659,3060,16
51345,recife,PE,-8.11147332135901,-34.9547205206053,3060,16
51350,recife,PE,-8.10829992244087,-34.9226137803109,3060,16
52010,recife,PE,-8.05886714139907,-34.9002105746948,3060,16
52011,recife,PE,-8.04988422832522,-34.9008343009454,3060,16
52020,recife,PE,-8.04541312454502,-34.8944793538013,3060,16
52021,recife,PE,-8.04146014043709,-34.8902033118177,3060,16
52030,recife,PE,-8.03702558148054,-34.8857625274838,3060,16
52031,recife,PE,-8.03514708728738,-34.8810159403577,3060,16
52040,recife,PE,-8.02828010330368,-34.8812590277167,3060,16
52041,recife,PE,-8.03419404324461,-34.8948140468267,3060,16
52050,recife,PE,-8.03831808632995,-34.8997468938632,3060,16
52051,recife,PE,-8.02874498507219,-34.9074664854178,3060,16
52060,recife,PE,-8.0344403150251,-34.911548312422,3060,16
52061,recife,PE,-8.0329500522944,-34.9222539061051,3060,16
52070,recife,PE,-8.02862553556964,-34.9182278051618,3060,16
52071,recife,PE,-8.0230811023295,-34.9299759824586,3060,16
52080,recife,PE,-8.01657406813595,-34.9121982718372,3060,16
52081,recife,PE,-8.01630497405304,-34.9228354870175,3060,16
52090,recife,PE,-8.0140035977547,-34.9292575237514,3060,16
52091,recife,PE,-8.00462270676097,-34.93496049919,3060,16
52110,recife,PE,-8.02597697942427,-34.9003456430346,3060,16
52111,recife,PE,-8.01961546499703,-34.8993508322533,3060,16
52120,recife,PE,-8.02265614791235,-34.8901853792338,3060,16
52121,recife,PE,-8.01910620837265,-34.8863482293521,3060,16
52130,recife,PE,-8.00997731081863,-34.8934113158444,3060,16
52131,recife,PE,-8.00853040284041,-34.9039740631013,3060,16
52150,recife,PE,-8.00286345891307,-34.9126841624068,3060,16
52160,recife,PE,-7.99261254400864,-34.9165751372002,3060,16
52165,recife,PE,-7.98473228630278,-34.9196315550328,3060,16
52170,recife,PE,-7.97828670625694,-34.9179134053576,3060,16
52171,recife,PE,-8.01858022604814,-34.9551250961727,3060,16
52190,recife,PE,-8.00243096815651,-34.9263333708905,3060,16
52191,recife,PE,-7.99990107621835,-34.9243937516248,3060,16
52211,recife,PE,-8.01941235069858,-34.9053916841475,3060,16
52221,recife,PE,-8.01207542274592,-34.8851866773433,3060,16
52280,recife,PE,-8.01798740387242,-34.91615282516,3060,16
52291,recife,PE,-7.99326484348916,-34.9341592389774,3060,16
52390,recife,PE,-7.98694741535361,-34.9301142132641,3060,16
53010,olinda,PE,-8.02152085580602,-34.8537400235224,2562,16
53020,olinda,PE,-8.01422948279112,-34.8548328859692,2562,16
53030,olinda,PE,-7.9992974826446,-34.8424328053143,2562,16
53040,olinda,PE,-7.97112560100712,-34.8343339333079,2562,16
53050,olinda,PE,-7.97308496687683,-34.8398227137105,2562,16
53060,olinda,PE,-7.97323438849319,-34.8493054104131,2562,16
53070,olinda,PE,-7.96465555044026,-34.8451701895505,2562,16
53080,olinda,PE,-7.962007384553471,-34.851143620237,2562,16
53090,olinda,PE,-7.96053554991577,-34.852961330111,2562,16
53110,olinda,PE,-8.0277034769755,-34.8709892976398,2562,16
53130,olinda,PE,-7.98827517023482,-34.8406422644735,2562,16
53140,olinda,PE,-7.97747312379289,-34.8420788752652,2562,16
53150,olinda,PE,-7.96474426076252,-34.8398810802869,2562,16
53160,olinda,PE,-7.99211315330816,-34.8983551287354,2562,16
53170,olinda,PE,-7.987752492175711,-34.9068614015444,2562,16
53210,olinda,PE,-7.9970366902124,-34.9009532403822,2562,16
53220,olinda,PE,-8.01101801703447,-34.8761952782998,2562,16
53230,olinda,PE,-8.01271164751076,-34.8643221261996,2562,16
53240,olinda,PE,-8.00755428005929,-34.8526343289202,2562,16
53250,olinda,PE,-7.98631472867118,-34.8524053609209,2562,16
53260,olinda,PE,-8.0076732881886,-34.8819281081666,2562,16
53270,olinda,PE,-8.00013549218855,-34.8880244222705,2562,16
53280,olinda,PE,-7.99574852841735,-34.8895644513924,2562,16
53290,olinda,PE,-8.00769707714715,-34.870234201873,2562,16
53300,olinda,PE,-8.00509408044454,-34.874649528016,2562,16
53320,olinda,PE,-8.00050340365333,-34.8525253050156,2562,16
53330,olinda,PE,-8.00268152895831,-34.8598839654738,2562,16
53350,olinda,PE,-7.98680063125046,-34.8631012673603,2562,16
53360,olinda,PE,-7.97901130938112,-34.8833602553747,2562,16
53370,olinda,PE,-7.99371953859938,-34.8599460466657,2562,16
53401,paulista,PE,-7.94199137551517,-34.8786974690728,2726,16
53403,paulista,PE,-7.95777024505808,-34.874869068727,2726,16
53407,paulista,PE,-7.95292901464671,-34.892739141273,2726,16
53409,paulista,PE,-7.9485998188284,-34.8954566274113,2726,16
53413,paulista,PE,-7.94121119100468,-34.8961400232011,2726,16
53415,paulista,PE,-7.93358026760222,-34.88569779728,2726,16
53421,paulista,PE,-7.93319527350864,-34.8617770013696,2726,16
53423,paulista,PE,-7.92573112937157,-34.8596144905152,2726,16
53425,paulista,PE,-7.90034443059588,-34.8397054691873,2726,16
53429,paulista,PE,-7.89025835361856,-34.8334779995336,2726,16
53433,paulista,PE,-7.910020608626321,-34.8377514199206,2726,16
53435,paulista,PE,-7.91925725591378,-34.8328623557725,2726,16
53437,paulista,PE,-7.93166936120095,-34.8318714529555,2726,16
53439,paulista,PE,-7.94479658986569,-34.8344316002495,2726,16
53441,paulista,PE,-7.94827822803366,-34.8702492283794,2726,16
53520,abreu e lima,PE,-7.91254160864623,-34.9047961164008,14,16
53525,abreu e lima,PE,-7.91095212253673,-34.9035212907811,14,16
53530,abreu e lima,PE,-7.91918733350225,-34.9265284392856,14,16
53545,abreu e lima,PE,-7.91351997669473,-34.9087768780845,14,16
53560,abreu e lima,PE,-7.90494127811959,-34.906527000885,14,16
53580,abreu e lima,PE,-7.89995383249333,-34.8998909348254,14,16
53605,igarassu,PE,-7.82076182143845,-34.9153211305156,1622,16
53610,igarassu,PE,-7.83073878533976,-34.9074534367735,1622,16
53620,igarassu,PE,-7.84472985881376,-34.904992180909,1622,16
53625,igarassu,PE,-7.869868785626561,-34.9045986721115,1622,16
53635,igarassu,PE,-7.87202110624043,-34.9085729125231,1622,16
53690,aracoiaba,PE,-7.78898142527483,-35.0888526855429,237,16
53700,itapissuma,PE,-7.775111004572881,-34.8975480641288,1811,16
53900,ilha de itamaraca,PE,-7.75766033821155,-34.8332076302876,1636,16
54070,jaboatao dos guararapes,PE,-8.10765240882475,-35.0228547147953,1868,16
54080,jaboatao dos guararapes,PE,-8.11135106903063,-35.0215652027448,1868,16
54090,jaboatao dos guararapes,PE,-8.1257736622668,-35.0199593128697,1868,16
54100,jaboatao dos guararapes,PE,-8.12222647738978,-35.0131018366416,1868,16
54120,jaboatao dos guararapes,PE,-8.10709946733072,-35.0086446921748,1868,16
54140,jaboatao dos guararapes,PE,-8.09897379870014,-35.0160624276908,1868,16
54150,jaboatao dos guararapes,PE,-8.10869413974445,-34.9926349858997,1868,16
54170,jaboatao dos guararapes,PE,-8.10126918250807,-34.9837721930025,1868,16
54210,jaboatao dos guararapes,PE,-8.0989801383699,-34.9685288148756,1868,16
54220,jaboatao dos guararapes,PE,-8.08590799762038,-34.9908907227383,1868,16
54230,jaboatao dos guararapes,PE,-8.12580045005533,-34.9681457862262,1868,16
54250,jaboatao dos guararapes,PE,-8.10823545078118,-34.9684311677038,1868,16
54270,jaboatao dos guararapes,PE,-8.08953641059934,-34.9805773165725,1868,16
54280,jaboatao dos guararapes,PE,-8.11143073661088,-34.9677701707416,1868,16
54290,jaboatao dos guararapes,PE,-8.12916566402384,-34.9601627628297,1868,16
54300,jaboatao dos guararapes,PE,-8.1246137301702,-34.9653698962193,1868,16
54310,jaboatao dos guararapes,PE,-8.15755246827857,-34.9235696477828,1868,16
54315,jaboatao dos guararapes,PE,-8.15253266262428,-34.9267858580615,1868,16
54320,jaboatao dos guararapes,PE,-8.14277779752351,-34.9385022761331,1868,16
54325,jaboatao dos guararapes,PE,-8.15959786592386,-34.9351513047138,1868,16
54330,jaboatao dos guararapes,PE,-8.16573886536932,-34.9319115679627,1868,16
54340,jaboatao dos guararapes,PE,-8.19136272459488,-34.9594959387545,1868,16
54350,jaboatao dos guararapes,PE,-8.16441223047828,-34.9484375406005,1868,16
54360,jaboatao dos guararapes,PE,-8.14326624398899,-34.9681831108025,1868,16
54368,jaboatao dos guararapes,PE,-8.14998929299997,-34.9592799999999,1868,16
54400,jaboatao dos guararapes,PE,-8.15781014905423,-34.9151611589391,1868,16
54410,jaboatao dos guararapes,PE,-8.17589991709821,-34.9217550299526,1868,16
54420,jaboatao dos guararapes,PE,-8.18571048443651,-34.9242590192702,1868,16
54430,jaboatao dos guararapes,PE,-8.19326466786682,-34.9291129636595,1868,16
54440,jaboatao dos guararapes,PE,-8.2020854439072,-34.922454613184,1868,16
54450,jaboatao dos guararapes,PE,-8.19984274049318,-34.9223670345802,1868,16
54460,jaboatao dos guararapes,PE,-8.18305987850981,-34.926324499863,1868,16
54470,jaboatao dos guararapes,PE,-8.20695504280181,-34.9288087496316,1868,16
54505,cabo de santo agostinho,PE,-8.29066566168043,-35.0395589133872,609,16
54510,cabo de santo agostinho,PE,-8.28086323344663,-35.0296096120983,609,16
54515,cabo de santo agostinho,PE,-8.28390323995169,-35.0245055803652,609,16
54517,cabo de santo agostinho,PE,-8.27707101326967,-35.0062682466425,609,16
54520,cabo de santo agostinho,PE,-8.30186856127785,-35.0258517168779,609,16
54530,cabo de santo agostinho,PE,-8.29783931735601,-35.0408698820759,609,16
54580,cabo de santo agostinho,PE,-8.23976389394503,-34.9852543221143,609,16
54705,sao lourenco da mata,PE,-8.00551015908363,-35.017977682469,3542,16
54715,sao lourenco da mata,PE,-8.00858919829717,-35.0260635094923,3542,16
54720,sao lourenco da mata,PE,-8.00571317497777,-35.034904511135,3542,16
54730,sao lourenco da mata,PE,-7.99643627323765,-35.0460978532562,3542,16
54735,sao lourenco da mata,PE,-7.9922957300748,-35.0390841617891,3542,16
54740,sao lourenco da mata,PE,-7.99909359900994,-35.0297802871182,3542,16
54753,camaragibe,PE,-8.01510264663388,-34.9709070732103,680,16
54759,camaragibe,PE,-8.00834415682884,-34.9852858042573,680,16
54762,camaragibe,PE,-8.02570423781543,-34.9813359242102,680,16
54765,camaragibe,PE,-8.02665824063621,-34.9917449865209,680,16
54767,camaragibe,PE,-8.02775487641769,-35.0014663331928,680,16
54768,camaragibe,PE,-8.01477738097876,-34.9913718654293,680,16
54771,camaragibe,PE,-8.01849817334749,-34.9913218941463,680,16
54777,camaragibe,PE,-8.01341188235239,-35.0016344729065,680,16
54783,camaragibe,PE,-7.94880838067342,-35.0216303043938,680,16
54786,camaragibe,PE,-7.95714359799551,-35.0097960460658,680,16
54789,camaragibe,PE,-7.97753463585907,-35.0045016423036,680,16
54800,moreno,PE,-8.11751438488071,-35.1106013584537,2379,16
55002,caruaru,PE,-8.28568728621656,-35.9664659932023,860,16
55004,caruaru,PE,-8.28513344736582,-35.9707721691016,860,16
55006,caruaru,PE,-8.28858875422643,-35.9778367266777,860,16
55010,caruaru,PE,-8.27824076790267,-35.9784843168571,860,16
55012,caruaru,PE,-8.27846561663159,-35.9716686600467,860,16
55014,caruaru,PE,-8.26979588703109,-35.9753557909235,860,16
55016,caruaru,PE,-8.26353351236249,-35.9662826406671,860,16
55019,caruaru,PE,-8.26662699210679,-35.9537091063402,860,16
55020,caruaru,PE,-8.27922903598002,-35.960129141906,860,16
55022,caruaru,PE,-8.2784627955126,-35.9340869320702,860,16
55024,caruaru,PE,-8.28760678017174,-35.9559022301734,860,16
55026,caruaru,PE,-8.29388802197526,-35.9615516086729,860,16
55028,caruaru,PE,-8.29583677221474,-35.9659997024523,860,16
55030,caruaru,PE,-8.29667583744968,-35.9733538390771,860,16
55031,caruaru,PE,-8.30866621929413,-35.9750143051722,860,16
55032,caruaru,PE,-8.29747728094624,-35.9815746422857,860,16
55034,caruaru,PE,-8.28752102616279,-35.9923274368818,860,16
55036,caruaru,PE,-8.28378252088246,-35.995574535122,860,16
55038,caruaru,PE,-8.27385147809391,-35.9884498664136,860,16
55120,riacho das almas,PE,-8.11903274562735,-35.8554051863047,3086,16
55125,toritama,PE,-8.00595519185547,-36.0586790310908,3870,16
55150,belo jardim,PE,-8.33633215932778,-36.4200262944337,457,16
55152,belo jardim,PE,-8.33916796466856,-36.4351434794762,457,16
55153,belo jardim,PE,-8.3327247998425,-36.429858423016,457,16
55155,belo jardim,PE,-8.3308711906323,-36.4216276732146,457,16
55157,belo jardim,PE,-8.33451829101961,-36.4162399243913,457,16
55158,belo jardim,PE,-8.34216485977418,-36.4123995730741,457,16
55170,brejo da madre de deus,PE,-8.11975896574784,-36.3474414379499,569,16
55178,sao domingos,PE,-18.2400451437253,-43.0431948453491,3425,16
55180,jatauba,PE,-7.98739366231767,-36.4964023686728,1940,16
55190,santa cruz do capibaribe,PE,-7.94750664965713,-36.2101602324805,3261,16
55192,santa cruz do capibaribe,PE,-7.953412156170271,-36.2038334898387,3261,16
55194,santa cruz do capibaribe,PE,-7.95102203299542,-36.2088446688837,3261,16
55195,santa cruz do capibaribe,PE,-7.9499527033175,-36.2148718398727,3261,16
55200,pesqueira,PE,-8.36168493950807,-36.6985734996393,2791,16
55240,pocao,PE,-8.1853971093296,-36.7056014696036,2892,16
55250,sanharo,PE,-8.36251089019201,-36.5623431381353,3236,16
55270,venturosa,PE,-8.5772584524346,-36.8730333544173,4027,16
55280,pedra,PE,-8.51517030806794,-36.9388361260713,2738,16
55291,garanhuns,PE,-8.90762367967082,-36.4806279778463,1409,16
55292,garanhuns,PE,-8.90115802854823,-36.4940093558464,1409,16
55293,garanhuns,PE,-8.89317271577783,-36.4942563512927,1409,16
55294,garanhuns,PE,-8.88300166674506,-36.5004792096458,1409,16
55295,garanhuns,PE,-8.88447721251025,-36.4870131104416,1409,16
55296,garanhuns,PE,-8.88771951583938,-36.4802527021184,1409,16
55297,garanhuns,PE,-8.87686925097283,-36.4710324433213,1409,16
55299,garanhuns,PE,-8.88175644743443,-36.4671260003335,1409,16
55305,terezinha,PE,-9.05629675279385,-36.6242151318261,3837,16
55315,correntes,PE,-9.13022295687259,-36.32872014883,1078,16
55320,lagoa do ouro,PE,-9.12503371777512,-36.4592499983351,2038,16
55325,brejao,PE,-9.02483900515731,-36.5702004497205,565,16
55330,bom conselho,PE,-9.176329291731028,-36.6800449113199,504,16
55340,aguas belas,PE,-9.10881253901463,-37.1170202668365,49,16
55345,iati,PE,-9.05587645075532,-36.8554197073924,1561,16
55350,saloa,PE,-8.97502506081166,-36.6882256486418,3216,16
55360,caetes,PE,-8.77442547835514,-36.6248973945879,641,16
55365,capoeiras,PE,-8.73865456084915,-36.627217324784,806,16
55370,sao bento do una,PE,-8.52280735617707,-36.4453880862862,3410,16
55375,calcado,PE,-8.74221182227642,-36.336087992812,663,16
55385,lajedo,PE,-8.66132786613283,-36.3229340245486,2058,16
55395,jupi,PE,-8.71196312691273,-36.4157376153696,2004,16
55400,catende,PE,-8.66542534670664,-35.7260367658334,890,16
55409,jaqueira,PE,-8.72916939069182,-35.795562366122,1924,16
55410,sao benedito do sul,PE,-8.80633213992922,-35.9116691181663,3404,16
55415,quipapa,PE,-8.82720284512704,-36.0120425747159,3038,16
55420,canhotinho,PE,-8.8786665163715,-36.1977452946327,766,16
55435,sao joao,PE,-8.8750870876556,-36.3673420512463,3463,16
55450,lagoa dos gatos,PE,-8.65724547740307,-35.9040390791242,2040,16
55460,cupira,PE,-8.61003986190105,-35.9529029438369,1141,16
55470,panelas,PE,-8.66659427623246,-36.0239230389488,2641,16
55485,jurema,PE,-12.8129983733085,-38.7316693336929,2008,16
55490,altinho,PE,-8.48818981111209,-36.0602339804049,109,16
55495,agrestina,PE,-8.45504693653698,-35.9465143451829,34,16
55500,escada,PE,-8.36634090542276,-35.2412029702723,1269,16
55515,amaraji,PE,-8.37690991484381,-35.4518917144025,147,16
55520,ribeirao,PE,-8.51498646814944,-35.3774009362168,3096,16
55525,cortes,PE,-8.47351330486459,-35.5431688488571,1080,16
55530,gameleira,PE,-8.58419668464369,-35.3856389201226,1406,16
55535,joaquim nabuco,PE,-8.62415102224325,-35.5260804560687,1976,16
55540,palmares,PE,-8.68031200519373,-35.5889205049379,2622,16
55550,agua preta,PE,-8.7061366938173,-35.5172329639589,46,16
55555,xexeu,PE,-8.80661359802246,-35.6273433906152,4106,16
55560,barreiros,PE,-8.81448942756752,-35.1967633969606,422,16
55565,sao jose da coroa grande,PE,-8.8945155673143,-35.1523368549125,3505,16
55570,rio formoso,PE,-8.66225420822748,-35.1527124641015,3144,16
55578,tamandare,PE,-8.75378381224803,-35.111756344228,3781,16
55580,sirinhaem,PE,-8.59544613525137,-35.1125261131376,3731,16
55590,ipojuca,PE,-8.44186519619822,-35.0313310156355,1698,16
55592,nossa senhora do o,PE,-8.36072323908884,-34.9862511251222,2455,16
55602,vitoria de santo antao,PE,-8.12050227334271,-35.296470274753,4083,16
55604,vitoria de santo antao,PE,-8.12163583819515,-35.3028304862359,4083,16
55606,vitoria de santo antao,PE,-8.11984863670113,-35.3091933714387,4083,16
55608,vitoria de santo antao,PE,-8.11252357065406,-35.3008961128262,4083,16
55610,vitoria de santo antao,PE,-8.1084003731176,-35.2854122317542,4083,16
55612,vitoria de santo antao,PE,-8.11624356943247,-35.2872933616253,4083,16
55614,vitoria de santo antao,PE,-8.12492766883866,-35.2890470888162,4083,16
55620,gloria do goita,PE,-8.00052657828345,-35.295012875966,1434,16
55630,pombos,PE,-8.14053179208011,-35.3907466687881,2905,16
55636,cha grande,PE,-8.24018164592785,-35.4616923663824,933,16
55641,gravata,PE,-8.20074846144383,-35.5697532265927,1471,16
55642,gravata,PE,-8.19769354136453,-35.5582446535348,1471,16
55643,gravata,PE,-8.21210705838398,-35.5669345307132,1471,16
55644,gravata,PE,-8.21033761113357,-35.579983281493,1471,16
55650,passira,PE,-7.98068080703048,-35.5819769805089,2701,16
55655,cumaru,PE,-8.01075211523836,-35.6985165051966,1138,16
55660,bezerros,PE,-8.23664573557493,-35.7548208717952,473,16
55665,camocim de sao felix,PE,-8.35995575158674,-35.7621288237562,692,16
55670,sao joaquim do monte,PE,-8.43444865236791,-35.8106587734481,3495,16
55680,bonito,PE,-8.47190791671445,-35.7327410664281,533,16
55690,barra de guabiraba,PE,-8.42043240291804,-35.6616208668232,396,16
55700,limoeiro,PE,-7.87771122623667,-35.4480950114518,2090,16
55715,feira nova,PE,-7.949392726165959,-35.3852557517172,1320,16
55720,joao alfredo,PE,-7.858126434572,-35.5923619720357,1967,16
55730,bom jardim,PE,-7.79622060927005,-35.5893067047252,506,16
55740,machados,PE,-7.68635723406433,-35.5152676965877,2142,16
55745,orobo,PE,-7.74914910144167,-35.604115556034,2573,16
55750,surubim,PE,-7.84147854619565,-35.7594500396552,3758,16
55770,vertentes,PE,-7.90637765398189,-35.9891330534611,4037,16
55790,taquaritinga do norte,PE,-7.91085871316471,-36.0716187992211,3807,16
55800,nazare da mata,PE,-7.74350977742011,-35.2270530081034,2434,16
55805,tracunhaem,PE,-7.80205620629944,-35.2363655605731,3876,16
55811,carpina,PE,-7.84427276467179,-35.2464858901249,858,16
55813,carpina,PE,-7.84968828291851,-35.2589679781146,858,16
55814,carpina,PE,-7.8458729698593,-35.2639287108561,858,16
55818,carpina,PE,-7.84940404718066,-35.2521861769264,858,16
55819,carpina,PE,-7.84348814815574,-35.234560512866,858,16
55820,lagoa do carro,PE,-7.84274014172389,-35.3114213757159,2036,16
55825,paudalho,PE,-7.89434206231587,-35.178641709843,2721,16
55835,cha de alegria,PE,-7.99707027779126,-35.210697036954,932,16
55845,buenos aires,PE,-7.72444137490034,-35.3273010713403,587,16
55850,vicencia,PE,-7.65749566975242,-35.3213061002814,4043,16
55860,sao vicente ferrer,PE,-7.59475357794921,-35.4878079638768,3625,16
55865,macaparana,PE,-7.55352658200852,-35.4505046658106,2131,16
55870,timbauba,PE,-7.51192993809834,-35.3168495144765,3851,16
55880,ferreiros,PE,-7.44887173018263,-35.2428143293147,1334,16
55890,alianca,PE,-7.59513523994915,-35.2228284082638,93,16
55900,goiana,PE,-7.562444861993701,-34.9993752880602,1438,16
55920,itambe,PE,-7.409554108222989,-35.1148129431967,1774,16
55930,camutanga,PE,-7.408333948577801,-35.2730367085811,743,16
55940,condado,PE,-7.58771004310444,-35.1023002911821,1025,16
55950,itaquitinga,PE,-7.66674053988464,-35.1028033947067,1825,16
56000,salgueiro,PE,-8.07096088179575,-39.1234773004726,3212,16
56140,serrita,PE,-7.94567691984661,-39.2964557611136,3698,16
56150,moreilandia,PE,-7.61803954616468,-39.5430219525086,2377,16
56163,parnamirim,PE,-8.09155063175857,-39.5802776424535,2694,16
56170,oroco,PE,-8.61709429536304,-39.6018369553992,2574,16
56180,cabrobo,PE,-8.50672137667686,-39.3090944293339,614,16
56190,terra nova,PE,-8.22859295531218,-39.3767517175978,3841,16
56200,ouricuri,PE,-7.88759013262815,-40.0842710644593,2584,16
56210,santa filomena,PE,-8.18872379306589,-40.6600082756324,3272,16
56215,santa cruz,PE,-8.23978100561085,-40.3325708204069,3253,16
56220,bodoco,PE,-7.77868151927072,-39.9369501211113,500,16
56250,trindade,PE,-7.76072540790957,-40.268337322077,3901,16
56260,ipubi,PE,-7.64744880358254,-40.1524431528083,1703,16
56280,araripina,PE,-7.57767868581436,-40.501362066517,271,16
56302,petrolina,PE,-9.39853359439114,-40.4948818841354,2793,16
56304,petrolina,PE,-9.39361210847157,-40.5007502918613,2793,16
56306,petrolina,PE,-9.3879463949233,-40.5117792063442,2793,16
56308,petrolina,PE,-9.39495300296294,-40.5136750777506,2793,16
56310,petrolina,PE,-9.38129077838832,-40.53232435840611,2793,16
56312,petrolina,PE,-9.38774132492896,-40.5443936758559,2793,16
56313,petrolina,PE,-9.36887070593929,-40.5380084083271,2793,16
56314,petrolina,PE,-9.36944053352825,-40.5361622424957,2793,16
56317,petrolina,PE,-9.36230136245802,-40.5488303912313,2793,16
56318,petrolina,PE,-9.37890168799154,-40.5185646054266,2793,16
56320,petrolina,PE,-9.36895023488623,-40.491002241482,2793,16
56321,petrolina,PE,-9.36942018011777,-40.5078253380283,2793,16
56326,petrolina,PE,-9.35906736503584,-40.4861723325331,2793,16
56328,petrolina,PE,-9.38898466176481,-40.4889985069881,2793,16
56330,petrolina,PE,-9.3835556048988,-40.4956436290311,2793,16
56332,petrolina,PE,-9.3875788754254,-40.4669594373461,2793,16
56355,dormentes,PE,-8.44617819121274,-40.7679240216803,1219,16
56360,afranio,PE,-8.52764940808949,-41.0206011003567,32,16
56380,santa maria da boa vista,PE,-8.79260480062737,-39.8267028322944,3291,16
56395,lagoa grande,PE,-9.0005290778601,-40.2633598054369,2045,16
56400,floresta,PE,-8.59780429717045,-38.5697997111869,1350,16
56440,belem do sao francisco,PE,-8.73436310097896,-38.9607619189223,451,16
56460,petrolandia,PE,-8.97799456829081,-38.2212276543469,2792,16
56470,jatoba,PE,-9.17990500393928,-38.2553672226634,1941,16
56480,tacaratu,PE,-9.10411325298035,-38.1286803895138,3771,16
56503,arcoverde,PE,-8.41262365605496,-37.0630994191349,282,16
56506,arcoverde,PE,-8.41989301422694,-37.0567008460408,282,16
56512,arcoverde,PE,-8.41474729865406,-37.0688064268747,282,16
56520,buique,PE,-8.62060978721165,-37.1494471870907,590,16
56560,inaja,PE,-8.90205449755633,-37.8253510541067,1656,16
56580,ibimirim,PE,-8.54124066480563,-37.6909734231887,1581,16
56600,sertania,PE,-8.07609573520267,-37.2717764481579,3701,16
56640,custodia,PE,-8.08904007195077,-37.6442318472944,1153,16
56700,sao jose do egito,PE,-7.58660639733172,-37.46428191716,3520,16
56720,itapetim,PE,-7.37857529427462,-37.1917708727467,1800,16
56750,santa terezinha,PE,-7.37606388270123,-37.4790844995268,3325,16
56760,tuparetama,PE,-7.60566809899978,-37.3145824115274,3921,16
56780,tabira,PE,-7.590727896323,-37.5398802170602,3765,16
56800,afogados da ingazeira,PE,-7.75982983393979,-37.5602050743714,30,16
56820,caraiba,PE,-7.80511175709051,-37.7935393443556,811,16
56828,quixada,PE,-7.71833639552188,-37.8500284893041,3043,16
56850,flores,PE,-7.89136666875016,-37.9302241765546,1347,16
56870,triunfo,PE,-7.83660908478839,-38.1023171104751,3903,16
56903,serra talhada,PE,-7.98796004909793,-38.2950196716046,3691,16
56912,serra talhada,PE,-7.990403053242661,-38.2893068453313,3691,16
56950,sao jose do belmonte,PE,-7.86578166208783,-38.7590389143071,3514,16
56980,mirandiba,PE,-8.12563596318617,-38.7292591573991,2310,16
57010,maceio,AL,-9.66867984722016,-35.7557430472428,2137,2
57014,maceio,AL,-9.65837816080234,-35.756748751693,2137,2
57015,maceio,AL,-9.65390750284387,-35.7576754442521,2137,2
57017,maceio,AL,-9.63704192343938,-35.7474010560078,2137,2
57020,maceio,AL,-9.63783880587856,-35.7409188143102,2137,2
57022,maceio,AL,-9.65878527173791,-35.727404477879,2137,2
57025,maceio,AL,-9.66017599986159,-35.7219957064005,2137,2
57030,maceio,AL,-9.66543220861563,-35.7146861635433,2137,2
57035,maceio,AL,-9.65698932123525,-35.706668009204,2137,2
57036,maceio,AL,-9.64771095899477,-35.7062043191036,2137,2
57037,maceio,AL,-9.64458538580774,-35.7098642430962,2137,2
57038,maceio,AL,-9.62677228435876,-35.6990272514861,2137,2
57039,maceio,AL,-9.57829910721944,-35.6604323324401,2137,2
57040,maceio,AL,-9.64092597953894,-35.724147494703,2137,2
57041,maceio,AL,-9.62589689090677,-35.7185950113466,2137,2
57042,maceio,AL,-9.61811280241959,-35.7292289050111,2137,2
57043,maceio,AL,-9.63456422388522,-35.7263481032206,2137,2
57044,maceio,AL,-9.6183460720641,-35.7059898912887,2137,2
57045,maceio,AL,-9.61283856403303,-35.7242147038805,2137,2
57046,maceio,AL,-9.60648022839081,-35.722902034496,2137,2
57048,maceio,AL,-9.5907477062418,-35.7410750025435,2137,2
57051,maceio,AL,-9.65500237749353,-35.7344014288952,2137,2
57052,maceio,AL,-9.62437071420664,-35.7337640160386,2137,2
57055,maceio,AL,-9.63553194710139,-35.7397504958503,2137,2
57057,maceio,AL,-9.62774937755424,-35.741283080337,2137,2
57060,maceio,AL,-9.58674567243443,-35.7705786700502,2137,2
57061,maceio,AL,-9.59206274503604,-35.7632080118302,2137,2
57062,maceio,AL,-9.60577891984036,-35.7579916734752,2137,2
57063,maceio,AL,-9.6023544713173,-35.7695786802824,2137,2
57071,maceio,AL,-9.58714333956657,-35.7731697502174,2137,2
57072,maceio,AL,-9.55825279667519,-35.7715885080969,2137,2
57073,maceio,AL,-9.5587427086405,-35.7607238111778,2137,2
57074,maceio,AL,-9.55295526322778,-35.7468194405777,2137,2
57075,maceio,AL,-9.55720330143514,-35.7833559411613,2137,2
57080,maceio,AL,-9.59576113376063,-35.7488266384511,2137,2
57081,maceio,AL,-9.5751345977145,-35.7567572181511,2137,2
57082,maceio,AL,-9.58100999269562,-35.7577325306412,2137,2
57083,maceio,AL,-9.56152015020019,-35.7462635020318,2137,2
57084,maceio,AL,-9.55746327791835,-35.7295391251092,2137,2
57085,maceio,AL,-9.55863408431177,-35.7391411827693,2137,2
57086,maceio,AL,-9.63161564793688,-35.7331186618096,2137,2
57100,rio largo,AL,-9.49719129326223,-35.8332966298141,3149,2
57120,satuba,AL,-9.56970862884559,-35.8258362619549,3641,2
57130,santa luzia do norte,AL,-9.60108429636333,-35.823857108129,3287,2
57150,pilar,AL,-9.59989084541125,-35.9567476960299,2812,2
57160,marechal deodoro,AL,-9.73192043340375,-35.8591402628675,2208,2
57180,barra de sao miguel,AL,-9.83863907011189,-35.8962051486687,401,2
57200,penedo,AL,-10.2864132190759,-36.5682568131155,2771,2
57210,piacabucu,AL,-10.4019843835675,-36.4199661702636,2795,2
57220,feliz deserto,AL,-10.2941952605799,-36.3085517531178,1326,2
57230,coruripe,AL,-10.1255153080852,-36.1749136958476,1087,2
57240,sao miguel dos campos,AL,-9.78160689887224,-36.0984691115298,3576,2
57242,sao miguel dos campos,AL,-9.78325025637277,-36.0915071537595,3576,2
57244,jequia da praia,AL,-10.0114157798956,-36.0231956533207,1948,2
57250,campo alegre,AL,-9.78432307725669,-36.3499406882363,709,2
57255,jequia da praia,AL,-19.9053697314433,-43.9483063762548,1948,2
57265,teotonio vilela,AL,-9.91132355428027,-36.356270705569,3832,2
57270,junqueiro,AL,-9.88867502913536,-36.4683601311091,2002,2
57275,sao sebastiao,AL,-9.9389801573174,-36.5510436277603,3604,2
57280,igreja nova,AL,-10.127806364224,-36.6561428127935,1626,2
57300,arapiraca,AL,-9.75202885525962,-36.6611972064959,255,2
57301,arapiraca,AL,-9.76633315087035,-36.648368952495,255,2
57303,arapiraca,AL,-9.78029253591364,-36.6381070989747,255,2
57304,arapiraca,AL,-9.76230867017777,-36.6618614632725,255,2
57305,arapiraca,AL,-9.75048626840637,-36.6702554373573,255,2
57306,arapiraca,AL,-9.74235326711157,-36.6688547063378,255,2
57307,arapiraca,AL,-9.73224959924067,-36.673643676857,255,2
57310,arapiraca,AL,-9.73677534689751,-36.6627767159084,255,2
57311,arapiraca,AL,-9.74212337667778,-36.6564042043349,255,2
57312,arapiraca,AL,-9.74491848226228,-36.6522857218571,255,2
57313,arapiraca,AL,-9.75414858815894,-36.6505803384995,255,2
57314,arapiraca,AL,-9.74861299217276,-36.6432725150313,255,2
57325,coite do noia,AL,-9.63690572617033,-36.5796485291873,981,2
57330,lagoa da canoa,AL,-9.82748731773832,-36.7417918595071,2031,2
57360,girau do ponciano,AL,-9.88421807574979,-36.8247809349415,1430,2
57370,traipu,AL,-9.96793244548259,-37.0028741002248,3877,2
57380,sao bras,AL,-10.1264403376053,-36.898839497412,3417,2
57420,batalha,AL,-9.67435109487271,-37.1275152621265,436,2
57440,monteiropolis,AL,-9.60307776642437,-37.2477168433258,2370,2
57442,olho d'agua das flores,AL,-9.53395325263977,-37.2947505053566,2559,2
57445,sao jose da tapera,AL,-9.55917382652218,-37.3820015664557,3508,2
57480,delmiro gouveia,AL,-9.3824931412186,-38.0105501509529,1160,2
57490,agua branca,AL,-9.26205542309634,-37.9351265832074,38,2
57500,santana do ipanema,AL,-9.37314914743654,-37.2463082739677,3341,2
57520,maravilha,AL,-9.23352530689521,-37.3589252105761,2202,2
57530,canapi,AL,-9.11590653154512,-37.6067841672147,747,2
57540,mata grande,AL,-9.11782047574803,-37.7422449033126,2244,2
57545,inhapi,AL,-9.22230097068587,-37.7483300447258,1669,2
57560,dois riachos,AL,-9.38708105688909,-37.0891859763065,1199,2
57601,palmeira dos indios,AL,-9.41351174055005,-36.6363938367639,2630,2
57602,palmeira dos indios,AL,-9.41154782547728,-36.623191042593,2630,2
57603,palmeira dos indios,AL,-9.41766277184238,-36.6293984122092,2630,2
57605,palmeira dos indios,AL,-9.41588615646702,-36.6222143407958,2630,2
57607,palmeira dos indios,AL,-9.41733643081702,-36.6438647276959,2630,2
57608,palmeira dos indios,AL,-9.41000591733907,-36.6474100541445,2630,2
57620,igaci,AL,-9.53827259739049,-36.6312408763269,1615,2
57630,belem,AL,-9.58337464010892,-36.4701990872887,450,2
57635,tanque d'arca,AL,-9.53456946866304,-36.4338530413072,3790,2
57640,taquarana,AL,-9.64741996202998,-36.4940016091439,3804,2
57660,anadia,AL,-9.68404722147946,-36.3032934545792,161,2
57670,maribondo,AL,-9.57585884876276,-36.3034718508269,2216,2
57680,boca da mata,AL,-9.64424682897405,-36.2137125286698,495,2
57690,atalaia,AL,-9.50669357228914,-36.0148812985716,328,2
57700,vicosa,AL,-9.37329614240574,-36.2454797837862,4048,2
57720,pindoba,AL,-9.47501116577286,-36.288993222832,2820,2
57730,mar vermelho,AL,-9.45120858188723,-36.3877118258136,2187,2
57740,paulo jacinto,AL,-9.36857180165382,-36.3714606935934,2732,2
57770,cajueiro,AL,-9.39876270099979,-36.1469569463747,660,2
57800,uniao dos palmares,AL,-9.15721856381953,-36.0269787170893,3960,2
57820,murici,AL,-9.31049621523562,-35.9452058750211,2412,2
57840,santana do mundau,AL,-9.16649317442188,-36.2185021995214,3346,2
57860,sao jose da laje,AL,-9.00762582383418,-36.0576848152199,3506,2
57890,ibateguara,AL,-8.96858260350494,-35.9258822169649,1565,2
57900,porto calvo,AL,-9.05368883713151,-35.3982016398853,2942,2
57910,matriz de camaragibe,AL,-9.15655087743465,-35.5329285199761,2262,2
57920,sao luis do quitunde,AL,-9.31336546889866,-35.5675896615287,3552,2
57925,barra de santo antonio,AL,-9.4085167064715,-35.5088963407418,398,2
57930,passo de camaragibe,AL,-9.25059192120996,-35.4861573690686,2702,2
57935,paripueira,AL,-9.46265380307065,-35.5469814109653,2690,2
57945,porto de pedras,AL,-9.15624568242409,-35.309907919476,2943,2
57955,maragogi,AL,-9.00767598723208,-35.2200482426597,2196,2
57970,novo lino,AL,-8.9419202099723,-35.6635919416324,2540,2
57975,colonia leopoldina,AL,-8.91893954516343,-35.7299056903066,993,2
58010,joao pessoa,PB,-7.1204025589403,-34.8849642707494,1973,15
58011,joao pessoa,PB,-7.12806359968036,-34.8919152664352,1973,15
58013,joao pessoa,PB,-7.12225194496601,-34.8773044165094,1973,15
58015,joao pessoa,PB,-7.13387585089829,-34.8773184265541,1973,15
58020,joao pessoa,PB,-7.1134711672116,-34.8765214183562,1973,15
58025,joao pessoa,PB,-7.11177890000202,-34.8653512286584,1973,15
58026,joao pessoa,PB,-7.10693260249706,-34.86849724705,1973,15
58027,joao pessoa,PB,-7.100774107225,-34.8645632434882,1973,15
58028,joao pessoa,PB,-7.1025442489611,-34.8537384081195,1973,15
58030,joao pessoa,PB,-7.11471080875313,-34.8556161625657,1973,15
58031,joao pessoa,PB,-7.1139855526378,-34.8476082723073,1973,15
58032,joao pessoa,PB,-7.11770440010384,-34.8358531072469,1973,15
58033,joao pessoa,PB,-7.11479866468796,-34.8397546487723,1973,15
58034,joao pessoa,PB,-7.10764162924983,-34.8421711458935,1973,15
58035,joao pessoa,PB,-7.0683795639362,-34.842415611792,1973,15
58036,joao pessoa,PB,-7.0950035222186,-34.8432558404422,1973,15
58037,joao pessoa,PB,-7.08546814678756,-34.8361829986685,1973,15
58038,joao pessoa,PB,-7.10514630415703,-34.8344523607778,1973,15
58039,joao pessoa,PB,-7.11564665044757,-34.827391063905,1973,15
58040,joao pessoa,PB,-7.126030805567881,-34.8631875346446,1973,15
58041,joao pessoa,PB,-7.12302380495218,-34.8534488887818,1973,15
58042,joao pessoa,PB,-7.12157249986646,-34.8463912001436,1973,15
58043,joao pessoa,PB,-7.122515954595831,-34.8350694750853,1973,15
58045,joao pessoa,PB,-7.128563537614629,-34.8230632915949,1973,15
58046,joao pessoa,PB,-7.14501900491088,-34.8243574691581,1973,15
58047,joao pessoa,PB,-7.16258903205316,-34.799346706525,1973,15
58050,joao pessoa,PB,-7.13191751072711,-34.8467362240417,1973,15
58051,joao pessoa,PB,-7.14729405600651,-34.839610885538,1973,15
58052,joao pessoa,PB,-7.1558133011822695,-34.8367843372494,1973,15
58053,joao pessoa,PB,-7.15290720104679,-34.8509405431857,1973,15
58055,joao pessoa,PB,-7.168371194676209,-34.8417476972207,1973,15
58056,joao pessoa,PB,-7.17516429697562,-34.8411614867884,1973,15
58057,joao pessoa,PB,-7.18344960503403,-34.8412679289423,1973,15
58058,joao pessoa,PB,-7.167163644744439,-34.8302574448595,1973,15
58059,joao pessoa,PB,-7.17871596990253,-34.8274027068034,1973,15
58062,joao pessoa,PB,-7.20504586390287,-34.8375885263581,1973,15
58063,joao pessoa,PB,-7.200400043685339,-34.8515923684975,1973,15
58064,joao pessoa,PB,-7.19459165671186,-34.8448532337903,1973,15
58067,joao pessoa,PB,-7.21181159171244,-34.8504000129863,1973,15
58068,joao pessoa,PB,-7.1986397729138,-34.865840647135,1973,15
58069,joao pessoa,PB,-7.17019914849886,-34.8770271552832,1973,15
58070,joao pessoa,PB,-7.152431783014701,-34.8774585029499,1973,15
58071,joao pessoa,PB,-7.16265632013784,-34.8702719182179,1973,15
58073,joao pessoa,PB,-7.16771113711233,-34.8558657619904,1973,15
58074,joao pessoa,PB,-7.17472353975664,-34.8571424964204,1973,15
58075,joao pessoa,PB,-7.17925490408038,-34.8696264092364,1973,15
58076,joao pessoa,PB,-7.175548324620249,-34.880225499515,1973,15
58077,joao pessoa,PB,-7.18268070558218,-34.8623497164955,1973,15
58078,joao pessoa,PB,-7.18029598452039,-34.8824502871452,1973,15
58079,joao pessoa,PB,-7.18469898512221,-34.8841638358248,1973,15
58081,joao pessoa,PB,-7.17738438956528,-34.8910002352675,1973,15
58082,joao pessoa,PB,-7.17237513988037,-34.8999209762915,1973,15
58085,joao pessoa,PB,-7.14426958219045,-34.8880737593779,1973,15
58086,joao pessoa,PB,-7.15260213034301,-34.8910021879503,1973,15
58088,joao pessoa,PB,-7.15557024972541,-34.9013124607243,1973,15
58090,joao pessoa,PB,-7.13736675324075,-34.9099207245269,1973,15
58102,cabedelo,PB,-7.04536122964812,-34.8420982009866,607,15
58103,cabedelo,PB,-7.0076761310839,-34.9189287573382,607,15
58115,puxinana,PB,-7.14714725482086,-35.9613676216698,3014,15
58125,alagoa nova,PB,-7.06196902730586,-35.7644086632055,71,15
58135,esperanca,PB,-7.0186723994921705,-35.859303897935,1273,15
58140,areial,PB,-7.04861795558252,-35.9242117410733,289,15
58145,montadas,PB,-7.08689252783847,-35.9592246609024,2342,15
58150,pocinhos,PB,-7.07871104426015,-36.0596709345954,2894,15
58155,soledade,PB,-7.058849598067849,-36.363483489279,3740,15
58167,cubati,PB,-6.86348040460271,-36.3549300851197,1133,15
58170,barra de santa rosa,PB,-6.72297585271032,-36.0563668509897,397,15
58175,cuite,PB,-6.48489240685037,-36.1517729263789,1135,15
58178,nova floresta,PB,-6.45550184170392,-36.2059079689166,2483,15
58180,pedra lavrada,PB,-6.75764868104831,-36.4676014907334,2743,15
58187,picui,PB,-6.50654601667519,-36.3446898791542,2805,15
58195,frei martinho,PB,-6.40278730563192,-36.4516410654557,1393,15
58200,guarabira,PB,-6.85209256062919,-35.4909215116945,1499,15
58213,pirpirituba,PB,-6.77983050044904,-35.4971270223918,2875,15
58220,bananeiras,PB,-6.74808877836175,-35.6314310192875,373,15
58225,solanea,PB,-6.75947488437115,-35.6575416231695,3739,15
58233,araruna,PB,-6.53411813420399,-35.7432838989157,273,15
58255,belem,PB,-6.69807071060881,-35.5369626602441,450,15
58280,mamanguape,PB,-6.8371685949578,-35.1268871930673,2163,15
58291,curral de cima,PB,-6.71897921277646,-35.2660256720518,1147,15
58297,rio tinto,PB,-6.80338209469453,-35.0767380444328,3164,15
58301,santa rita,PB,-7.13203754153866,-34.9812304501462,3306,15
58302,santa rita,PB,-7.15187446892344,-34.9663313206547,3306,15
58305,bayeux,PB,-7.12832158346477,-34.9131905547863,441,15
58306,bayeux,PB,-7.12523540511268,-34.9212067647145,441,15
58307,bayeux,PB,-7.12820951264606,-34.9341025461213,441,15
58309,bayeux,PB,-7.13664578443594,-34.9236409725722,441,15
58315,lucena,PB,-6.93274370959613,-34.8649336265292,2108,15
58320,alhandra,PB,-7.433968779567,-34.9104476986467,92,15
58324,pitimbu,PB,-7.49076488177102,-34.8129207183772,2879,15
58328,pedras de fogo,PB,-7.40198929384412,-35.1152155357726,2750,15
58330,juripiranga,PB,-7.37334013267928,-35.2385320993807,2009,15
58338,pilar,PB,-7.26238971726975,-35.2603738725101,2812,15
58340,sape,PB,-7.09261029360223,-35.2314984900483,3626,15
58345,mari,PB,-7.0588298943335,-35.3167231237105,2210,15
58350,caldas brandao,PB,-7.16196545429992,-35.3499616796389,665,15
58380,inga,PB,-7.29006821088999,-35.6060678498898,1666,15
58385,serra redonda,PB,-7.1853304893145,-35.6804358918151,3690,15
58388,alagoa grande,PB,-7.0417556965764,-35.6321933204974,70,15
58390,alagoinha,PB,-6.94927512016289,-35.5454376359966,72,15
58396,arara,PB,-6.82771763550333,-35.7603933497339,264,15
58397,areia,PB,-6.96672904710812,-35.7025056320721,286,15
58398,remigio,PB,-6.96511288401858,-35.7951356684051,3071,15
58400,campina grande,PB,-7.219468653121619,-35.8900988227815,701,15
58401,campina grande,PB,-7.20929648182625,-35.8830781810205,701,15
58402,campina grande,PB,-7.20849184863433,-35.8744684144993,701,15
58406,campina grande,PB,-7.21635222799489,-35.8695518563697,701,15
58407,campina grande,PB,-7.22795044339868,-35.8696721310292,701,15
58410,campina grande,PB,-7.23973257837014,-35.8789407483735,701,15
58411,campina grande,PB,-7.25464755282117,-35.8808650885552,701,15
58414,campina grande,PB,-7.23938729212076,-35.8943505875089,701,15
58415,campina grande,PB,-7.24932287671552,-35.899495955616,701,15
58416,campina grande,PB,-7.2342768838171,-35.9022254706586,701,15
58417,campina grande,PB,-7.24869022677861,-35.9116197882801,701,15
58418,campina grande,PB,-7.25982849956857,-35.9079534957887,701,15
58421,campina grande,PB,-7.26966554870437,-35.922474537761,701,15
58423,campina grande,PB,-7.25083895478453,-35.9219602690212,701,15
58428,campina grande,PB,-7.223322010807519,-35.9036956778054,701,15
58429,campina grande,PB,-7.21780571938964,-35.9096429820382,701,15
58430,campina grande,PB,-7.22387542763324,-35.9149433505571,701,15
58431,campina grande,PB,-7.20866451567498,-35.9239215566736,701,15
58432,campina grande,PB,-7.24265400414422,-35.9213862028329,701,15
58433,campina grande,PB,-7.230078719902839,-35.9252614352873,701,15
58434,campina grande,PB,-7.24165430568302,-35.927878253111,701,15
58463,santa cecilia,PB,-7.7441464600968,-35.8834014481812,3249,15
58465,riacho de santo antonio,PB,-7.69659829030321,-36.1472494716404,3088,15
58475,queimadas,PB,-7.36194597008666,-35.8991612361508,3025,15
58487,fagundes,PB,-7.35871589329588,-35.7853973365545,1307,15
58489,aroeiras,PB,-7.54624780789523,-35.7073066934422,302,15
58540,sume,PB,-7.67053421946001,-36.8808738576506,3756,15
58550,prata,PB,-7.69525798996235,-37.0834126158861,2980,15
58570,sao jose dos cordeiros,PB,-7.40166930885011,-36.8169758473084,3536,15
58580,serra branca,PB,-7.49455449115747,-36.676266591452,3682,15
58600,santa luzia,PB,-6.87221198285912,-36.9174562030624,3286,15
58620,varzea,PB,-6.7707826176651,-36.9913051322841,4011,15
58625,sao mamede,PB,-6.92741106185405,-37.0967778204332,3555,15
58640,junco do serido,PB,-6.99443772752754,-36.7134739261099,1999,15
58675,santo andre,PB,-7.22118386003172,-36.6335599120145,3359,15
58685,assuncao,PB,-7.07709133523169,-36.7322487044925,325,15
58695,desterro,PB,-7.28932857220005,-37.089066569454,1168,15
58700,patos,PB,-7.02635482457736,-37.27599844516,2711,15
58701,patos,PB,-7.03498838515079,-37.2841546607764,2711,15
58703,patos,PB,-7.0272456296983,-37.2878139914834,2711,15
58704,patos,PB,-7.01730136292911,-37.2844146471379,2711,15
58706,patos,PB,-7.01710577711531,-37.2751481809952,2711,15
58707,patos,PB,-7.04812692233264,-37.2740078602672,2711,15
58735,teixeira,PB,-7.22348224994209,-37.2533613117892,3819,15
58740,mae d'agua,PB,-7.24485764964092,-37.4180706672469,2149,15
58745,imaculada,PB,-7.38713464852914,-37.5084435363065,1645,15
58748,agua branca,PB,-7.5153949767768,-37.6398493782455,38,15
58750,juru,PB,-7.53700019451819,-37.8184914799628,2010,15
58755,princesa isabel,PB,-7.73629977602669,-37.9899911951835,3002,15
58765,pianco,PB,-7.19868351577048,-37.9249483035016,2798,15
58770,coremas,PB,-7.01825757043902,-37.9442554981023,1054,15
58780,itaporanga,PB,-7.30569502298093,-38.151736543849,1817,15
58790,pedra branca,PB,-7.42853498516679,-38.0705085989162,2741,15
58801,sousa,PB,-6.75518382589987,-38.2240238193899,3748,15
58802,sousa,PB,-6.76055370545445,-38.2260055674483,3748,15
58804,sousa,PB,-6.77066842110752,-38.2269962112398,3748,15
58807,sousa,PB,-6.76599910869418,-38.2335869157206,3748,15
58818,sao francisco,PB,-6.61816731126949,-38.0963411280965,3438,15
58830,jerico,PB,-6.5531292791846,-37.8057202178639,1954,15
58835,lagoa,PB,-6.59049303969738,-37.915581885472,2029,15
58840,pombal,PB,-6.76754691453374,-37.7958297081599,2904,15
58857,sao bentinho,PB,-6.89125223197497,-37.7253529923236,3405,15
58860,paulista,PB,-6.59837875448804,-37.6230912918883,2726,15
58865,sao bento,PB,-6.491794555348279,-37.451862106329,3406,15
58880,brejo dos santos,PB,-6.37687997824728,-37.8254434467926,571,15
58884,catole do rocha,PB,-6.35480315033272,-37.7215724913465,892,15
58890,brejo do cruz,PB,-6.34754264719811,-37.4999982744409,570,15
58900,cajazeiras,PB,-6.8877451563284,-38.5589425088789,658,15
58915,uirauna,PB,-6.51896463595403,-38.4120651127413,3946,15
58920,triunfo,PB,-6.57959676961102,-38.5973451998937,3903,15
58960,bonito de santa fe,PB,-7.31334294655516,-38.5142180415855,535,15
58970,conceicao,PB,-7.55704744905158,-38.5065789646006,1002,15
58980,ibiara,PB,-7.50353473155623,-38.4075353378361,1575,15
58995,manaira,PB,-7.72439246741457,-38.1854671369037,2167,15
59010,natal,RN,-5.770951494995411,-35.1995522728162,2427,20
59012,natal,RN,-5.77997567577143,-35.2001589858355,2427,20
59014,natal,RN,-5.78981788886489,-35.1924184064455,2427,20
59015,natal,RN,-5.80575751660412,-35.1997338419056,2427,20
59020,natal,RN,-5.79224436272869,-35.2015197925392,2427,20
59022,natal,RN,-5.80203478824124,-35.2066921260126,2427,20
59025,natal,RN,-5.78706177544442,-35.2067315453187,2427,20
59030,natal,RN,-5.79778262627769,-35.2120391998891,2427,20
59032,natal,RN,-5.80568232555198,-35.2167447954388,2427,20
59035,natal,RN,-5.80090968625544,-35.2295767306308,2427,20
59037,natal,RN,-5.80147364112974,-35.2236016997221,2427,20
59040,natal,RN,-5.78621457239775,-35.2256174859497,2427,20
59042,natal,RN,-5.79433656081708,-35.235893006614,2427,20
59052,natal,RN,-5.80774520185352,-35.2298816256537,2427,20
59054,natal,RN,-5.81120038737849,-35.2201122683421,2427,20
59056,natal,RN,-5.81761855369185,-35.2050892697108,2427,20
59060,natal,RN,-5.81616310032971,-35.237839309413,2427,20
59062,natal,RN,-5.81598859462608,-35.2269699724239,2427,20
59063,natal,RN,-5.82219053566466,-35.2212071188833,2427,20
59064,natal,RN,-5.83460520328227,-35.2188902530088,2427,20
59065,natal,RN,-5.837772582291,-35.2190183264895,2427,20
59066,natal,RN,-5.85168799829613,-35.2175657020981,2427,20
59067,natal,RN,-5.87099177649812,-35.2286742153627,2427,20
59068,natal,RN,-5.85807323002309,-35.2393329825513,2427,20
59069,natal,RN,-5.84756120198158,-35.2420815514585,2427,20
59070,natal,RN,-5.82307386144733,-35.2356792138287,2427,20
59071,natal,RN,-5.82276152075994,-35.2391670593567,2427,20
59073,natal,RN,-5.8492516283041,-35.2531311410583,2427,20
59074,natal,RN,-5.82855806183867,-35.2612134045102,2427,20
59075,natal,RN,-5.82359711505126,-35.2084315848945,2427,20
59076,natal,RN,-5.82979051426621,-35.2144821733338,2427,20
59077,natal,RN,-5.84024806522303,-35.2079307503462,2427,20
59078,natal,RN,-5.84692774626025,-35.2037747682084,2427,20
59080,natal,RN,-5.85534403856654,-35.2082284443252,2427,20
59082,natal,RN,-5.86257940664892,-35.1960309678648,2427,20
59084,natal,RN,-5.8696126375652,-35.2009868198458,2427,20
59086,natal,RN,-5.86660436921228,-35.2102728777382,2427,20
59088,natal,RN,-5.87562507448497,-35.2041408301393,2427,20
59090,natal,RN,-5.87992875883264,-35.176935908933,2427,20
59091,natal,RN,-5.87939332015166,-35.1981946122876,2427,20
59092,natal,RN,-5.88004876649723,-35.1805736508282,2427,20
59094,natal,RN,-5.87151427931558,-35.1838575232473,2427,20
59104,natal,RN,-5.77040724786263,-35.2594392116508,2427,20
59106,natal,RN,-5.7703538265026,-35.2697446194876,2427,20
59108,natal,RN,-5.76297298216729,-35.2585456030627,2427,20
59110,natal,RN,-5.75593060810575,-35.2541278125777,2427,20
59112,natal,RN,-5.7555682856607,-35.2589331952801,2427,20
59114,natal,RN,-5.75257782114611,-35.2723865072542,2427,20
59115,natal,RN,-5.7516896449525,-35.2769420364894,2427,20
59120,natal,RN,-5.75629979822219,-35.245130047204,2427,20
59122,natal,RN,-5.74975590636235,-35.2238664716274,2427,20
59123,natal,RN,-5.73941060226218,-35.245750718229,2427,20
59124,natal,RN,-5.74662979111207,-35.2474662924823,2427,20
59125,natal,RN,-5.7465782252619,-35.2433396370339,2427,20
59127,natal,RN,-5.75047379973176,-35.2507997152311,2427,20
59129,natal,RN,-5.74349776233086,-35.259137330326,2427,20
59133,natal,RN,-5.73793118400378,-35.2365927177121,2427,20
59135,natal,RN,-5.72999449976842,-35.2522170677127,2427,20
59139,natal,RN,-5.72945282992692,-35.266136180112,2427,20
59140,parnamirim,RN,-5.92429649128636,-35.2639472265668,2694,20
59141,parnamirim,RN,-5.92108846907109,-35.2754899330855,2694,20
59143,parnamirim,RN,-5.92925234176667,-35.2700420893736,2694,20
59144,parnamirim,RN,-5.9442575253534,-35.285416098201,2694,20
59145,parnamirim,RN,-5.91267885018481,-35.2801342456675,2694,20
59146,parnamirim,RN,-5.90710569968943,-35.2616298253866,2694,20
59149,parnamirim,RN,-5.88164280184424,-35.2491882582101,2694,20
59150,parnamirim,RN,-5.87833397692459,-35.2137699574458,2694,20
59151,parnamirim,RN,-5.88363292051078,-35.2038494897218,2694,20
59152,parnamirim,RN,-5.88656345278808,-35.2082413159382,2694,20
59155,parnamirim,RN,-5.92823541282218,-35.2502411308104,2694,20
59158,parnamirim,RN,-5.92344604970615,-35.219361727338,2694,20
59160,parnamirim,RN,-5.94556241650249,-35.167461305892,2694,20
59162,sao jose de mipibu,RN,-6.069282880103,-35.2463967039486,3510,20
59173,goianinha,RN,-6.26884724669389,-35.2089617936248,1444,20
59178,tibau do sul,RN,-6.22960531501903,-35.0583177189023,3848,20
59182,monte alegre,RN,-6.07073066588015,-35.3355711735261,2347,20
59184,vera cruz,RN,-6.04965233178817,-35.4323754000777,4029,20
59192,vila flor,RN,-6.31672496774859,-35.0772244210613,4056,20
59196,pedro velho,RN,-6.43572967465714,-35.2194121760829,2763,20
59198,montanhas,RN,-6.48850109357998,-35.2873647107527,2345,20
59200,santa cruz,RN,-6.22779224478199,-36.021045831297,3253,20
59213,japi,RN,-6.46657406248945,-35.9461800200206,1919,20
59214,serra de sao bento,RN,-6.417963758748,-35.7085853019654,3683,20
59215,nova cruz,RN,-6.4801497212964305,-35.4327993037151,2474,20
59227,lagoa d'anta,RN,-6.39062512587132,-35.5978689893908,2030,20
59247,lagoa salgada,RN,-6.122106,-35.4752789306237,2048,20
59255,santo antonio,RN,-6.31202377944439,-35.4805464335186,3362,20
59275,sao jose do campestre,RN,-6.31945082017844,-35.7111504905125,3516,20
59280,macaiba,RN,-5.85676496049975,-35.3510243299243,2127,20
59290,sao goncalo do amarante,RN,-5.77672035673723,-35.3005597748718,3455,20
59295,sao goncalo do amarante,RN,-5.77183631000283,-35.2801072644111,3455,20
59296,sao goncalo do amarante,RN,-5.7741902705844,-35.2711432760967,3455,20
59300,caico,RN,-6.464149783799739,-37.0935938887788,650,20
59310,sao joao do sabugi,RN,-6.71653248155086,-37.2019435041065,3485,20
59315,ipueira,RN,-6.81590408588083,-37.1988133237727,1704,20
59324,jardim de piranhas,RN,-6.37930264754904,-37.3497288514661,1932,20
59330,jucurutu,RN,-6.03865594907119,-37.0219173906473,1993,20
59335,florania,RN,-6.12483177431162,-36.8140104509945,1344,20
59340,sao vicente,RN,-6.21832764501698,-36.6825732208073,3624,20
59343,jardim do serido,RN,-6.58777758651577,-36.7741764958824,1933,20
59350,santana do serido,RN,-6.77228308060095,-36.735885061556,3348,20
59360,parelhas,RN,-6.68973643759498,-36.6605708294671,2688,20
59370,acari,RN,-6.43612491557511,-36.6403355293306,19,20
59374,carnauba dos dantas,RN,-6.55687822575505,-36.5925124815192,853,20
59378,sao jose do serido,RN,-6.44890279153824,-36.8787988084737,3531,20
59380,currais novos,RN,-6.25932471408286,-36.5187526320877,1146,20
59390,lagoa nova,RN,-6.09512366522391,-36.4685172704674,2046,20
59400,sao tome,RN,-5.97423245905332,-36.0751588791643,3621,20
59430,lagoa de velhos,RN,-6.00032008180169,-35.869540046256,2035,20
59440,sitio novo,RN,-6.10752907461681,-35.9137834081698,3733,20
59460,sao paulo do potengi,RN,-5.89661022662929,-35.7628806397414,3584,20
59464,santa maria,RN,-5.84076151578525,-35.6929634845428,3290,20
59490,ielmo marinho,RN,-5.82380615030151,-35.5528309689959,1613,20
59500,macau,RN,-5.11436393700637,-36.6318560507976,2133,20
59504,pendencias,RN,-5.25930587531555,-36.7185407180949,2770,20
59507,alto do rodrigues,RN,-5.29488246695531,-36.7581227654353,118,20
59515,angicos,RN,-5.66603171630403,-36.603273644078,184,20
59518,sao rafael,RN,-5.80320112660443,-36.8862373339404,3598,20
59528,bodo,RN,-5.98898792641024,-36.4124318169212,499,20
59550,joao camara,RN,-5.53942357772068,-35.8176849628547,1968,20
59570,ceara-mirim,RN,-5.63768223537191,-35.4229898132548,904,20
59575,extremoz,RN,-5.69625902850865,-35.2817793328933,1306,20
59585,sao miguel do gostoso,RN,-5.13310423016772,-35.661678499379,3570,20
59592,caicara do norte,RN,-5.06337296619642,-36.0511282973429,649,20
59594,jandaira,RN,-5.35660897036184,-36.1254439522594,1911,20
59596,galinhos,RN,-5.09802027873721,-36.2418210711995,1403,20
59598,guamare,RN,-5.11449652678427,-36.3230270997207,1487,20
59600,mossoro,RN,-5.20050820330221,-37.3501152759781,2397,20
59603,mossoro,RN,-5.18996471254512,-37.3507467447701,2397,20
59604,mossoro,RN,-5.20850368149881,-37.3624418976105,2397,20
59607,mossoro,RN,-5.18511502382063,-37.3634277520503,2397,20
59610,mossoro,RN,-5.190287925014,-37.3398442825554,2397,20
59611,mossoro,RN,-5.18175479801834,-37.3471605289817,2397,20
59612,mossoro,RN,-5.1750115601728,-37.3589795859909,2397,20
59614,mossoro,RN,-5.15407384095141,-37.3622713292357,2397,20
59618,mossoro,RN,-5.18237423073426,-37.3370424760009,2397,20
59619,mossoro,RN,-5.17583849470704,-37.3461704924714,2397,20
59621,mossoro,RN,-5.17047613172232,-37.3350230056051,2397,20
59625,mossoro,RN,-5.20450906490785,-37.3260255432466,2397,20
59626,mossoro,RN,-5.20334525487904,-37.3016084382749,2397,20
59631,mossoro,RN,-5.21357095398484,-37.3362357809224,2397,20
59650,acu,RN,-5.5786775464172,-36.9148050732855,23,20
59655,areia branca,RN,-4.95603199286676,-37.127839490279,287,20
59665,carnaubais,RN,-5.33773387907727,-36.8363068950417,854,20
59670,upanema,RN,-5.64292764726412,-37.2599919606656,3962,20
59690,janduis,RN,-6.01781152298383,-37.4071241403261,1913,20
59695,barauna,RN,-5.08009058076259,-37.6164613994996,386,20
59700,apodi,RN,-5.660856970578199,-37.7974526095104,220,20
59760,almino afonso,RN,-6.15524753074503,-37.768183002215,97,20
59770,patu,RN,-6.103729274856069,-37.639415885109,2716,20
59775,messias targino,RN,-6.07913734590971,-37.5144364581557,2285,20
59780,caraubas,RN,-5.78953710369354,-37.5585688334813,821,20
59790,governador dix-sept rosado,RN,-5.45087103459035,-37.524499346387,1456,20
59795,felipe guerra,RN,-5.58216774342533,-37.7005596540017,1322,20
59800,martins,RN,-6.08964236478844,-37.9121308455194,2237,20
59810,portalegre,RN,-6.02521718007626,-37.9882838169731,2931,20
59815,vicosa,RN,-5.99247268715151,-37.9440903222711,4048,20
59820,riacho da cruz,RN,-5.93630049149536,-37.9487263329019,3085,20
59830,rodolfo fernandes,RN,-5.78915340986777,-38.0606526329991,3176,20
59855,itau,RN,-5.84083370802179,-37.9930477826378,1837,20
59856,severiano melo,RN,-5.787331662729,-37.9639146375096,3710,20
59870,antonio martins,RN,-6.2142660577689,-37.8967171224425,203,20
59890,frutuoso gomes,RN,-6.16026077620985,-37.8414295457084,1399,20
59900,pau dos ferros,RN,-6.11306189477227,-38.206670045518,2720,20
59902,francisco dantas,RN,-6.08820988766451,-38.124191229337,1382,20
59920,sao miguel,RN,-6.21125920619541,-38.4962622933237,3563,20
59930,coronel joao pessoa,RN,-6.26568909315223,-38.441265941522,1066,20
59955,tenente ananias,RN,-6.4642887275672,-38.1800776474547,3826,20
59965,alexandria,RN,-6.41335565706921,-38.0139672601229,84,20
59970,marcelino vieira,RN,-6.29072065342199,-38.1625776420083,2204,20
59980,jose da penha,RN,-6.31850405809004,-38.2850623493282,1983,20
59995,agua nova,RN,-6.20520624359178,-38.2914605071108,45,20
60010,fortaleza,CE,-3.7231418057554,-38.5433126556317,1371,6
60015,fortaleza,CE,-3.73086231864198,-38.5365882265076,1371,6
60020,fortaleza,CE,-3.73807085839933,-38.5356956218146,1371,6
60025,fortaleza,CE,-3.73594163165626,-38.531211615038,1371,6
60030,fortaleza,CE,-3.72337489964857,-38.5355705355863,1371,6
60035,fortaleza,CE,-3.72996550440695,-38.5359847735911,1371,6
60040,fortaleza,CE,-3.74384856322891,-38.529076295793594,1371,6
60050,fortaleza,CE,-3.74393494812075,-38.5276176566584,1371,6
60055,fortaleza,CE,-3.74213064918409,-38.5239051708126,1371,6
60060,fortaleza,CE,-3.72346960016684,-38.5159199403502,1371,6
60110,fortaleza,CE,-3.7350544672529,-38.516716250629,1371,6
60115,fortaleza,CE,-3.73456878838418,-38.5105338692628,1371,6
60120,fortaleza,CE,-3.74838458741439,-38.5100881857993,1371,6
60125,fortaleza,CE,-3.73788169016815,-38.5027008801419,1371,6
60130,fortaleza,CE,-3.75363702142927,-38.5126015380493,1371,6
60135,fortaleza,CE,-3.74514623812966,-38.5040410642394,1371,6
60140,fortaleza,CE,-3.73877275211375,-38.5042566687452,1371,6
60150,fortaleza,CE,-3.73547110259902,-38.5010226822103,1371,6
60160,fortaleza,CE,-3.73005284065849,-38.4998339946225,1371,6
60165,fortaleza,CE,-3.72558891505842,-38.4934482482124,1371,6
60170,fortaleza,CE,-3.7383811165922998,-38.4960193281142,1371,6
60175,fortaleza,CE,-3.73562760231367,-38.4826009177171,1371,6
60177,fortaleza,CE,-3.74057181093711,-38.4631204227562,1371,6
60180,fortaleza,CE,-3.71482633349334,-38.4704847430784,1371,6
60181,fortaleza,CE,-3.72927722001279,-38.4727132669747,1371,6
60182,fortaleza,CE,-3.7362956297287,-38.4594540054956,1371,6
60184,fortaleza,CE,-3.7268955,-38.468889,1371,6
60190,fortaleza,CE,-3.75137453390185,-38.4724023539653,1371,6
60191,fortaleza,CE,-3.74716173580895,-38.4701103501174,1371,6
60192,fortaleza,CE,-3.74418471270646,-38.4841883946307,1371,6
60310,fortaleza,CE,-3.71444447943013,-38.5523356002712,1371,6
60312,fortaleza,CE,-3.70914244351042,-38.5704644622427,1371,6
60320,fortaleza,CE,-3.7280920246056604,-38.5570547510028,1371,6
60321,fortaleza,CE,-3.72632827914594,-38.5578199128356,1371,6
60325,fortaleza,CE,-3.73019985250735,-38.55340216349369,1371,6
60326,fortaleza,CE,-3.7238441979449,-38.5525384885163,1371,6
60330,fortaleza,CE,-3.71458255914437,-38.5842043877979,1371,6
60331,fortaleza,CE,-3.70971706574413,-38.5788169485411,1371,6
60332,fortaleza,CE,-3.70242764433493,-38.5794491789316,1371,6
60335,fortaleza,CE,-3.71541758848027,-38.5647471809403,1371,6
60336,fortaleza,CE,-3.7170848389413904,-38.5725806892878,1371,6
60337,fortaleza,CE,-3.70838470240328,-38.5674138283418,1371,6
60340,fortaleza,CE,-3.72469905440192,-38.5800432476298,1371,6
60341,fortaleza,CE,-3.73614012878704,-38.5782298076969,1371,6
60345,fortaleza,CE,-3.72115434055601,-38.600702891271,1371,6
60346,fortaleza,CE,-3.72380573973658,-38.5902700227137,1371,6
60347,fortaleza,CE,-3.7164091647136197,-38.5898106004609,1371,6
60348,fortaleza,CE,-3.7174904631035006,-38.5992847575738,1371,6
60349,fortaleza,CE,-3.71265510143839,-38.6032578276037,1371,6
60351,fortaleza,CE,-3.72977949802537,-38.5944487591039,1371,6
60353,fortaleza,CE,-3.7236329545937905,-38.6043607280945,1371,6
60355,fortaleza,CE,-3.73170886555046,-38.5696316040594,1371,6
60356,fortaleza,CE,-3.7360797593758,-38.5786955470498,1371,6
60360,fortaleza,CE,-3.74401877151467,-38.5884956046539,1371,6
60410,fortaleza,CE,-3.7636458608182,-38.5398392505821,1371,6
60411,fortaleza,CE,-3.7561612605706,-38.5311320222866,1371,6
60415,fortaleza,CE,-3.75516411027818,-38.5284026820222,1371,6
60416,fortaleza,CE,-3.75540901329056,-38.5451290174025,1371,6
60420,fortaleza,CE,-3.76661787176334,-38.541727247513,1371,6
60421,fortaleza,CE,-3.77112420111303,-38.5567394967167,1371,6
60425,fortaleza,CE,-3.75624565246652,-38.5500144719025,1371,6
60426,fortaleza,CE,-3.75503333886186,-38.5527449598147,1371,6
60430,fortaleza,CE,-3.74598821520399,-38.5514734783427,1371,6
60431,fortaleza,CE,-3.74011726703202,-38.5492692016143,1371,6
60440,fortaleza,CE,-3.7583961685805796,-38.56817645033781,1371,6
60441,fortaleza,CE,-3.7607982354559,-38.5753540922269,1371,6
60442,fortaleza,CE,-3.75503335744809,-38.5627455510363,1371,6
60450,fortaleza,CE,-3.7379519902593104,-38.5565137140526,1371,6
60455,fortaleza,CE,-3.7417755077038,-38.5601461324096,1371,6
60510,fortaleza,CE,-3.76298298435241,-38.581184030186,1371,6
60511,fortaleza,CE,-3.75145268613501,-38.5808320975023,1371,6
60512,fortaleza,CE,-3.75199169233856,-38.579289129716,1371,6
60520,fortaleza,CE,-3.7740415075530493,-38.5794576653038,1371,6
60521,fortaleza,CE,-3.76120838310676,-38.583122180252,1371,6
60525,fortaleza,CE,-3.76800065700766,-38.5852782666829,1371,6
60526,fortaleza,CE,-3.75630511170335,-38.593548434305,1371,6
60530,fortaleza,CE,-3.77040974999994,-38.6095159999999,1371,6
60531,fortaleza,CE,-3.76609114285708,-38.6077112857142,1371,6
60532,fortaleza,CE,-3.77296599999994,-38.6166041437691,1371,6
60533,fortaleza,CE,-3.76575678729765,-38.6104688831529,1371,6
60534,fortaleza,CE,-3.75828402513172,-38.5974601193595,1371,6
60540,fortaleza,CE,-3.78558591487704,-38.613777776789,1371,6
60541,fortaleza,CE,-3.78057609952164,-38.5944869007113,1371,6
60542,fortaleza,CE,-3.78044074313288,-38.5834192204397,1371,6
60543,fortaleza,CE,-3.79249445176323,-38.6011697156957,1371,6
60545,fortaleza,CE,-3.78429215490371,-38.5994888578404,1371,6
60710,fortaleza,CE,-3.78662666822132,-38.5679454811844,1371,6
60711,fortaleza,CE,-3.8013721158710303,-38.5643482978604,1371,6
60712,fortaleza,CE,-3.8006973441168,-38.5663343163709,1371,6
60713,fortaleza,CE,-3.79796538590325,-38.5811801357146,1371,6
60714,fortaleza,CE,-3.78613174033698,-38.5532506965894,1371,6
60720,fortaleza,CE,-3.77619514287769,-38.5709045303457,1371,6
60721,fortaleza,CE,-3.77883865438968,-38.5711133975941,1371,6
60730,fortaleza,CE,-3.79107420237575,-38.5831742782101,1371,6
60731,fortaleza,CE,-3.80446431943692,-38.6003769570004,1371,6
60732,fortaleza,CE,-3.80920896150422,-38.6189322151637,1371,6
60734,fortaleza,CE,-3.82344189016234,-38.5857873212278,1371,6
60741,fortaleza,CE,-3.78994366210174,-38.5505885415002,1371,6
60742,fortaleza,CE,-3.78843513971983,-38.5415862859593,1371,6
60743,fortaleza,CE,-3.80094896616717,-38.537121346594596,1371,6
60744,fortaleza,CE,-3.8041332143311,-38.5439542722021,1371,6
60750,fortaleza,CE,-3.83119347003287,-38.5558405486815,1371,6
60752,fortaleza,CE,-3.8189935970558,-38.5701922244917,1371,6
60760,fortaleza,CE,-3.8337325433350506,-38.5677176573596,1371,6
60761,fortaleza,CE,-3.81774245899132,-38.5620342248741,1371,6
60762,fortaleza,CE,-3.81551370523159,-38.5771207690142,1371,6
60763,fortaleza,CE,-3.81454845169101,-38.5854744648021,1371,6
60764,fortaleza,CE,-3.81073773520482,-38.5832657561441,1371,6
60765,fortaleza,CE,-3.82521020596918,-38.5907830944886,1371,6
60766,fortaleza,CE,-3.83077608406547,-38.5725880306979,1371,6
60767,fortaleza,CE,-3.81750749592185,-38.5807648924734,1371,6
60768,fortaleza,CE,-3.82061205899992,-38.5694019999999,1371,6
60810,fortaleza,CE,-3.7638466793619494,-38.4901035232534,1371,6
60811,fortaleza,CE,-3.77171023451146,-38.4887879140084,1371,6
60812,fortaleza,CE,-3.76797302800897,-38.4763624343733,1371,6
60813,fortaleza,CE,-3.78137373625439,-38.4863215412291,1371,6
60820,fortaleza,CE,-3.78512447095788,-38.5087990705573,1371,6
60821,fortaleza,CE,-3.78717394414092,-38.4928675073452,1371,6
60822,fortaleza,CE,-3.79868274351593,-38.4932083248377,1371,6
60824,fortaleza,CE,-3.8030218639431,-38.4902548965702,1371,6
60830,fortaleza,CE,-3.80868162209428,-38.4755374635383,1371,6
60831,fortaleza,CE,-3.8233253352183594,-38.4661291565568,1371,6
60833,fortaleza,CE,-3.79572361223429,-38.4703730987555,1371,6
60834,fortaleza,CE,-3.78618147127383,-38.466298445632,1371,6
60835,fortaleza,CE,-3.79802384022995,-38.4327345895487,1371,6
60840,fortaleza,CE,-3.8299367758208,-38.4937574782309,1371,6
60841,fortaleza,CE,-3.8195324538029505,-38.4917082181608,1371,6
60842,fortaleza,CE,-3.82451493706885,-38.5007787400051,1371,6
60844,fortaleza,CE,-3.82387022062478,-38.4784350819641,1371,6
60850,fortaleza,CE,-3.77324651498397,-38.5139338885064,1371,6
60851,fortaleza,CE,-3.76637387438956,-38.5133360639641,1371,6
60861,fortaleza,CE,-3.8053468639357595,-38.5240013392902,1371,6
60862,fortaleza,CE,-3.81612160638783,-38.5176434008738,1371,6
60863,fortaleza,CE,-3.82462516037891,-38.5147991764593,1371,6
60864,fortaleza,CE,-3.80052542607042,-38.5074410788422,1371,6
60865,fortaleza,CE,-3.83840241385539,-38.5161207243425,1371,6
60866,fortaleza,CE,-3.83477706331008,-38.5215019920099,1371,6
60867,fortaleza,CE,-3.80207232496945,-38.5210442436311,1371,6
60870,fortaleza,CE,-3.84586678057347,-38.5199790657514,1371,6
60871,fortaleza,CE,-3.83679017557774,-38.4916865274786,1371,6
60872,fortaleza,CE,-3.84458589674945,-38.4836884291772,1371,6
60873,fortaleza,CE,-3.8554648838122,-38.498657096328,1371,6
60874,fortaleza,CE,-3.83910614281595,-38.5149023068439,1371,6
60875,fortaleza,CE,-3.84041337743257,-38.4880581235336,1371,6
60876,fortaleza,CE,-3.84267967412731,-38.5273126241438,1371,6
61600,caucaia,CE,-3.72744189388435,-38.6627070543766,897,6
61601,caucaia,CE,-3.71447275530818,-38.646559280386,897,6
61602,caucaia,CE,-3.72878711171969,-38.6488233388507,897,6
61605,caucaia,CE,-3.7489661027411,-38.6845335285825,897,6
61610,caucaia,CE,-3.72848824412433,-38.6592254921672,897,6
61615,caucaia,CE,-3.73067499424769,-38.6989070348178,897,6
61620,caucaia,CE,-3.65741889844629,-38.6954047272528,897,6
61624,caucaia,CE,-3.66352619925288,-38.6837553960604,897,6
61625,caucaia,CE,-3.70079510868954,-38.663387216124,897,6
61631,caucaia,CE,-3.69691666040738,-38.5960962172718,897,6
61635,caucaia,CE,-3.73862043452203,-38.6097922937717,897,6
61637,caucaia,CE,-3.66256237939041,-38.7981322201378,897,6
61645,caucaia,CE,-3.75569303999734,-38.6139613505345,897,6
61648,caucaia,CE,-3.75663980207231,-38.6184511165987,897,6
61650,caucaia,CE,-3.7609334596444994,-38.6234294274476,897,6
61652,caucaia,CE,-3.7734590423399994,-38.6265652999156,897,6
61654,caucaia,CE,-3.74005134251558,-38.6446583823731,897,6
61656,caucaia,CE,-3.76637720381067,-38.6486431496452,897,6
61658,caucaia,CE,-3.76676599560374,-38.6553640919557,897,6
61663,caucaia,CE,-3.78088430675568,-38.658085251101,897,6
61700,aquiraz,CE,-3.91232265235421,-38.3764349854688,228,6
61760,eusebio,CE,-3.87808461283756,-38.4586571230597,1303,6
61800,pacatuba,CE,-3.95384122609766,-38.6151676408646,2602,6
61801,pacatuba,CE,-3.98271343788925,-38.6140639304366,2602,6
61809,pacatuba,CE,-3.90726255132017,-38.5995900516054,2602,6
61814,pacatuba,CE,-3.89254024256571,-38.6054242031012,2602,6
61880,itaitinga,CE,-3.9520219880929894,-38.5231484018359,1759,6
61890,guaiuba,CE,-4.04425195137084,-38.6428552014774,1485,6
61900,maracanau,CE,-3.87887417022591,-38.6187459794768,2194,6
61901,maracanau,CE,-3.88239186512553,-38.6191753025651,2194,6
61903,maracanau,CE,-3.88184099372074,-38.6329311024626,2194,6
61905,maracanau,CE,-3.87011325722544,-38.6266497844996,2194,6
61919,maracanau,CE,-3.84607831245109,-38.6121435501596,2194,6
61920,maracanau,CE,-3.85014558561789,-38.6125699026699,2194,6
61921,maracanau,CE,-3.84275637682604,-38.6131041369787,2194,6
61925,maracanau,CE,-3.85798023533257,-38.5980040447172,2194,6
61932,maracanau,CE,-3.85871737932644,-38.5843842578157,2194,6
61933,maracanau,CE,-3.86892087159783,-38.6014063729083,2194,6
61934,maracanau,CE,-3.8751524793805,-38.5936206837648,2194,6
61936,maracanau,CE,-3.87661199995274,-38.606769726824,2194,6
61939,maracanau,CE,-3.87314810649598,-38.6001567606847,2194,6
61940,maranguape,CE,-3.89524858310636,-38.6844409251133,2198,6
61943,maranguape,CE,-3.87345280045229,-38.6723644031899,2198,6
61948,maranguape,CE,-3.90634039078975,-38.6823828034156,2198,6
61962,lages,CE,-3.95324222911434,-38.6939484843121,2025,6
61979,amanari,CE,-3.50451494126421,-39.5728979399024,144,6
62010,sobral,CE,-3.68773166856749,-40.3513869722792,3736,6
62011,sobral,CE,-3.68571587823747,-40.3522109960563,3736,6
62015,sobral,CE,-3.69294499035088,-40.3631908905338,3736,6
62016,sobral,CE,-3.6974344998249,-40.3679876030768,3736,6
62020,sobral,CE,-3.69155488882103,-40.3685746270894,3736,6
62021,sobral,CE,-3.69111824523208,-40.3860377682921,3736,6
62022,sobral,CE,-3.68511378142136,-40.3640296588625,3736,6
62030,sobral,CE,-3.67636165577107,-40.3627185417877,3736,6
62039,sobral,CE,-3.67052265451201,-40.350173150598,3736,6
62040,sobral,CE,-3.68435403760088,-40.3346263283774,3736,6
62050,sobral,CE,-3.70134493925579,-40.3363935742617,3736,6
62051,sobral,CE,-3.69767647590059,-40.3405712090224,3736,6
62053,sobral,CE,-3.70116434768313,-40.314408430997,3736,6
62106,taperuaba,CE,-4.08085310593074,-39.947463538732,3795,6
62115,forquilha,CE,-3.80155125397119,-40.2630308453019,1369,6
62130,meruoca,CE,-3.54425511901351,-40.4617868469754,2283,6
62140,massape,CE,-3.52259076100524,-40.3484190089941,2240,6
62150,santana do acarau,CE,-3.46116016214977,-40.2042307001212,3336,6
62160,coreau,CE,-3.56508549220612,-40.6625966386869,1053,6
62170,mucambo,CE,-3.90572699647877,-40.7461275588152,2401,6
62180,pacuja,CE,-3.97986275318508,-40.6960043152521,2606,6
62184,carire,CE,-3.94895218074863,-40.4753495714187,832,6
62190,groairas,CE,-3.91680067084461,-40.3857772090262,1474,6
62200,nova russas,CE,-4.70852599937503,-40.55730268868141,2515,6
62215,ipaporanga,CE,-4.90811729927855,-40.7625212685025,1681,6
62230,ipueiras,CE,-4.54393965437073,-40.7136322685655,1705,6
62250,ipu,CE,-4.32704875798419,-40.7113454408948,1701,6
62255,pires ferreira,CE,-4.25175167620517,-40.6250355077854,2870,6
62260,reriutaba,CE,-4.14240550480017,-40.5820422553457,3073,6
62265,varjota,CE,-4.18056841219074,-40.4248097325483,4009,6
62270,hidrolandia,CE,-4.4087870127259,-40.4035976963101,1545,6
62280,santa quiteria,CE,-4.33432980865321,-40.154090362212,3304,6
62300,vicosa do ceara,CE,-3.5622765892005,-41.0970065483483,4049,6
62320,tiangua,CE,-3.7257113521069503,-40.9916087503825,3846,6
62340,frecheirinha,CE,-3.75899059896036,-40.8161516375968,1388,6
62350,ubajara,CE,-3.84947864552017,-40.9178448853694,3936,6
62360,ibiapina,CE,-3.92474916981532,-40.8932619360655,1574,6
62370,sao benedito,CE,-4.04577649503885,-40.8652539452634,3402,6
62375,carnaubal,CE,-4.16476401942149,-40.9387233590861,855,6
62380,guaraciaba do norte,CE,-4.16861750276697,-40.7677514489188,1503,6
62390,croata,CE,-4.40667414123066,-40.9011346285733,1118,6
62400,camocim,CE,-2.90424957984124,-40.8463253030026,691,6
62420,chaval,CE,-3.03627179749981,-41.2425001741348,948,6
62430,granja,CE,-3.13063893183961,-40.8432161377674,1468,6
62460,uruoca,CE,-3.32070389492129,-40.5802740399629,3979,6
62500,itapipoca,CE,-3.49619784038669,-39.5809337247476,1806,6
62530,miraima,CE,-3.56691481764956,-39.9385025317007,2307,6
62540,amontada,CE,-3.36546817737459,-39.8300003450547,157,6
62550,morrinhos,CE,-3.24104573930847,-40.1072066202293,2382,6
62560,marco,CE,-3.12379744118568,-40.154145988004,2205,6
62570,bela cruz,CE,-3.05602427609867,-40.171418039839,444,6
62580,acarau,CE,-2.89023814366432,-40.1107820718349,18,6
62590,itarema,CE,-2.93174941774193,-39.9075185946136,1829,6
62595,cruz,CE,-2.91076802962921,-40.1959202364086,1121,6
62598,jijoca de jericoacoara,CE,-2.86299977682942,-40.4783244772835,1962,6
62600,itapaje,CE,-3.68733254231061,-39.5835791795847,1789,6
62620,iraucuba,CE,-3.73617971033325,-39.7868865399833,1721,6
62630,apuiares,CE,-3.94691806094492,-39.4314521718036,225,6
62640,pentecoste,CE,-3.79574258306212,-39.2725651494403,2773,6
62650,uruburetama,CE,-3.62225089279785,-39.5080407788779,3972,6
62655,tururu,CE,-3.59810489807236,-39.436146686739,3925,6
62665,sao luis do curu,CE,-3.67093881564236,-39.2401023066791,3550,6
62670,sao goncalo do amarante,CE,-3.60340778924907,-38.9712214744719,3455,6
62680,paracuru,CE,-3.42071763072912,-39.0353693374114,2650,6
62685,paraipaba,CE,-3.43683230022216,-39.1496324303691,2658,6
62690,trairi,CE,-3.2630923212212,-39.2679856796133,3878,6
62700,caninde,CE,-4.3559287899539,-39.314376212285,767,6
62725,lagoa do mato,CE,-4.23860072277854,-39.066520895665,2037,6
62730,caridade,CE,-4.23337406430306,-39.2003505404834,830,6
62740,itapiuna,CE,-4.56192090228147,-38.9208509076592,1813,6
62748,capistrano,CE,-4.46773052888804,-38.9013246109023,796,6
62750,aracoiaba,CE,-4.39855870229238,-38.7690469636799,237,6
62755,ocara,CE,-4.48794769605041,-38.5923749359623,2551,6
62760,baturite,CE,-4.33322034402754,-38.8785689916331,439,6
62762,aratuba,CE,-4.41935821224804,-39.0463361193683,276,6
62770,pacoti,CE,-4.22563300374486,-38.9183046497081,2604,6
62790,redencao,CE,-4.23004561374875,-38.7291819010378,3062,6
62795,barreira,CE,-4.29117602564577,-38.6417165334928,419,6
62800,aracati,CE,-4.56671423793755,-37.7642038840789,231,6
62810,icapui,CE,-4.70290844150304,-37.3741208133916,1604,6
62815,fortim,CE,-4.45457003311969,-37.8057065288981,1373,6
62820,itaicaba,CE,-4.68648143171224,-37.8309190793562,1755,6
62823,jaguaruana,CE,-4.8409079445039,-37.7812141934065,1900,6
62840,beberibe,CE,-4.1840316734497,-38.1231590536604,443,6
62850,cascavel,CE,-4.13284910348643,-38.2415931406465,868,6
62860,pindoretama,CE,-4.03275076768987,-38.3052216149366,2824,6
62870,pacajus,CE,-4.17566933397966,-38.4637676194231,2601,6
62875,chorozinho,CE,-4.30979584870399,-38.4928651732265,953,6
62880,horizonte,CE,-4.0992284832976,-38.4942386090834,1549,6
62884,horizonte,CE,-4.11023859583294,-38.484224852591,1549,6
62900,russas,CE,-4.93863783067173,-37.9738262888496,3198,6
62903,flores,CE,-5.99088740931542,-38.3593936640263,1347,6
62910,palhano,CE,-4.74566208690713,-37.9617613995963,2618,6
62920,quixere,CE,-5.07196377888332,-37.9854291565849,3046,6
62930,limoeiro do norte,CE,-5.16348320180879,-38.1050399426353,2091,6
62940,morada nova,CE,-5.09359888677004,-38.3750589520891,2375,6
62955,ibicuitinga,CE,-4.9689759171035,-38.63460467283,1580,6
62960,tabuleiro do norte,CE,-5.24952549897474,-38.1293120244678,3770,6
62970,alto santo,CE,-5.51971248334485,-38.2673738553268,129,6
62980,iracema,CE,-5.8122813383813,-38.31250474551,1709,6
63010,juazeiro do norte,CE,-7.20520375122535,-39.3155368419438,1990,6
63011,juazeiro do norte,CE,-7.19865231908875,-39.3194328726066,1990,6
63020,juazeiro do norte,CE,-7.21452284239153,-39.3096125462059,1990,6
63024,juazeiro do norte,CE,-7.22825058658421,-39.345794891381,1990,6
63028,juazeiro do norte,CE,-7.2159550175281,-39.2995734386094,1990,6
63030,juazeiro do norte,CE,-7.22540481390282,-39.3008473619809,1990,6
63031,juazeiro do norte,CE,-7.23382831496345,-39.294898635194,1990,6
63034,juazeiro do norte,CE,-7.2274788727953,-39.3142135482877,1990,6
63040,juazeiro do norte,CE,-7.24347081914119,-39.3211168421017,1990,6
63041,juazeiro do norte,CE,-7.22706897827387,-39.3303516056964,1990,6
63044,juazeiro do norte,CE,-7.2405633990201,-39.3467381631205,1990,6
63046,juazeiro do norte,CE,-7.24589248497499,-39.3276454561793,1990,6
63048,juazeiro do norte,CE,-7.25168103595017,-39.3070958102501,1990,6
63050,juazeiro do norte,CE,-7.21572981654605,-39.3207883422953,1990,6
63051,juazeiro do norte,CE,-7.23355655376727,-39.3161218179422,1990,6
63100,crato,CE,-7.23235939047155,-39.4101128194869,1100,6
63104,crato,CE,-7.23939156307588,-39.4079221545495,1100,6
63106,crato,CE,-7.25481898715335,-39.423517389351,1100,6
63112,crato,CE,-7.24420422309536,-39.4315660075729,1100,6
63113,crato,CE,-7.23123345908835,-39.4192914095783,1100,6
63122,crato,CE,-7.228197847808329,-39.3980740793801,1100,6
63125,crato,CE,-7.23709176389668,-39.395575418232,1100,6
63132,crato,CE,-7.22561786346995,-39.3762003507895,1100,6
63140,assare,CE,-6.87476327427539,-39.8713972786051,322,6
63150,campos sales,CE,-7.07508607869851,-40.37356961584,741,6
63160,potengi,CE,-7.0790383980209,-40.0564151615924,2965,6
63165,nova olinda,CE,-7.097252821632009,-39.6753718992424,2503,6
63170,araripe,CE,-7.19819023066367,-40.1411180210816,270,6
63180,barbalha,CE,-7.31055566140629,-39.3017302101936,389,6
63190,santana do cariri,CE,-7.18681095479893,-39.7360906801685,3339,6
63195,altaneira,CE,-6.99991963494714,-39.7392994531862,107,6
63200,missao velha,CE,-7.24856863387856,-39.1455628627926,2320,6
63210,mauriti,CE,-7.38773575202977,-38.7721391912991,2269,6
63220,caririacu,CE,-7.04057540708282,-39.288048827102,834,6
63240,abaiara,CE,-7.35824702137839,-39.0458168441213,6,6
63250,milagres,CE,-7.31229126770766,-38.9449341207138,2289,6
63260,brejo santo,CE,-7.48940318775888,-38.9842919475626,573,6
63270,porteiras,CE,-7.5336162593046,-39.1145182522313,2933,6
63280,penaforte,CE,-7.82952501688198,-39.0754994850553,2768,6
63290,jardim,CE,-7.58614593388258,-39.2729686845654,1929,6
63300,lavras da mangabeira,CE,-6.7535726031315,-38.9910074163885,2074,6
63340,ipaumirim,CE,-6.79016142369334,-38.7189082058466,1683,6
63360,aurora,CE,-6.94424561993119,-38.9658941569768,340,6
63380,barro,CE,-7.17394679253336,-38.778493096718,425,6
63400,cedro,CE,-6.60466569230262,-39.0618325900237,906,6
63430,ico,CE,-6.40012536497275,-38.8602555890095,1611,6
63460,pereiro,CE,-6.04647804924668,-38.4606896123802,2781,6
63470,erere,CE,-6.03173549012218,-38.3489811065021,1265,6
63475,jaguaribe,CE,-5.90056108532537,-38.6373660011567,1898,6
63490,jaguaribara,CE,-5.45558958254165,-38.4624763594848,1897,6
63500,iguatu,CE,-6.35943767069803,-39.2918921504704,1633,6
63502,iguatu,CE,-6.37582331843258,-39.2993585274018,1633,6
63503,iguatu,CE,-6.37026970587729,-39.2886410441874,1633,6
63504,iguatu,CE,-6.3668395257557,-39.3050478105375,1633,6
63515,quixelo,CE,-6.24115553947378,-39.1920002946408,3044,6
63520,oros,CE,-6.2445497908189,-38.914971128996,2575,6
63527,guassusse,CE,-6.24507828845422,-38.9151453329459,1529,6
63530,carius,CE,-6.53616049167789,-39.4962740611351,835,6
63540,varzea alegre,CE,-6.7925573393269,-39.2985964021586,4012,6
63560,acopiara,CE,-6.09411774607302,-39.4489784874086,21,6
63570,antonina do norte,CE,-6.77523232310279,-39.9881402128983,199,6
63575,aiuaba,CE,-6.58333862204179,-40.1388744681839,65,6
63580,jucas,CE,-6.52204147226416,-39.5243446609501,1991,6
63590,saboeiro,CE,-6.53440161449891,-39.8735330648516,3205,6
63595,catarina,CE,-6.13321403407986,-39.877865682963,888,6
63600,senador pompeu,CE,-5.58787718938735,-39.3747408815969,3666,6
63610,mombaca,CE,-5.74516412176078,-39.6287855429003,2334,6
63620,solonopole,CE,-5.73631344365506,-39.0177492094637,3742,6
63630,pedra branca,CE,-5.45697491231725,-39.7144967300376,2741,6
63635,milha,CE,-5.67669172290213,-39.1945150046947,2290,6
63640,independencia,CE,-5.39571052234787,-40.3095506493492,1660,6
63645,deputado irapuan pinheiro,CE,-5.8797366321218,-39.2578325396407,1164,6
63660,taua,CE,-6.00190541329654,-40.2932115676067,3815,6
63670,arneiroz,CE,-6.32594369061889,-40.1561398357952,301,6
63680,parambu,CE,-6.2102878470152,-40.6968093435044,2666,6
63700,crateus,CE,-5.17897755390579,-40.6676722014273,1099,6
63740,novo oriente,CE,-5.53652505270469,-40.774149158944,2543,6
63765,sucesso,CE,-4.94238093000589,-40.5379830493132,3751,6
63780,monsenhor tabosa,CE,-4.81106919793834,-40.0664568441803,2341,6
63800,quixeramobim,CE,-5.19870010455144,-39.2937738590746,3045,6
63860,madalena,CE,-4.84209737078036,-39.5646233790963,2146,6
63870,boa viagem,CE,-5.12459309918756,-39.7312966541983,487,6
63900,quixada,CE,-4.96853207804296,-39.0184958461218,3043,6
63903,quixada,CE,-4.97300142915511,-39.0229343118232,3043,6
63905,quixada,CE,-4.98296422865782,-39.0176815916028,3043,6
63907,quixada,CE,-4.96340136094471,-39.0077181937364,3043,6
63908,quixada,CE,-4.96588676242839,-39.0086162988518,3043,6
63960,banabuiu,CE,-5.30542149250868,-38.9196163513418,371,6
64000,teresina,PI,-5.08494572525609,-42.8107516934978,3834,17
64001,teresina,PI,-5.09084353689339,-42.8049219278067,3834,17
64002,teresina,PI,-5.07433790206972,-42.8132854646756,3834,17
64003,teresina,PI,-5.07447184386933,-42.8181135980162,3834,17
64004,teresina,PI,-5.04863833540327,-42.8299839671241,3834,17
64005,teresina,PI,-5.06144788325593,-42.827179944444,3834,17
64006,teresina,PI,-5.05301182823856,-42.8147923461218,3834,17
64007,teresina,PI,-5.0521159474656,-42.8118451365843,3834,17
64008,teresina,PI,-5.03961110605349,-42.8188643511084,3834,17
64009,teresina,PI,-5.03912475100439,-42.8131065981968,3834,17
64010,teresina,PI,-5.06711905308391,-42.7924176720369,3834,17
64012,teresina,PI,-4.98909553444542,-42.8046276677336,3834,17
64013,teresina,PI,-4.99011111308904,-42.8354695806899,3834,17
64014,teresina,PI,-5.09191402225952,-42.7939007096497,3834,17
64015,teresina,PI,-5.09808583100062,-42.7914206714393,3834,17
64016,teresina,PI,-5.10305825757527,-42.7960100890664,3834,17
64017,teresina,PI,-5.10852019571854,-42.7930925442671,3834,17
64018,teresina,PI,-5.10913154531442,-42.8068326069549,3834,17
64019,teresina,PI,-5.11243755106164,-42.8075747479539,3834,17
64020,teresina,PI,-5.12453591834186,-42.79242704853791,3834,17
64022,teresina,PI,-5.13513739377379,-42.7884220138017,3834,17
64023,teresina,PI,-5.13179854410024,-42.7861880407507,3834,17
64025,teresina,PI,-5.14220099474482,-42.785996026786,3834,17
64027,teresina,PI,-5.11870283401529,-42.7900717474695,3834,17
64028,teresina,PI,-5.15675288962974,-42.7834807973044,3834,17
64030,teresina,PI,-5.13812025623603,-42.7747825176998,3834,17
64033,teresina,PI,-5.12360945433745,-42.7683438709631,3834,17
64034,teresina,PI,-5.17609175657389,-42.7850332270498,3834,17
64037,teresina,PI,-5.18948273424459,-42.7394985215095,3834,17
64039,teresina,PI,-5.1884913445,-42.7610187134898,3834,17
64040,teresina,PI,-5.13330157205322,-42.7885951734018,3834,17
64045,teresina,PI,-5.08506529005987,-42.7716935655862,3834,17
64046,teresina,PI,-5.08406338494089,-42.7807276885921,3834,17
64048,teresina,PI,-5.070480880322781,-42.7895896981607,3834,17
64049,teresina,PI,-5.06813926293319,-42.7886877491342,3834,17
64050,teresina,PI,-5.05926113743987,-42.7752855618754,3834,17
64051,teresina,PI,-5.07574991245435,-42.7737814533634,3834,17
64052,teresina,PI,-5.06856665564993,-42.7773664227712,3834,17
64053,teresina,PI,-5.07274870923304,-42.7557187877773,3834,17
64055,teresina,PI,-5.06774822523753,-42.76512915334231,3834,17
64056,teresina,PI,-5.06918707374151,-42.7662675151563,3834,17
64057,teresina,PI,-5.05673024869691,-42.74643270027,3834,17
64058,teresina,PI,-5.0614296340982,-42.7558724110062,3834,17
64059,teresina,PI,-5.04937586743333,-42.7552468487743,3834,17
64060,teresina,PI,-5.05521407032105,-42.7802495891758,3834,17
64062,teresina,PI,-5.04403501039939,-42.7658828971387,3834,17
64063,teresina,PI,-5.0410768034736,-42.7702125251703,3834,17
64066,teresina,PI,-5.00929194654459,-42.7815984371165,3834,17
64067,teresina,PI,-5.00733218007737,-42.7804485620126,3834,17
64071,teresina,PI,-5.03714778998412,-42.7347054992318,3834,17
64073,teresina,PI,-5.0765028768036,-42.7762848678012,3834,17
64074,teresina,PI,-5.0636036760565,-42.7215148280935,3834,17
64076,teresina,PI,-5.11640897149659,-42.7618884228207,3834,17
64077,teresina,PI,-5.10208012529333,-42.75820984360811,3834,17
64078,teresina,PI,-5.10334871567818,-42.7527932873658,3834,17
64079,teresina,PI,-5.11323983133318,-42.7517453878921,3834,17
64080,teresina,PI,-5.10831319887268,-42.7456886624486,3834,17
64082,teresina,PI,-5.1125651190967,-42.7525152640754,3834,17
64083,teresina,PI,-5.10891006653651,-42.7377001200054,3834,17
64084,teresina,PI,-5.08565258887249,-42.7346459226551,3834,17
64086,teresina,PI,-5.1156341927497,-42.7197235106902,3834,17
64090,teresina,PI,-5.08514983412656,-42.7522030702226,3834,17
64091,teresina,PI,-5.14963230392249,-42.7552171818285,3834,17
64100,barras,PI,-4.24326994073028,-42.2940426287817,418,17
64110,jose de freitas,PI,-4.75590081279543,-42.5762116481656,1984,17
64120,uniao,PI,-4.58611317949165,-42.8623815558078,3954,17
64150,matias olimpio,PI,-3.71607672496649,-42.5538906632115,2252,17
64160,luzilandia,PI,-3.4612979188806903,-42.3699779972029,2125,17
64170,joaquim pires,PI,-3.50585916707254,-42.1780310598792,1977,17
64180,esperantina,PI,-3.89221436221117,-42.2339706373517,1274,17
64200,parnaiba,PI,-2.90324373764289,-41.7770411424399,2693,17
64202,parnaiba,PI,-2.90708921470404,-41.7602616809608,2693,17
64206,parnaiba,PI,-2.90078369951472,-41.7560882161326,2693,17
64208,parnaiba,PI,-2.91999451218321,-41.7454953234319,2693,17
64210,parnaiba,PI,-2.91992656945905,-41.7408625199525,2693,17
64211,parnaiba,PI,-2.92480446323574,-41.7441052600642,2693,17
64212,parnaiba,PI,-2.92921369585631,-41.7557853017897,2693,17
64215,parnaiba,PI,-2.916441884862,-41.7609701882889,2693,17
64217,parnaiba,PI,-2.93757113802572,-41.7676812764368,2693,17
64218,parnaiba,PI,-2.91293582441589,-41.7788030677257,2693,17
64220,luis correia,PI,-2.88559212354207,-41.6526422311696,2111,17
64224,ilha grande,PI,-2.85217452963377,-41.8121765133866,1638,17
64228,caxingo,PI,-3.42026003871809,-41.8940565691035,903,17
64230,buriti dos lopes,PI,-3.17749292646425,-41.869414966186,596,17
64235,cocal,PI,-3.47037926607246,-41.5548282286367,973,17
64240,piracuruca,PI,-3.92896022595198,-41.7096874356044,2845,17
64245,sao jose do divino,PI,-3.81134200920495,-41.8317265701314,3519,17
64255,pedro ii,PI,-4.42929547657652,-41.4539212998515,2760,17
64258,lagoa de sao francisco,PI,-4.39202696107805,-41.5933586496928,2034,17
64260,piripiri,PI,-4.27635332409324,-41.7780858468558,2872,17
64280,campo maior,PI,-4.8302886610126,-42.1698742260791,728,17
64290,altos,PI,-5.03793360509715,-42.4595746467213,132,17
64300,valenca do piaui,PI,-6.40309590992498,-41.7384973500088,3990,17
64320,pimenteiras,PI,-6.23536857766691,-41.4205493143748,2816,17
64330,sao miguel do tapuio,PI,-5.50312469159476,-41.3230281986924,3575,17
64340,castelo do piaui,PI,-5.31929988353307,-41.5509639057129,879,17
64388,lagoa do piaui,PI,-5.40965855636599,-42.6468124637798,2039,17
64390,demerval lobao,PI,-5.35800477582445,-42.6766584160771,1161,17
64400,amarante,PI,-6.24280473440021,-42.853531041069,148,17
64410,angical do piaui,PI,-6.0790238201682,-42.7361242860274,183,17
64460,agua branca,PI,-5.89209458222035,-42.6340281696575,38,17
64465,lagoinha do piaui,PI,-5.83736152435818,-42.6280274290776,2053,17
64490,regeneracao,PI,-6.22816748745132,-42.68949824048391,3066,17
64500,oeiras,PI,-7.01585927290265,-42.1265255109234,2553,17
64525,varzea grande,PI,-6.54769753875805,-42.2504626207047,4015,17
64530,novo oriente do piaui,PI,-6.45634291116789,-41.9333536207289,2544,17
64535,inhuma,PI,-6.66677216628507,-41.7083935316539,1672,17
64545,santa cruz do piaui,PI,-7.18133383887307,-41.7653746080134,3262,17
64570,isaias coelho,PI,-7.73853613793201,-41.6786904024563,1726,17
64578,campo grande do piaui,PI,-7.14780934564557,-41.0443449893729,724,17
64600,picos,PI,-7.0850302932188,-41.4698663355455,2804,17
64601,picos,PI,-7.07767610903498,-41.4720109734979,2804,17
64604,picos,PI,-7.0709370408046,-41.4504444791489,2804,17
64606,picos,PI,-7.084631139832051,-41.4097427935077,2804,17
64607,picos,PI,-7.08200701939219,-41.4458057402487,2804,17
64625,sao jose do piaui,PI,-6.86395478721728,-41.4779154563281,3526,17
64630,bocaina,PI,-6.94576474830914,-41.3222474107948,496,17
64645,francisco santos,PI,-6.99478880729175,-41.1348528014581,1386,17
64660,pio ix,PI,-6.83490990729553,-40.6134884991664,2837,17
64675,alegrete do piaui,PI,-7.24163624814066,-40.8480232945637,80,17
64690,fronteiras,PI,-7.08600162160133,-40.6153645758776,1396,17
64695,caldeirao grande do piaui,PI,-7.33222919962967,-40.6366701564396,669,17
64700,simplicio mendes,PI,-7.85992109336715,-41.9103095774702,3727,17
64740,conceicao do caninde,PI,-7.90311654543138,-41.5650165303615,1012,17
64750,paulistana,PI,-8.13532034088629,-41.1440727975448,2727,17
64760,sao joao do piaui,PI,-8.23028959958523,-42.2522892895535,3484,17
64764,nova santa rita,PI,-8.07445012915392,-42.0495757784515,2517,17
64767,campo alegre do fidalgo,PI,-8.37789155063489,-41.8356863265097,713,17
64770,sao raimundo nonato,PI,-9.01447690777009,-42.6913982383744,3599,17
64778,sao lourenco do piaui,PI,-9.16908403436752,-42.5443898535202,3545,17
64800,floriano,PI,-6.77173508401154,-43.0230933351836,1354,17
64803,floriano,PI,-6.76404593631732,-43.010729301555195,1354,17
64804,floriano,PI,-6.7728141659137,-43.0099378219151,1354,17
64806,floriano,PI,-6.77673315089938,-43.0164987346037,1354,17
64807,floriano,PI,-6.78777263933199,-43.0113338295531,1354,17
64808,floriano,PI,-6.78253930538709,-43.0331180280854,1354,17
64820,itaueira,PI,-7.60038066382901,-43.0265226290898,1840,17
64835,rio grande do piaui,PI,-7.77579112973357,-43.1372431225737,3148,17
64840,guadalupe,PI,-6.79547956394314,-43.5866925862352,1479,17
64845,marcos parente,PI,-7.12092308650593,-43.889738276564,2206,17
64860,urucui,PI,-7.23754562060025,-44.5551124565704,3975,17
64868,baixa grande do ribeiro,PI,-7.90842436518794,-45.2108830898932,356,17
64870,bertolinia,PI,-7.63971311609905,-43.952520586709,470,17
64873,sebastiao leal,PI,-7.57004721257728,-44.0632271096712,3653,17
64880,eliseu martins,PI,-8.09880286776048,-43.6604684219094,1239,17
64890,canto do buriti,PI,-8.11006570111727,-42.9467572504503,775,17
64900,bom jesus,PI,-9.07495012923589,-44.3643135587032,509,17
64915,redencao do gurgueia,PI,-9.4865746477432,-44.5851404257246,3064,17
64923,alvorada do gurgueia,PI,-8.45259799999995,-43.9415483333332,141,17
64930,gilbues,PI,-9.83101054532775,-45.3391444124211,1429,17
64965,avelino lopes,PI,-10.1416574747913,-43.9487313320307,345,17
64980,corrente,PI,-10.4239927276932,-45.1653352382948,1077,17
65010,sao luis,MA,-2.53510321712601,-44.2921267421155,3548,10
65015,sao luis,MA,-2.53495493799967,-44.2985315458545,3548,10
65020,sao luis,MA,-2.52743988663966,-44.2919536242525,3548,10
65025,sao luis,MA,-2.53811003328841,-44.289349640193,3548,10
65030,sao luis,MA,-2.54440164192983,-44.2810404961977,3548,10
65031,sao luis,MA,-2.54396964863571,-44.28354731006599,3548,10
65032,sao luis,MA,-2.56573696381697,-44.2570472800726,3548,10
65033,sao luis,MA,-2.54011148838064,-44.2251842168778,3548,10
65035,sao luis,MA,-2.53267866349113,-44.2791675634286,3548,10
65036,sao luis,MA,-2.542178224986,-44.2653349211647,3548,10
65040,sao luis,MA,-2.55059511505527,-44.2646444377244,3548,10
65041,sao luis,MA,-2.550961607865,-44.2650724292207,3548,10
65042,sao luis,MA,-2.55811779757851,-44.2626595647594,3548,10
65043,sao luis,MA,-2.55755717250623,-44.2498970688771,3548,10
65045,sao luis,MA,-2.54930673227953,-44.2498084660869,3548,10
65046,sao luis,MA,-2.54837854255363,-44.250383829263,3548,10
65047,sao luis,MA,-2.5482538294985,-44.2360205285828,3548,10
65048,sao luis,MA,-2.55453523863275,-44.2444451241584,3548,10
65049,sao luis,MA,-2.55276074369277,-44.253870953576,3548,10
65050,sao luis,MA,-2.54750462094853,-44.2241246503239,3548,10
65051,sao luis,MA,-2.53842899815975,-44.2156764320688,3548,10
65052,sao luis,MA,-2.54352180923167,-44.2228701347691,3548,10
65053,sao luis,MA,-2.54651844482204,-44.2138045709685,3548,10
65054,sao luis,MA,-2.54451520291154,-44.2118918038615,3548,10
65055,sao luis,MA,-2.56191434490005,-44.23262619204469,3548,10
65056,sao luis,MA,-2.56093330417867,-44.2356538985716,3548,10
65057,sao luis,MA,-2.56546342665715,-44.2306262323107,3548,10
65058,sao luis,MA,-2.57093599958422,-44.2064675727445,3548,10
65059,sao luis,MA,-2.55227142722766,-44.2315753843734,3548,10
65060,sao luis,MA,-2.5452607368733,-44.23499277150629,3548,10
65061,sao luis,MA,-2.5336578093695,-44.2508103075434,3548,10
65062,sao luis,MA,-2.53604607792709,-44.237339288707,3548,10
65063,sao luis,MA,-2.5311246743778,-44.2356219315832,3548,10
65064,sao luis,MA,-2.53351829813096,-44.2387750045888,3548,10
65065,sao luis,MA,-2.50095245410038,-44.2270837603802,3548,10
65066,sao luis,MA,-2.51630341175487,-44.2281877244218,3548,10
65067,sao luis,MA,-2.51299954243747,-44.2343429492593,3548,10
65068,sao luis,MA,-2.50916833488974,-44.2316839675053,3548,10
65070,sao luis,MA,-2.5225263912634097,-44.259272615486,3548,10
65071,sao luis,MA,-2.4997908124494,-44.261020049505,3548,10
65072,sao luis,MA,-2.501242200626,-44.2481633659676,3548,10
65073,sao luis,MA,-2.51765216219827,-44.2414893659331,3548,10
65074,sao luis,MA,-2.51671522426081,-44.2564178546016,3548,10
65075,sao luis,MA,-2.50222035861674,-44.2923141666853,3548,10
65076,sao luis,MA,-2.51435453485799,-44.2981346922989,3548,10
65077,sao luis,MA,-2.49799310845323,-44.2977605343418,3548,10
65081,sao luis,MA,-2.54553080646622,-44.2627223941622,3548,10
65082,sao luis,MA,-2.54819786164996,-44.29813625530701,3548,10
65083,sao luis,MA,-2.55110398561697,-44.2151380826435,3548,10
65085,sao luis,MA,-2.55275711861659,-44.3175764337249,3548,10
65090,sao luis,MA,-2.56265044681484,-44.2502369786461,3548,10
65091,sao luis,MA,-2.54595589394234,-44.2638915538874,3548,10
65095,sao luis,MA,-2.54230808582817,-44.2782769433122,3548,10
65110,sao jose de ribamar,MA,-2.5518477893497,-44.139002011106,3511,10
65130,paco do lumiar,MA,-2.53249384327405,-44.1615784147652,2603,10
65140,presidente juscelino,MA,-2.92319248655288,-44.0627352172348,2989,10
65145,santa rita,MA,-3.13540427507106,-44.3208784938859,3306,10
65150,rosario,MA,-2.94023303565699,-44.2495441719622,3189,10
65170,icatu,MA,-2.77503427404134,-44.0594868966221,1608,10
65180,humberto de campos,MA,-2.62622567961641,-43.4835558772713,1554,10
65200,pinheiro,MA,-2.5239771793313,-45.0862029149723,2833,10
65208,santa helena,MA,-2.24394813303651,-45.2967604930042,3274,10
65210,cajari,MA,-3.32181693155734,-45.0148889276119,656,10
65215,viana,MA,-3.2116282101304696,-45.0017253404758,4041,10
65220,sao vicente ferrer,MA,-2.89629321875481,-44.8825667253371,3625,10
65225,sao joao batista,MA,-2.96591825406934,-44.8122503729647,3464,10
65230,cajapio,MA,-2.8762657761064,-44.6729340840803,655,10
65235,sao bento,MA,-2.70104847796062,-44.8335500990511,3406,10
65245,peri mirim,MA,-2.57780267308531,-44.8572180420887,2782,10
65248,bequimao,MA,-2.45107175792403,-44.7872625495513,465,10
65250,alcantara,MA,-2.39251484598091,-44.4539415044736,75,10
65255,guimaraes,MA,-2.1312850313634,-44.6113229415378,1534,10
65260,cedral,MA,-1.9992658362438498,-44.5358699301596,905,10
65265,mirinzal,MA,-2.06687380857406,-44.78517994707,2318,10
65268,cururupu,MA,-1.82749358134269,-44.8703003618969,1150,10
65270,bacuri,MA,-1.72805691304052,-45.1418289764302,349,10
65272,santa luzia do parua,MA,-2.5454790093456,-45.7752438332127,3288,10
65274,nova olinda do maranhao,MA,-2.8063618039921,-45.7041974077168,2504,10
65279,presidente medici,MA,-2.38019685568785,-45.8242853368295,2993,10
65280,candido mendes,MA,-1.48887607117888,-45.7306441362702,757,10
65283,maranhaozinho,MA,-2.24443681744901,-45.8585536457847,2199,10
65289,maracacume,MA,-2.04759752395849,-45.9576785250743,2190,10
65292,boa vista do gurupi,MA,-1.79531261474996,-46.2919866429378,493,10
65293,amapa do maranhao,MA,-1.67401525319159,-46.0107515661279,145,10
65295,carutapera,MA,-1.20407265727009,-46.02104434904,861,10
65299,centro novo do maranhao,MA,-2.17584840001205,-46.1677816777443,918,10
65300,santa ines,MA,-3.66162415465102,-45.3799730607183,3277,10
65302,santa ines,MA,-3.65691446624352,-45.3706407324688,3277,10
65304,santa ines,MA,-3.6657283643385,-45.368164538808,3277,10
65306,santa ines,MA,-3.66870635993881,-45.3837199306882,3277,10
65320,vitorino freire,MA,-4.28686584853158,-45.2474191123861,4087,10
65335,bela vista do maranhao,MA,-3.74496217996857,-45.2601819969468,448,10
65350,vitoria do mearim,MA,-3.48424776272161,-44.8804898823432,4085,10
65360,moncao,MA,-3.49527816610191,-45.2477053202748,2336,10
65365,ze doca,MA,-3.2762848140617806,-45.6549054315485,4110,10
65368,araguana,MA,-2.95050966655327,-45.6654261916868,246,10
65370,pindare mirim,MA,-3.61969742014463,-45.3493656993302,2819,10
65380,bom jardim,MA,-3.54368954427747,-45.6087634307526,506,10
65390,santa luzia,MA,-3.98919344187988,-45.6711900031745,3286,10
65393,buriticupu,MA,-4.31675727747837,-46.4580391386844,597,10
65395,bom jesus das selvas,MA,-4.50289584370296,-46.855490961412,513,10
65398,alto alegre do pindare,MA,-3.72410440699282,-45.8639974185921,114,10
65400,codo,MA,-4.4617572069964,-43.8915996078408,978,10
65413,alto alegre do maranhao,MA,-4.21413491179469,-44.4495127841349,113,10
65415,coroata,MA,-4.12940164944552,-44.1265495860584,1061,10
65430,vargem grande,MA,-3.54407833935561,-43.9182614000269,4002,10
65440,sao benedito do rio preto,MA,-3.33128504985017,-43.5292699242166,3403,10
65465,cantanhede,MA,-3.63516325264083,-44.3779927572366,774,10
65468,matoes do norte,MA,-3.62830119433151,-44.5568360327901,2259,10
65470,sao mateus do maranhao,MA,-4.03241925962094,-44.465845049823905,3561,10
65480,arari,MA,-3.45095521657381,-44.7784419151027,268,10
65485,itapecuru mirim,MA,-3.39032969036059,-44.366671949,1794,10
65495,miranda do norte,MA,-3.56352448380141,-44.5821033139758,2309,10
65500,chapadinha,MA,-3.74076196650871,-43.3605108947343,943,10
65510,mata roma,MA,-3.62404108727026,-43.1149926333543,2245,10
65515,buriti,MA,-3.94424393549253,-42.9144299019161,593,10
65520,brejo,MA,-3.67967500533745,-42.7532298976131,567,10
65530,urbano santos,MA,-3.20831871087056,-43.4030965008334,3966,10
65540,santa quiteria do maranhao,MA,-3.48575167421912,-42.586178622239,3305,10
65550,sao bernardo,MA,-3.35079152419897,-42.4223420145831,3412,10
65560,magalhaes de almeida,MA,-3.39495287670135,-42.2053222182116,2152,10
65580,tutoia,MA,-2.77093891489611,-42.2771503064838,3930,10
65590,barreirinhas,MA,-2.75722966900376,-42.8317951553918,421,10
65600,caxias,MA,-4.85983071768897,-43.3532132170261,901,10
65602,caxias,MA,-4.853858466222,-43.3570404648204,901,10
65603,caxias,MA,-4.8377619850819,-43.3559829303455,901,10
65604,caxias,MA,-4.86652684358707,-43.3475263901542,901,10
65605,caxias,MA,-4.87140901962387,-43.3450347995953,901,10
65606,caxias,MA,-4.88035962862992,-43.3533658190054,901,10
65609,caxias,MA,-4.87205841983325,-43.3552917265155,901,10
65620,coelho neto,MA,-4.25460967992166,-43.0150461285666,979,10
65630,timon,MA,-5.10292319120086,-42.8242651277656,3855,10
65631,timon,MA,-5.0905153990005,-42.8359349946368,3855,10
65633,timon,MA,-5.12238502601752,-42.8355162530646,3855,10
65636,timon,MA,-5.10143289675771,-42.8376589918582,3855,10
65640,parnarama,MA,-5.68152656336347,-43.0939138653067,2695,10
65645,matoes,MA,-5.52131885448716,-43.2035095601926,2258,10
65665,sao joao dos patos,MA,-6.49745508979566,-43.7015125088285,3489,10
65670,paraibano,MA,-6.43167647784895,-43.9879680218222,2656,10
65680,passagem franca,MA,-6.17989688511367,-43.7791823087062,2700,10
65690,colinas,MA,-6.03038455475573,-44.2472355689416,985,10
65693,jatoba,MA,-5.81808337309798,-44.2252126588554,1941,10
65695,fortuna,MA,-5.73270945714518,-44.1554742209482,1374,10
65700,bacabal,MA,-4.22638466583535,-44.7890639403581,347,10
65705,lago verde,MA,-4.04177181318493,-44.9362475678105,2028,10
65706,olho d'agua das cunhas,MA,-4.14183030169906,-45.1159701832298,2558,10
65707,pio xii,MA,-3.88942249195852,-45.1704447162607,2838,10
65709,satubinha,MA,-4.03856229178847,-45.2373762316727,3642,10
65715,lago da pedra,MA,-4.5653566290617,-45.1293973409383,2027,10
65725,pedreiras,MA,-4.57286540873253,-44.5988312564694,2753,10
65735,capinzal do norte,MA,-4.71711734372079,-44.326686955251,795,10
65740,pocao de pedras,MA,-4.7535922814212,-44.9424298862338,2893,10
65750,esperantinopolis,MA,-4.87858920708311,-44.8833779272772,1275,10
65755,joselandia,MA,-4.98158906694349,-44.6994777972306,1985,10
65760,presidente dutra,MA,-5.29330486119571,-44.4915052612228,2985,10
65765,dom pedro,MA,-5.03688290010167,-44.4379530187785,1209,10
65775,goncalves dias,MA,-5.15508097571167,-44.2998806578677,1452,10
65780,governador eugenio barros,MA,-5.32573763600415,-44.2339291546715,1457,10
65790,sao domingos do maranhao,MA,-5.58226512125993,-44.380916136603,3428,10
65800,balsas,MA,-7.53147493532515,-46.0431051531233,369,10
65810,alto parnaiba,MA,-9.12347047952062,-45.9450868865475,125,10
65860,sucupira do norte,MA,-6.4778232161363,-44.1912165189459,3752,10
65870,pastos bons,MA,-6.59968969648065,-44.0844045719334,2707,10
65885,benedito leite,MA,-7.2185315166586,-44.5550718220926,460,10
65895,loreto,MA,-7.08796352517102,-45.1361271099287,2103,10
65900,imperatriz,MA,-5.52029527490887,-47.4829704608053,1653,10
65901,imperatriz,MA,-5.52680012459247,-47.4829798984775,1653,10
65903,imperatriz,MA,-5.51958772145272,-47.4751255636158,1653,10
65907,imperatriz,MA,-5.51608247309725,-47.4820735422285,1653,10
65910,imperatriz,MA,-5.51637207349984,-47.4768721388789,1653,10
65911,imperatriz,MA,-5.50663629363246,-47.4766673425377,1653,10
65912,imperatriz,MA,-5.51921146890077,-47.4614283169512,1653,10
65916,imperatriz,MA,-5.53137138087568,-47.4759173621057,1653,10
65919,imperatriz,MA,-5.51172280628615,-47.4766437419794,1653,10
65920,sao pedro da agua branca,MA,-5.07668389132335,-48.4188140157794,3588,10
65921,cidelandia,MA,-5.17342922094339,-47.7861898772409,960,10
65922,joao lisboa,MA,-5.44686487092771,-47.4051889210353,1970,10
65925,sitio novo,MA,-5.8775143967415,-46.7024644069137,3733,10
65929,sao francisco do brejao,MA,-5.12562502986273,-47.3855129108041,3442,10
65930,acailandia,MA,-4.94593376443274,-47.4844963340499,16,10
65935,senador la rocque,MA,-5.48246465250848,-47.2208313057899,3664,10
65940,grajau,MA,-5.81730510749737,-46.1456194935922,1463,10
65943,formosa da serra negra,MA,-6.44004139853637,-46.1885806279954,1364,10
65945,arame,MA,-4.88973144929203,-46.0067797687607,251,10
65950,barra do corda,MA,-5.50449503774982,-45.2467236580847,404,10
65968,campestre do maranhao,MA,-6.20744802888407,-47.3045312378769,697,10
65970,porto franco,MA,-6.34407932967367,-47.3938653865831,2949,10
65973,sao joao do paraiso,MA,-6.46530861268092,-47.0543122464551,3483,10
65975,estreito,MA,-6.5595594780548,-47.44423872630259,1290,10
65980,carolina,MA,-7.33174113618545,-47.4686508834574,857,10
66010,belem,PA,-1.4506549209969,-48.497590002878,450,14
66015,belem,PA,-1.44494408133829,-48.4956613147824,450,14
66017,belem,PA,-1.44745894916557,-48.48261939084821,450,14
66020,belem,PA,-1.4607701372237998,-48.5009649824236,450,14
66023,belem,PA,-1.46137363276533,-48.4975298096369,450,14
66025,belem,PA,-1.464343813972,-48.4928184850604,450,14
66030,belem,PA,-1.46904333943125,-48.4890623958907,450,14
66033,belem,PA,-1.46106050702273,-48.4839185545156,450,14
66035,belem,PA,-1.4543986396659598,-48.48775805668631,450,14
66040,belem,PA,-1.45560000106228,-48.4793814487103,450,14
66045,belem,PA,-1.46150548017462,-48.4789805881577,450,14
66050,belem,PA,-1.43701808474693,-48.4870573109351,450,14
66053,belem,PA,-1.44801168130651,-48.490230117682,450,14
66055,belem,PA,-1.4445041744248,-48.4844699044977,450,14
66060,belem,PA,-1.448499758847,-48.4754203497268,450,14
66063,belem,PA,-1.45630801427437,-48.47213210313391,450,14
66065,belem,PA,-1.46456103343194,-48.4743934765528,450,14
66070,belem,PA,-1.45016725418929,-48.4593398625977,450,14
66073,belem,PA,-1.45737295069151,-48.4637668192593,450,14
66075,belem,PA,-1.45931149782819,-48.4633403805824,450,14
66077,belem,PA,-1.40377768083969,-48.4575470184161,450,14
66080,belem,PA,-1.42655556985751,-48.4656633138735,450,14
66083,belem,PA,-1.42735235431935,-48.47287416565519,450,14
66085,belem,PA,-1.43368066550795,-48.4697725881888,450,14
66087,belem,PA,-1.4266351108520001,-48.4641164270641,450,14
66090,belem,PA,-1.43444986336506,-48.4663864480326,450,14
66093,belem,PA,-1.43814180666012,-48.4624794064565,450,14
66095,belem,PA,-1.43680921443356,-48.4554474499761,450,14
66110,belem,PA,-1.39714508057721,-48.4769392789578,450,14
66113,belem,PA,-1.43087826348238,-48.4840082266594,450,14
66115,belem,PA,-1.3983536328131099,-48.4858545808955,450,14
66120,belem,PA,-1.41611925012333,-48.4752755486189,450,14
66123,belem,PA,-1.41279894828512,-48.4707870669368,450,14
66610,belem,PA,-1.42861924489473,-48.4493762526632,450,14
66613,belem,PA,-1.41616328798816,-48.4487294959505,450,14
66615,belem,PA,-1.4004072947378,-48.4517839344665,450,14
66617,belem,PA,-1.39424709250411,-48.4678429427838,450,14
66620,belem,PA,-1.40224576560206,-48.4566985190732,450,14
66623,belem,PA,-1.4012864318692,-48.4446567020649,450,14
66625,belem,PA,-1.36965292416346,-48.4426150774895,450,14
66630,belem,PA,-1.37919636533256,-48.4656368735423,450,14
66635,belem,PA,-1.32797421242957,-48.455538907302,450,14
66640,belem,PA,-1.3635017604277,-48.4493082423986,450,14
66645,belem,PA,-1.38334730109107,-48.4317866603193,450,14
66650,belem,PA,-1.35760649441173,-48.4385501768989,450,14
66670,belem,PA,-1.33188202609399,-48.4423078031731,450,14
66810,belem,PA,-1.28820500229399,-48.4761958822395,450,14
66811,belem,PA,-1.30105457621848,-48.4702311637951,450,14
66812,belem,PA,-1.31221405333049,-48.483158513521,450,14
66813,belem,PA,-1.32153630476819,-48.4722860318536,450,14
66820,belem,PA,-1.34856564243253,-48.4458764573792,450,14
66821,belem,PA,-1.33960720864017,-48.4588763289019,450,14
66822,belem,PA,-1.33623241838795,-48.4594298958341,450,14
66823,belem,PA,-1.31881762178675,-48.43929760471061,450,14
66825,belem,PA,-1.35519547306461,-48.4783450815187,450,14
66830,belem,PA,-1.35489752254433,-48.4561431827176,450,14
66831,belem,PA,-1.35580687538229,-48.4660278799699,450,14
66833,belem,PA,-1.32716260083317,-48.4536379226305,450,14
66840,belem,PA,-1.29303173715211,-48.4585896251962,450,14
66910,belem,PA,-1.16300108146405,-48.4709664269666,450,14
66913,belem,PA,-1.26877345881203,-48.4724363963275,450,14
66914,belem,PA,-1.23095481244221,-48.4501318956321,450,14
67010,ananindeua,PA,-1.38810762515061,-48.4091036722611,165,14
67013,ananindeua,PA,-1.38006934255251,-48.4155685112378,165,14
67015,ananindeua,PA,-1.36477350212689,-48.3952255809557,165,14
67020,ananindeua,PA,-1.3793226900750597,-48.3869556303149,165,14
67030,ananindeua,PA,-1.3656248850543,-48.3842346740191,165,14
67033,ananindeua,PA,-1.37298668263988,-48.373427241621,165,14
67103,ananindeua,PA,-1.35090155398446,-48.3927338417492,165,14
67110,ananindeua,PA,-1.38997044806741,-48.4114038423862,165,14
67113,ananindeua,PA,-1.37282541981292,-48.4189487717972,165,14
67115,ananindeua,PA,-1.36400031106955,-48.4141506414328,165,14
67118,ananindeua,PA,-1.38395624578902,-48.4008596245157,165,14
67120,ananindeua,PA,-1.35169068824456,-48.4186108713695,165,14
67125,ananindeua,PA,-1.33901632451481,-48.4057414385975,165,14
67130,ananindeua,PA,-1.36562348349396,-48.4046617988365,165,14
67133,ananindeua,PA,-1.35919015712878,-48.4023282782642,165,14
67140,ananindeua,PA,-1.3482592427561901,-48.4014871076536,165,14
67143,ananindeua,PA,-1.35379877736393,-48.3924505153358,165,14
67145,ananindeua,PA,-1.35106185677025,-48.38459211884301,165,14
67146,ananindeua,PA,-1.36072728341381,-48.3909288891445,165,14
67200,marituba,PA,-1.36698186383946,-48.3376371017452,2231,14
68005,santarem,PA,-2.42486310069524,-54.7122865048482,3352,14
68010,santarem,PA,-2.43368530697733,-54.7052772091098,3352,14
68020,santarem,PA,-2.44687344074775,-54.7074833909588,3352,14
68022,santarem,PA,-2.46373572468533,-54.7081042415194,3352,14
68025,santarem,PA,-2.46439357637865,-54.7144302552246,3352,14
68030,santarem,PA,-2.4422084535318,-54.7234425275515,3352,14
68035,santarem,PA,-2.44597815347806,-54.7379714854954,3352,14
68040,santarem,PA,-2.42779018631736,-54.7299236207307,3352,14
68129,mojui dos campos,PA,-2.6832381040406,-54.6384680817361,2333,14
68138,placas,PA,-3.8669430739014,-54.2175631341755,2884,14
68140,uruara,PA,-3.72027783447347,-53.7397416422649,3970,14
68145,medicilandia,PA,-3.45093233812385,-52.8906987876398,2274,14
68148,brasil novo,PA,-3.3029288946406203,-52.539432558412194,553,14
68170,juruti,PA,-2.15903905152926,-56.0852003120794,2013,14
68180,itaituba,PA,-4.26441362037269,-55.9863459310792,1760,14
68193,novo progresso,PA,-7.0934807929489,-55.403061166346006,2546,14
68195,jacareacanga,PA,-6.22231187039127,-57.7594438757197,1876,14
68220,monte alegre,PA,-1.99699538417662,-54.0709738527938,2347,14
68275,porto trombetas,PA,22.5679517538383,-27.6980867659698,2957,14
68360,senador jose porfirio,PA,-2.61575350178534,-51.9361382467901,3663,14
68371,altamira,PA,-3.20818866313155,-52.2139460339221,105,14
68372,altamira,PA,-3.21692108735799,-52.221921540281,105,14
68373,altamira,PA,-3.21375904233891,-52.2267360554597,105,14
68374,altamira,PA,-3.20589075542155,-52.2239391479931,105,14
68375,altamira,PA,-3.19567721715485,-52.2176529572338,105,14
68376,altamira,PA,-3.20137102920718,-52.1949273267986,105,14
68377,altamira,PA,-3.19425839540912,-52.2068479130087,105,14
68380,sao felix do xingu,PA,-6.69301089608155,-51.9809974505894,3436,14
68385,tucuma,PA,-6.7531704273935,-51.1567899150858,3908,14
68390,ourilandia do norte,PA,-6.7833293400917,-51.0816271525928,2585,14
68400,cameta,PA,-2.2506345490931,-49.497735020925,690,14
68420,mocajuba,PA,-2.58160484197579,-49.5064076195597,2321,14
68430,igarape-miri,PA,-1.979898837421,-48.9597109727746,1621,14
68440,abaetetuba,PA,-1.72302418171018,-48.8810653738781,5,14
68445,barcarena,PA,-1.51022797703144,-48.62740618997881,391,14
68447,vila dos cabanos,PA,7.27164937503284,-40.3158840163865,4055,14
68448,murucupi,PA,-1.56500673282107,-48.7615375832551,2414,14
68450,moju,PA,-1.88978557161836,-48.7669537770967,2332,14
68455,tucurui,PA,-3.82030110580094,-49.6780630737972,3910,14
68456,tucurui,PA,-3.76603260504369,-49.6743487871608,3910,14
68458,tucurui,PA,-3.76402292638649,-49.6683281211142,3910,14
68459,tucurui,PA,-3.77934142095657,-49.6726041939684,3910,14
68464,hidreletrica tucurui,PA,-3.76591583600483,-49.675876904676,1544,14
68470,oeiras do para,PA,-2.00508408727946,-49.8587997190269,2554,14
68473,novo repartimento,PA,-4.25829310818854,-49.9754346449739,2547,14
68485,pacaja,PA,-3.81526466668133,-50.6187673741013,2600,14
68488,breu branco,PA,-3.77496901565366,-49.564171450996206,576,14
68500,maraba,PA,-5.34946438581662,-49.134264951232204,2189,14
68501,maraba,PA,-5.37902905885599,-49.1306888918657,2189,14
68503,maraba,PA,-5.3696813932072,-49.1174810155614,2189,14
68505,maraba,PA,-5.34323806423273,-49.0988268327998,2189,14
68507,maraba,PA,-5.35571197495256,-49.0917762889593,2189,14
68509,maraba,PA,-5.35562746138332,-49.1045030309285,2189,14
68514,morada nova,PA,-5.36705532973224,-49.1249913355347,2375,14
68515,parauapebas,PA,-6.07438655062774,-49.906370446923,2684,14
68516,carajas,PA,-12.5212638874738,-48.4034936003218,813,14
68520,sao domingos do araguaia,PA,-5.54597753884423,-48.7240773187415,3427,14
68525,bom jesus do tocantins,PA,-5.04690196610947,-48.5996805129441,520,14
68530,rio maria,PA,-7.31304423341759,-50.0472359299627,3151,14
68537,canaa dos carajas,PA,-6.52521047514585,-49.8727945934543,745,14
68540,conceicao do araguaia,PA,-8.25882896796917,-49.2980644349376,1011,14
68543,floresta do araguaia,PA,-7.55954014447564,-49.6976823541936,1351,14
68545,pau d'arco,PA,-7.83384509603168,-50.0414756116154,2719,14
68550,redencao,PA,-8.04080316672921,-50.0266416984212,3062,14
68551,redencao,PA,-8.04128098671597,-50.0356432024155,3062,14
68552,redencao,PA,-8.03524934214326,-50.0395808176367,3062,14
68553,redencao,PA,-8.02727845597861,-50.02729558726761,3062,14
68554,redencao,PA,-8.04224489524887,-50.0414846951043,3062,14
68555,xinguara,PA,-7.084785800609981,-49.9216359391182,4107,14
68557,xinguara,PA,-7.099042748884631,-49.9373945069195,4107,14
68560,santana do araguaia,PA,-9.33526281720112,-50.3494575333912,3337,14
68575,picarra,PA,-6.44966163077873,-48.867987802707,2802,14
68580,itupiranga,PA,-5.13528314556765,-49.3563531728851,1856,14
68585,nova ipixuna,PA,-4.92147143059455,-49.0788070817483,2491,14
68590,jacunda,PA,-4.45047568736189,-49.115595729594794,1888,14
68600,braganca,PA,-1.05916901631113,-46.7684589300373,550,14
68610,augusto correa,PA,-1.02901141586091,-46.63185977164161,334,14
68618,nova esperanca do piria,PA,-2.25722575385321,-46.9588578880585,2478,14
68620,viseu,PA,-1.2021836317837,-46.1389990473277,4077,14
68625,paragominas,PA,-2.99684882771058,-47.3572106078406,2651,14
68626,paragominas,PA,-2.99758940972402,-47.3583775380821,2651,14
68627,paragominas,PA,-3.00437431588354,-47.3718784871961,2651,14
68628,paragominas,PA,-2.98337472160724,-47.3498510158551,2651,14
68632,ulianopolis,PA,-3.74990088501432,-47.4997457764861,3947,14
68633,dom eliseu,PA,-4.28913752519466,-47.5680810093729,1204,14
68637,ipixuna do para,PA,-2.68947644474244,-47.6351077615987,1697,14
68638,rondon do para,PA,-4.77253069750635,-48.0726629665015,3185,14
68639,goianesia do para,PA,-3.85868128594054,-49.0767106037059,1442,14
68640,ourem,PA,-1.54847594729864,-47.114415086313,2583,14
68645,bonito,PA,-1.36381640862068,-47.3077800928922,533,14
68647,tracuateua,PA,-1.07778006776365,-46.903004750315,3875,14
68650,capitao poco,PA,-1.7539664397020303,-47.0670600765477,801,14
68658,aurora do para,PA,-2.13505517695072,-47.5579596327196,341,14
68660,sao miguel do guama,PA,-1.6121134438487101,-47.4846720303595,3571,14
68665,garrafao do norte,PA,-1.93437963608366,-47.0502720137765,1413,14
68675,mae do rio,PA,-2.04602364128416,-47.5561561741492,2150,14
68680,tome-acu,PA,-2.40247905160974,-48.1453456828427,3869,14
68682,quatro bocas,PA,-2.58496313225885,-49.1251847262351,3022,14
68685,concordia do para,PA,-1.9960058047852798,-47.944717019838,1024,14
68695,tailandia,PA,-2.94002635250523,-48.9451928529562,3777,14
68700,capanema,PA,-1.19162618741271,-47.1777083660891,777,14
68719,sao joao de pirabas,PA,-0.778925701032975,-47.1835344617078,3477,14
68725,igarape-acu,PA,-1.12795826377013,-47.6197392074104,1620,14
68730,nova timboteua,PA,-1.18279334795448,-47.3889355914827,2521,14
68738,santa maria do para,PA,-1.3486174758415,-47.5727764159649,3297,14
68740,castanhal,PA,-1.29914140167075,-47.932070778403194,874,14
68741,castanhal,PA,-1.30147688257161,-47.9364551310402,874,14
68742,castanhal,PA,-1.28945134233969,-47.9378399206455,874,14
68743,castanhal,PA,-1.28498137107645,-47.9270893751895,874,14
68745,castanhal,PA,-1.29578764979859,-47.9137564097384,874,14
68746,castanhal,PA,-1.29866029923876,-47.8982525659064,874,14
68750,curuca,PA,-0.7338251857113619,-47.8535235484054,1149,14
68780,vigia,PA,-0.862741390350044,-48.1358725771579,4053,14
68786,santo antonio do taua,PA,-1.145150534364,-48.1276088608913,3389,14
68790,santa isabel do para,PA,-1.30113824251232,-48.1565994311727,3280,14
68792,santa isabel do para,PA,-1.3052957844724,-48.0469826087613,3280,14
68795,benevides,PA,-1.35045926334782,-48.2555327780633,462,14
68798,santa barbara do para,PA,-1.23183563740686,-48.2893457632598,3243,14
68800,breves,PA,-1.68276410766234,-50.4797198378362,577,14
68815,curralinho,PA,-1.81381352922898,-49.796497245888,1148,14
68820,sao sebastiao da boa vista,PA,-1.68131502084473,-49.5504688297553,3606,14
68900,macapa,AP,0.0356664668607039,-51.0631028158939,2130,4
68901,macapa,AP,0.0333946008792229,-51.0678843875121,2130,4
68902,macapa,AP,0.0174154553195973,-51.0701644314913,2130,4
68903,macapa,AP,-0.0007243959569814001,-51.0841835886289,2130,4
68904,macapa,AP,0.0164286012805845,-51.08290726940961,2130,4
68905,macapa,AP,0.0483622755415662,-51.053690323152,2130,4
68906,macapa,AP,0.0363069542143477,-51.09521360011869,2130,4
68907,macapa,AP,0.0761966299693335,-51.0470761850641,2130,4
68908,macapa,AP,0.0557087558761802,-51.0615503910569,2130,4
68909,macapa,AP,0.0821585884471276,-51.0587558984404,2130,4
68920,laranjal do jari,AP,-0.467907227559208,-52.6153135483813,2066,4
68924,vitoria do jari,AP,-0.910090495685666,-52.4210709431674,4084,4
68925,santana,AP,-0.0441032935123836,-51.1727844694766,3331,4
68926,santana,AP,-0.0551374198069465,-51.1591093729482,3331,4
68927,santana,AP,-0.0445922803661506,-51.163463185281195,3331,4
68928,santana,AP,-0.0254688773233132,-51.1742005561765,3331,4
68980,oiapoque,AP,3.84250827621724,-51.8339584163455,2555,4
68997,porto grande,AP,0.707681437317495,-51.4095211088235,2950,4
69005,manaus,AM,-3.13167203331758,-60.019225134515,2168,3
69007,manaus,AM,-3.0920355,-59.9215747499999,2168,3
69010,manaus,AM,-3.12774378507037,-60.0248332245247,2168,3
69018,manaus,AM,-2.97292516617796,-60.0048947830116,2168,3
69020,manaus,AM,-3.12543884353737,-60.016492377849296,2168,3
69021,manaus,AM,-3.00345471607575,-60.0366052263276,2168,3
69025,manaus,AM,-3.12003555310624,-60.0249996079771,2168,3
69027,manaus,AM,-3.11884257364669,-60.0332521009571,2168,3
69029,manaus,AM,-3.11248363874159,-60.0363347891114,2168,3
69030,manaus,AM,-3.09948203938099,-60.0335094798676,2168,3
69033,manaus,AM,-3.10625720873664,-60.0343114597038,2168,3
69035,manaus,AM,-3.10616862679977,-60.061104515858894,2168,3
69036,manaus,AM,-3.09421265649338,-60.0588101665731,2168,3
69037,manaus,AM,-3.07228626619586,-60.0816653779949,2168,3
69038,manaus,AM,-3.07746344647396,-60.0569026831439,2168,3
69040,manaus,AM,-3.08861505991109,-60.0374432738293,2168,3
69041,manaus,AM,-3.01180704112477,-60.0409316972826,2168,3
69042,manaus,AM,-3.07868470513481,-60.0504638369471,2168,3
69043,manaus,AM,-3.07426163316644,-60.0280027475647,2168,3
69044,manaus,AM,-3.06501706377248,-60.0589819292959,2168,3
69045,manaus,AM,-3.0652835540011,-60.0519431386217,2168,3
69047,manaus,AM,-3.05988057975316,-60.0423142390405,2168,3
69049,manaus,AM,-3.05322746961624,-60.0315354380242,2168,3
69050,manaus,AM,-3.09608635954517,-60.020552831089,2168,3
69054,manaus,AM,-3.07335015245308,-60.001952774352304,2168,3
69055,manaus,AM,-3.08374135528471,-60.01131887618019,2168,3
69057,manaus,AM,-3.10102649425767,-60.0081354309455,2168,3
69058,manaus,AM,-3.05925345790331,-60.005998684371,2168,3
69060,manaus,AM,-3.09257843322573,-59.9999776326715,2168,3
69063,manaus,AM,-3.11548520654687,-59.9968934015659,2168,3
69065,manaus,AM,-3.12516873861046,-60.0054764999849,2168,3
69067,manaus,AM,-3.10353259675113,-59.9887958531736,2168,3
69068,manaus,AM,-3.12535570232672,-59.9966402193208,2168,3
69070,manaus,AM,-3.14382700029894,-60.0081501499979,2168,3
69074,manaus,AM,-3.13525078132746,-60.0054613649678,2168,3
69075,manaus,AM,-3.11448202116248,-59.964945483627595,2168,3
69077,manaus,AM,-3.11036606952165,-59.9737439040624,2168,3
69078,manaus,AM,-3.11119364728213,-59.9871244349758,2168,3
69079,manaus,AM,-3.10780577353942,-60.0041499927004,2168,3
69082,manaus,AM,-3.08619979345368,-59.9716835697008,2168,3
69085,manaus,AM,-3.06982150567184,-59.9564276362539,2168,3
69086,manaus,AM,-3.0684913304526895,-59.9452228157034,2168,3
69087,manaus,AM,-3.06092879986861,-59.9509677751081,2168,3
69088,manaus,AM,-3.03868727810681,-59.9338849578249,2168,3
69089,manaus,AM,-3.09195961630574,-59.9554295241266,2168,3
69090,manaus,AM,-3.03074242810611,-59.9919643278085,2168,3
69093,manaus,AM,-3.01905489838408,-60.0093047220929,2168,3
69095,manaus,AM,-3.02825157614193,-59.9762549948503,2168,3
69096,manaus,AM,-3.03751847267058,-59.9683634138082,2168,3
69098,manaus,AM,-3.05325748685173,-59.9663216275799,2168,3
69099,manaus,AM,-3.0301269516824703,-59.9516133040508,2168,3
69103,itacoatiara,AM,-3.13178862913977,-58.4316868304928,1743,3
69180,urucurituba,AM,-3.05541188627219,-58.0768881156005,3977,3
69301,boa vista,RR,2.82277463670194,-60.67069769149149,488,22
69303,boa vista,RR,2.81125064178286,-60.6782972466943,488,22
69304,boa vista,RR,2.82463087204429,-60.6879817944791,488,22
69305,boa vista,RR,2.83527165703023,-60.6734224030922,488,22
69306,boa vista,RR,2.8329746973521,-60.66578495780251,488,22
69307,boa vista,RR,2.85555832208857,-60.6607132880869,488,22
69308,boa vista,RR,2.7964014330545,-60.6853550188928,488,22
69309,boa vista,RR,2.8137455214146,-60.7010072169469,488,22
69311,boa vista,RR,2.84692920652546,-60.7129521672835,488,22
69312,boa vista,RR,2.812956385249,-60.7134711963671,488,22
69313,boa vista,RR,2.8299945748641604,-60.7227502428494,488,22
69314,boa vista,RR,2.82309550670158,-60.7354250640353,488,22
69316,boa vista,RR,2.77996165917785,-60.7346995470307,488,22
69317,boa vista,RR,2.8225917898625403,-60.7541468803752,488,22
69380,bonfim,RR,3.36211505811283,-59.8332224878568,528,22
69460,coari,AM,-4.09374263540589,-63.1411732422179,971,3
69800,humaita,AM,-7.51503583918822,-63.0203086636278,1553,3
69900,rio branco,AC,-9.967843044507289,-67.8132844686253,3121,1
69901,rio branco,AC,-9.95935155986708,-67.8054808406303,3121,1
69903,rio branco,AC,-9.94531944472619,-67.8231598423896,3121,1
69905,rio branco,AC,-9.9769188609023,-67.8081093364413,3121,1
69906,rio branco,AC,-9.9933715628886,-67.8164331038988,3121,1
69908,rio branco,AC,-9.97928222051409,-67.8802036841159,3121,1
69909,rio branco,AC,-10.0210206140072,-67.8016802799457,3121,1
69911,rio branco,AC,-9.97987213722633,-67.8263486443813,3121,1
69912,rio branco,AC,-9.98906145559719,-67.8440896625047,3121,1
69915,rio branco,AC,-9.97796362176973,-67.8343060652689,3121,1
69917,rio branco,AC,-9.94907414217098,-67.8767586142114,3121,1
69918,rio branco,AC,-9.95647868243801,-67.8284998153068,3121,1
69919,rio branco,AC,-9.95530307815679,-67.8485378518327,3121,1
69925,senador guiomard,AC,-10.153304051241,-67.7342577343094,3662,1
69927,porto acre,AC,-9.59514002847992,-67.5429606434651,2937,1
69930,xapuri,AC,-10.6522261882022,-68.5029346782681,4103,1
69932,brasileia,AC,-11.005940733106,-68.7491753069264,556,1
69934,epitaciolandia,AC,-11.0209528682139,-68.72939233608,1262,1
69950,manoel urbano,AC,-8.83857767053637,-69.2613848114748,2180,1
69980,cruzeiro do sul,AC,-7.62619961582153,-72.6688805413531,1130,1
70040,brasilia,DF,-15.7917697065791,-47.8790699058118,557,7
70043,brasilia,DF,-15.7989284999999,-47.8709234999999,557,7
70057,brasilia,DF,-15.7904386131051,-47.8806550578511,557,7
70067,brasilia,DF,-15.7991895,-47.8701022499999,557,7
70070,brasilia,DF,-15.7849137209272,-47.893015075867105,557,7
70077,brasilia,DF,-15.7907666629647,-47.88443918810359,557,7
70160,brasilia,DF,-15.8003753827755,-47.8605231124514,557,7
70200,brasilia,DF,-15.8156306284668,-47.8552110454484,557,7
70210,brasilia,DF,-15.8485991065654,-47.9211875257811,557,7
70232,brasilia,DF,-15.8057854358944,-47.8860950774939,557,7
70233,brasilia,DF,-15.8085382421082,-47.8891103118595,557,7
70234,brasilia,DF,-15.810877006701,-47.8910549688534,557,7
70235,brasilia,DF,-15.8131945057002,-47.8933045164229,557,7
70236,brasilia,DF,-15.8074566126885,-47.884409566692,557,7
70238,brasilia,DF,-15.8129171813726,-47.8890037399263,557,7
70239,brasilia,DF,-15.8155541441729,-47.8913104761994,557,7
70252,brasilia,DF,-15.8157152741783,-47.8957448697376,557,7
70253,brasilia,DF,-15.817678615244,-47.8984264590561,557,7
70254,brasilia,DF,-15.8198848983762,-47.9013133857576,557,7
70255,brasilia,DF,-15.8176527639965,-47.8936063366926,557,7
70256,brasilia,DF,-15.8203865771097,-47.8969283564164,557,7
70257,brasilia,DF,-15.8221944003671,-47.8995781026236,557,7
70258,brasilia,DF,-15.8218713930601,-47.901110237329,557,7
70272,brasilia,DF,-15.821718749948,-47.9040121318903,557,7
70273,brasilia,DF,-15.8238854761889,-47.9065909411024,557,7
70274,brasilia,DF,-15.8258060296649,-47.9093230994816,557,7
70275,brasilia,DF,-15.8278281276546,-47.91225048825,557,7
70276,brasilia,DF,-15.8259098605025,-47.9046674720937,557,7
70277,brasilia,DF,-15.8279875558591,-47.9074472417038,557,7
70278,brasilia,DF,-15.8299277872593,-47.910213248673,557,7
70292,brasilia,DF,-15.829890986590902,-47.914775049236106,557,7
70293,brasilia,DF,-15.8313951493493,-47.9172212977748,557,7
70294,brasilia,DF,-15.8333094822888,-47.9200007506328,557,7
70295,brasilia,DF,-15.8354383925033,-47.9228332398221,557,7
70297,brasilia,DF,-15.8310991385729,-47.9144552363719,557,7
70298,brasilia,DF,-15.8361177026994,-47.9186836737106,557,7
70299,brasilia,DF,-15.8378297371227,-47.9210062692929,557,7
70330,brasilia,DF,-15.8030703251684,-47.8904186862304,557,7
70331,brasilia,DF,-15.8031446799267,-47.896956919922,557,7
70336,brasilia,DF,-15.8037584236202,-47.8940790930493,557,7
70337,brasilia,DF,-15.8064408376382,-47.8962433367101,557,7
70340,brasilia,DF,-15.7977406771196,-47.8937133602191,557,7
70342,brasilia,DF,-15.8058772748296,-47.8917823864716,557,7
70344,brasilia,DF,-15.8108220634599,-47.8963598939628,557,7
70345,brasilia,DF,-15.8129501289367,-47.8984918733527,557,7
70350,brasilia,DF,-15.8075730293119,-47.9018291993256,557,7
70351,brasilia,DF,-15.8109625148503,-47.9056985168127,557,7
70352,brasilia,DF,-15.8084489084038,-47.8982601279131,557,7
70353,brasilia,DF,-15.8106539507708,-47.9003427890574,557,7
70355,brasilia,DF,-15.814285363978902,-47.905558018969295,557,7
70360,brasilia,DF,-15.8147011194423,-47.9103413920144,557,7
70361,brasilia,DF,-15.8193536884933,-47.9166234194723,557,7
70363,brasilia,DF,-15.8185036149635,-47.91109321509,557,7
70364,brasilia,DF,-15.8204575479078,-47.913185183012,557,7
70373,brasilia,DF,-15.8203870856849,-47.9093194755125,557,7
70374,brasilia,DF,-15.8225876819155,-47.9118479945486,557,7
70375,brasilia,DF,-15.8245981000471,-47.9144516343905,557,7
70380,brasilia,DF,-15.8223783501693,-47.9216098488899,557,7
70382,brasilia,DF,-15.824249147394,-47.9191684467549,557,7
70383,brasilia,DF,-15.8262429872491,-47.9216449361734,557,7
70384,brasilia,DF,-15.8274937625533,-47.92443250257789,557,7
70385,brasilia,DF,-15.8303076338624,-47.9228990616366,557,7
70386,brasilia,DF,-15.8322149928929,-47.9252325570855,557,7
70387,brasilia,DF,-15.8297416867203,-47.927314408167,557,7
70390,brasilia,DF,-15.815334367328399,-47.9166656602896,557,7
70402,brasilia,DF,-15.8024775868059,-47.8747112106467,557,7
70422,brasilia,DF,-15.8249015243109,-47.8925856261604,557,7
70610,brasilia,DF,-15.7919452780947,-47.9122500969153,557,7
70630,brasilia,DF,-15.7716907266616,-47.9230919575559,557,7
70632,brasilia,DF,-15.7629444038953,-47.9354817986332,557,7
70634,brasilia,DF,-15.747188710626,-47.92536086722,557,7
70636,brasilia,DF,-15.7173138051609,-47.9064161377332,557,7
70640,brasilia,DF,-15.785749245172,-47.9363854403587,557,7
70645,brasilia,DF,-15.7818524494769,-47.9340550625342,557,7
70648,brasilia,DF,-15.7884932008065,-47.9360967616609,557,7
70650,brasilia,DF,-15.7980374783257,-47.9427354618835,557,7
70655,brasilia,DF,-15.7970917588429,-47.9369973459985,557,7
70658,brasilia,DF,-15.794687183997,-47.9354666981658,557,7
70660,brasilia,DF,-15.806495753791099,-47.9421752440797,557,7
70670,brasilia,DF,-15.8019195704383,-47.9236634124868,557,7
70673,brasilia,DF,-15.8001242530445,-47.9284096478461,557,7
70675,brasilia,DF,-15.7907256428571,-47.9300929196428,557,7
70680,brasilia,DF,-15.7844318632339,-47.9170455735104,557,7
70687,brasilia,DF,-15.815976328611002,-47.9073280865889,557,7
70711,brasilia,DF,-15.7885807940179,-47.8824248736264,557,7
70712,brasilia,DF,-15.786935542319,-47.8837649516638,557,7
70719,brasilia,DF,-15.786283585240902,-47.8891179783757,557,7
70722,brasilia,DF,-15.7823286576018,-47.8829209565719,557,7
70730,brasilia,DF,-15.776596790121198,-47.8891472401425,557,7
70732,brasilia,DF,-15.7785551421722,-47.8827838978535,557,7
70734,brasilia,DF,-15.7725675827139,-47.88349979187391,557,7
70735,brasilia,DF,-15.780190808637,-47.8868943695826,557,7
70736,brasilia,DF,-15.775965033108998,-47.8862675654054,557,7
70737,brasilia,DF,-15.7728888986093,-47.8862883095999,557,7
70740,brasilia,DF,-15.7679556799768,-47.8910117279327,557,7
70741,brasilia,DF,-15.7639773298443,-47.8926802976015,557,7
70742,brasilia,DF,-15.7696907769997,-47.8839891489464,557,7
70743,brasilia,DF,-15.7662073333265,-47.88472815603,557,7
70744,brasilia,DF,-15.7635805908001,-47.8858242571525,557,7
70745,brasilia,DF,-15.7701796955676,-47.8870155485754,557,7
70746,brasilia,DF,-15.7675686526421,-47.8875774316626,557,7
70747,brasilia,DF,-15.7639014028902,-47.8887892579749,557,7
70750,brasilia,DF,-15.7599419389874,-47.8944989792052,557,7
70752,brasilia,DF,-15.7602440812416,-47.8866546966453,557,7
70753,brasilia,DF,-15.7569224529457,-47.8872728893342,557,7
70754,brasilia,DF,-15.7541879590689,-47.888935749641,557,7
70755,brasilia,DF,-15.7610760002659,-47.8895962894959,557,7
70756,brasilia,DF,-15.7574999700201,-47.8900537582475,557,7
70757,brasilia,DF,-15.755013607004,-47.8914774334046,557,7
70760,brasilia,DF,-15.7504619900606,-47.8964934735002,557,7
70762,brasilia,DF,-15.751234623347,-47.8896727375919,557,7
70763,brasilia,DF,-15.747830613470303,-47.8905605002483,557,7
70764,brasilia,DF,-15.7456055173705,-47.8920414132894,557,7
70765,brasilia,DF,-15.7517526902362,-47.8929596084913,557,7
70766,brasilia,DF,-15.7487885950319,-47.8935895424914,557,7
70767,brasilia,DF,-15.7454991259614,-47.8948659242656,557,7
70770,brasilia,DF,-15.739482811357599,-47.899416205346505,557,7
70772,brasilia,DF,-15.7415950570942,-47.8927807621034,557,7
70773,brasilia,DF,-15.7384570064825,-47.894133233036,557,7
70774,brasilia,DF,-15.742645728252702,-47.89557305981631,557,7
70775,brasilia,DF,-15.7394875721898,-47.8967906736849,557,7
70790,brasilia,DF,-15.7548206124564,-47.89825021466989,557,7
70800,brasilia,DF,-15.7779035782551,-47.8517361653555,557,7
70801,brasilia,DF,-15.793240642769698,-47.8503569266459,557,7
70804,brasilia,DF,-15.7941458522309,-47.8483544254167,557,7
70830,brasilia,DF,-15.7776255,-47.87400825,557,7
70833,brasilia,DF,-15.7788214928012,-47.8784007582087,557,7
70834,brasilia,DF,-15.782075980611102,-47.875270882946005,557,7
70835,brasilia,DF,-15.7781630550532,-47.8756945403515,557,7
70842,brasilia,DF,-15.7760261911817,-47.8789386796241,557,7
70843,brasilia,DF,-15.7718661533164,-47.87976858797439,557,7
70844,brasilia,DF,-15.7686186710077,-47.8800486875948,557,7
70845,brasilia,DF,-15.7744974646489,-47.8760300002008,557,7
70846,brasilia,DF,-15.7715658098338,-47.8760316028619,557,7
70847,brasilia,DF,-15.7676333689801,-47.877517497894,557,7
70854,brasilia,DF,-15.7591891092354,-47.882997147867,557,7
70855,brasilia,DF,-15.7646577979492,-47.87842786432841,557,7
70856,brasilia,DF,-15.7613867409007,-47.8789231759459,557,7
70857,brasilia,DF,-15.7586772337114,-47.8799748001115,557,7
70862,brasilia,DF,-15.7558903787229,-47.8837427574153,557,7
70863,brasilia,DF,-15.7529130303801,-47.88488502914171,557,7
70864,brasilia,DF,-15.7501129526598,-47.88575348876359,557,7
70865,brasilia,DF,-15.7547619520276,-47.8812332317753,557,7
70867,brasilia,DF,-15.7482385281171,-47.8828951214773,557,7
70872,brasilia,DF,-15.7463214633351,-47.8874886323927,557,7
70873,brasilia,DF,-15.7433872446529,-47.8879745172926,557,7
70874,brasilia,DF,-15.7405123111012,-47.8888109112736,557,7
70875,brasilia,DF,-15.7374405874003,-47.8898636242743,557,7
70876,brasilia,DF,-15.7477989173875,-47.8847668760813,557,7
70878,brasilia,DF,-15.739510684713201,-47.8864097207585,557,7
70879,brasilia,DF,-15.7373725813728,-47.8869853845359,557,7
70908,brasilia,DF,-15.7652845969535,-47.856663,557,7
71009,brasilia,DF,-15.787326571209897,-47.8858278033642,557,7
71010,brasilia,DF,-15.815647983485201,-47.9869083670086,557,7
71015,brasilia,DF,-15.8231980341753,-47.98710768011,557,7
71020,brasilia,DF,-15.8173411548899,-47.9738449130756,557,7
71050,brasilia,DF,-15.8328432269336,-47.9760606094569,557,7
71060,brasilia,DF,-15.8343687740384,-47.9827490176832,557,7
71065,brasilia,DF,-15.842610145347898,-47.9757827475261,557,7
71070,brasilia,DF,-15.832786657811598,-47.9463673937468,557,7
71090,brasilia,DF,-15.8156132185656,-47.9957207185656,557,7
71100,brasilia,DF,-15.8087294999999,-47.989449,557,7
71200,brasilia,DF,-15.7997098511892,-47.9513630164839,557,7
71205,brasilia,DF,-15.7955855241975,-47.9490044415432,557,7
71215,brasilia,DF,-15.813933452398897,-47.9470249283432,557,7
71218,brasilia,DF,-14.6160693742979,-53.1585912420886,557,7
71225,brasilia,DF,-15.8007968464638,-47.9767749510903,557,7
71250,brasilia,DF,-15.778685104466,-48.0000228725445,557,7
71503,brasilia,DF,-15.714994030460797,-47.885778103103,557,7
71505,brasilia,DF,-15.726397652720697,-47.8675994988229,557,7
71510,brasilia,DF,-15.727567777218601,-47.8811107486624,557,7
71515,brasilia,DF,-15.7441206839979,-47.845403351661,557,7
71520,brasilia,DF,-15.7379628959113,-47.8656563925289,557,7
71530,brasilia,DF,-15.7595289895411,-47.8388942082922,557,7
71535,brasilia,DF,-15.7572643819548,-47.8324141678494,557,7
71540,brasilia,DF,-15.7386161022858,-47.8805480614453,557,7
71570,brasilia,DF,-15.7810992182143,-47.7836235447395,557,7
71571,brasilia,DF,-15.7734139268874,-47.7785360031831,557,7
71572,brasilia,DF,-15.768227119422301,-47.7798859265823,557,7
71573,brasilia,DF,-15.7629426121202,-47.7800584434352,557,7
71596,brasilia,DF,-15.7045086869103,-47.824642889212,557,7
71605,brasilia,DF,-15.8576797856464,-47.9170718490476,557,7
71610,brasilia,DF,-15.8553380834492,-47.9217511325465,557,7
71615,brasilia,DF,-15.8477464500614,-47.8959403636745,557,7
71625,brasilia,DF,-15.8360251733923,-47.8756700139595,557,7
71630,brasilia,DF,-15.8321408432517,-47.87554514497,557,7
71635,brasilia,DF,-15.8459577010654,-47.8771729012329,557,7
71645,brasilia,DF,-15.8641258173168,-47.8753807022043,557,7
71650,brasilia,DF,-15.8487436648989,-47.8563436998326,557,7
71655,brasilia,DF,-15.8579037577962,-47.8590554508279,557,7
71660,brasilia,DF,-15.8416233415458,-47.8383343753249,557,7
71665,brasilia,DF,-15.8357002337175,-47.835613519114,557,7
71670,brasilia,DF,-15.8199151226387,-47.814722128580705,557,7
71675,brasilia,DF,-15.8252318694392,-47.806012956675,557,7
71680,brasilia,DF,-15.84651591266,-47.8311321574908,557,7
71691,brasilia,DF,-15.8801623273159,-47.8169594280369,557,7
71692,brasilia,DF,-15.901158859532,-47.7784446086501,557,7
71693,brasilia,DF,-15.8955280017586,-47.77170704495419,557,7
71694,brasilia,DF,-15.9089555464268,-47.7528442222626,557,7
71697,brasilia,DF,-15.7941971058042,-47.8481012305341,557,7
71699,brasilia,DF,-15.793096899492902,-47.8516156557611,557,7
71705,brasilia,DF,-15.872090430765,-47.9660965259172,557,7
71710,brasilia,DF,-15.869443741305398,-47.9672424963897,557,7
71715,brasilia,DF,-15.8715968984841,-47.9729676015476,557,7
71720,brasilia,DF,-15.862816772712398,-47.9559179528516,557,7
71725,brasilia,DF,-15.851079643475902,-47.9510941387653,557,7
71727,brasilia,DF,-15.8562094490348,-47.95086571486811,557,7
71731,brasilia,DF,-15.8544684808882,-47.9340512605784,557,7
71735,brasilia,DF,-15.8539564716976,-47.9914874453238,557,7
71740,brasilia,DF,-15.8994567604828,-47.9678175975601,557,7
71741,brasilia,DF,-15.9201950592794,-47.9538759430167,557,7
71745,brasilia,DF,-15.9079039151842,-47.9466544453235,557,7
71746,brasilia,DF,-15.945623309463,-47.9686667743286,557,7
71805,brasilia,DF,-15.880430307658902,-48.0159034331597,557,7
71820,brasilia,DF,-15.8850340443918,-48.0168818958087,557,7
71825,brasilia,DF,-15.8875371876823,-48.0170717678518,557,7
71880,brasilia,DF,-15.9029231437856,-48.0458968411932,557,7
71881,brasilia,DF,-15.8940313997479,-48.04967734024179,557,7
71882,brasilia,DF,-15.9134118924393,-48.0466686261143,557,7
71900,brasilia,DF,-15.8324135890867,-48.0374552507468,557,7
71901,brasilia,DF,-15.8311291271941,-48.0159878174099,557,7
71906,brasilia,DF,-15.8310180388018,-48.0110295013148,557,7
71907,brasilia,DF,-15.823894378068099,-47.977905965066405,557,7
71908,brasilia,DF,-15.816554506980102,-47.9429440751909,557,7
71909,brasilia,DF,-15.8318166585803,-47.9998379565015,557,7
71910,brasilia,DF,-15.8386666054157,-48.013562490078,557,7
71915,brasilia,DF,-15.8398310145031,-47.9968719372549,557,7
71916,brasilia,DF,-15.839676967068,-48.0140915935589,557,7
71917,brasilia,DF,-15.8373056504155,-48.022359028070504,557,7
71918,brasilia,DF,-15.8374542488752,-48.0274396533863,557,7
71920,brasilia,DF,-15.830105293829499,-48.0323489018871,557,7
71925,brasilia,DF,-15.8430485538899,-48.0084099430557,557,7
71926,brasilia,DF,-15.8403738001325,-48.0147278098911,557,7
71927,brasilia,DF,-15.844934685277797,-48.0187434267441,557,7
71928,brasilia,DF,-15.845346178629098,-48.0314238282947,557,7
71929,brasilia,DF,-15.841933361571,-48.008385588247,557,7
71930,brasilia,DF,-15.8378219999999,-48.036888,557,7
71931,brasilia,DF,-15.836793380445899,-48.0395533241753,557,7
71936,brasilia,DF,-15.8400022271367,-48.0246753212498,557,7
71937,brasilia,DF,-15.8300232623957,-47.9804657713794,557,7
71938,brasilia,DF,-15.8075894827238,-47.9023465782225,557,7
71939,brasilia,DF,-15.836813750915,-48.0044694917895,557,7
71940,brasilia,DF,-15.8473103817665,-47.922776825728,557,7
71950,taguatinga,DF,-15.8392279914005,-48.0436370726802,3775,7
71955,brasilia,DF,-15.854505176922098,-48.03766404110521,557,7
71963,brasilia,DF,-15.854833991567,-48.033339849262,557,7
71967,brasilia,DF,-15.8640742163077,-48.026261345613,557,7
71968,brasilia,DF,-15.8648949749491,-48.0248007559688,557,7
71969,brasilia,DF,-15.8658666739623,-48.0257791408512,557,7
71978,brasilia,DF,-15.8617654157271,-47.9855160253552,557,7
71980,brasilia,DF,-15.8690123801997,-48.0177542622392,557,7
71990,brasilia,DF,-15.875173871152302,-48.0002909585903,557,7
72001,brasilia,DF,-15.79139823224,-47.8569889019088,557,7
72003,brasilia,DF,-15.7925034538121,-47.8451268356306,557,7
72006,brasilia,DF,-15.7911547340413,-47.8567296214195,557,7
72007,brasilia,DF,-15.7748159567436,-48.0468055012082,557,7
72010,brasilia,DF,-15.8320903328177,-48.054668278078,557,7
72015,brasilia,DF,-15.8382255426257,-48.053400718858,557,7
72016,brasilia,DF,-15.8399318352778,-48.0600733026683,557,7
72020,brasilia,DF,-15.8453750224473,-48.0438767481314,557,7
72025,brasilia,DF,-15.8593362180266,-48.0407812272354,557,7
72110,brasilia,DF,-15.8252528786611,-48.0519055357888,557,7
72115,brasilia,DF,-15.8247371593387,-48.0599178984852,557,7
72120,brasilia,DF,-15.8080279348195,-48.0622752406991,557,7
72125,brasilia,DF,-15.8131202002738,-48.067734475063695,557,7
72130,brasilia,DF,-15.797879337583,-48.0622486789549,557,7
72135,brasilia,DF,-15.8093728210442,-48.07680778016359,557,7
72140,brasilia,DF,-15.8142023751838,-48.0841852392312,557,7
72145,brasilia,DF,-15.803332695564501,-48.0979499942644,557,7
72146,brasilia,DF,-15.795248128920997,-48.1063754957178,557,7
72150,brasilia,DF,-15.8257636281292,-48.0822981195241,557,7
72151,brasilia,DF,-15.826453716417399,-48.08720861529181,557,7
72152,brasilia,DF,-15.8155453446935,-48.0910457305512,557,7
72155,brasilia,DF,-15.8285587867157,-48.0759425036746,557,7
72156,brasilia,DF,-15.8200036496683,-48.0793570773838,557,7
72162,brasilia,DF,-15.8140208122478,-48.0949740737168,557,7
72210,brasilia,DF,-15.806986072901998,-48.104958853481,557,7
72215,brasilia,DF,-15.8273683198068,-48.0977755032227,557,7
72220,brasilia,DF,-15.8319543523479,-48.1077838668613,557,7
72225,brasilia,DF,-15.8114138556977,-48.1191958162542,557,7
72231,brasilia,DF,-15.84162952954,-48.1146818773097,557,7
72233,brasilia,DF,-15.847901414408202,-48.1125005624278,557,7
72235,brasilia,DF,-15.8427964936488,-48.1248874674588,557,7
72236,brasilia,DF,-15.849456971611499,-48.1198608154659,557,7
72240,brasilia,DF,-15.8176257173657,-48.126926195593704,557,7
72241,brasilia,DF,-15.8100541044855,-48.1318339576335,557,7
72250,brasilia,DF,-15.7948333573931,-48.1183469512802,557,7
72251,brasilia,DF,-15.7889298332083,-48.124814674591,557,7
72255,brasilia,DF,-15.7924419473833,-48.1241074185613,557,7
72260,brasilia,DF,-15.7995470505377,-48.1354736156514,557,7
72261,brasilia,DF,-15.7909779669905,-48.1389090079541,557,7
72270,brasilia,DF,-15.8054266317699,-48.1438092078173,557,7
72275,brasilia,DF,-15.801552733025,-48.1310597398647,557,7
72301,brasilia,DF,-15.8851314073084,-48.1062044322083,557,7
72302,brasilia,DF,-15.8719937015672,-48.0757927185139,557,7
72304,brasilia,DF,-15.8673246059657,-48.0588681255299,557,7
72305,brasilia,DF,-15.8846962208097,-48.0958576920399,557,7
72306,brasilia,DF,-15.8774187127956,-48.0763601649226,557,7
72308,brasilia,DF,-15.8741611603526,-48.066664348361506,557,7
72310,brasilia,DF,-15.8822297424452,-48.0748903298648,557,7
72311,brasilia,DF,-15.8904459920185,-48.097912685212,557,7
72312,brasilia,DF,-15.8821905562341,-48.0723653932619,557,7
72314,brasilia,DF,-15.8795359651101,-48.0645674035203,557,7
72315,brasilia,DF,-15.8908694563257,-48.0961318719591,557,7
72316,brasilia,DF,-15.8651158549742,-48.0784847061768,557,7
72317,brasilia,DF,-15.8983554822599,-48.1180175515063,557,7
72318,brasilia,DF,-15.8622811529569,-48.0804450406552,557,7
72319,brasilia,DF,-15.8708157149729,-48.0964596716349,557,7
72320,brasilia,DF,-15.8585058730937,-48.0756223616656,557,7
72321,brasilia,DF,-15.8777847633497,-48.1074709606816,557,7
72322,brasilia,DF,-15.8586557265643,-48.0855751178459,557,7
72323,brasilia,DF,-15.8802596242182,-48.1146018785159,557,7
72325,brasilia,DF,-15.8844896167702,-48.1232124490966,557,7
72329,brasilia,DF,-15.8937955731444,-48.1431148137189,557,7
72331,brasilia,DF,-15.8709418138255,-48.1076644767467,557,7
72333,brasilia,DF,-15.8799315744975,-48.1247948677106,557,7
72405,brasilia,DF,-15.985292241606702,-48.0299074688338,557,7
72410,brasilia,DF,-16.0352344687355,-48.0634839574863,557,7
72415,brasilia,DF,-16.0251659090366,-48.0788224734911,557,7
72420,brasilia,DF,-16.0167683611356,-48.0720153696309,557,7
72425,brasilia,DF,-16.0240031221301,-48.071650164269,557,7
72430,brasilia,DF,-16.0100507570368,-48.06605180768221,557,7
72445,brasilia,DF,-15.625478252566,-48.640787144280004,557,7
72450,brasilia,DF,-16.0085117779616,-48.0500169212441,557,7
72460,gama,DF,-16.0229465839791,-48.0507181577844,1405,7
72500,brasilia,DF,-16.04474269679,-48.0379807154876,557,7
72501,brasilia,DF,-16.0434096414547,-48.0305301393105,557,7
72502,brasilia,DF,-16.0400009977072,-48.0284396511479,557,7
72503,brasilia,DF,-16.0368678429244,-48.0303550553811,557,7
72504,brasilia,DF,-16.0331489304653,-48.0292364915094,557,7
72506,brasilia,DF,-16.0280562544696,-48.0301875688229,557,7
72507,santa maria,DF,-16.0281833958187,-48.026818185041,3290,7
72509,brasilia,DF,-16.0236732097378,-48.0217367114948,557,7
72510,brasilia,DF,-16.0213228557444,-48.0193055583208,557,7
72542,brasilia,DF,-16.0120899291267,-48.0050166573856,557,7
72543,brasilia,DF,-16.0104799104075,-48.0022684614906,557,7
72545,brasilia,DF,-16.0087840858472,-47.9979345393471,557,7
72546,brasilia,DF,-16.0089917182359,-47.9943065698095,557,7
72547,brasilia,DF,-16.0075325206664,-47.9910097639567,557,7
72548,brasilia,DF,-16.0090543724878,-47.9875285103195,557,7
72592,brasilia,DF,-15.992714602343,-47.9931983963853,557,7
72593,brasilia,DF,-15.9970007197293,-47.9957404173585,557,7
72600,brasilia,DF,-15.9009812097972,-48.0643295838113,557,7
72601,brasilia,DF,-15.9068156897892,-48.0854221821749,557,7
72602,brasilia,DF,-15.9124087930991,-48.1003414855057,557,7
72603,brasilia,DF,-15.9233609701219,-48.1068757646389,557,7
72610,brasilia,DF,-15.9060252222632,-48.0634903977231,557,7
72620,brasilia,DF,-15.9094087337663,-48.0808252640318,557,7
72621,brasilia,DF,-15.9171340523841,-48.0977686853298,557,7
72622,brasilia,DF,-15.9245400432727,-48.1028234529057,557,7
72630,brasilia,DF,-15.910072148178,-48.059648111951,557,7
72631,brasilia,DF,-15.9126243276268,-48.0664921571627,557,7
72640,brasilia,DF,-15.9167522034205,-48.056801731163,557,7
72641,brasilia,DF,-15.9181281983784,-48.0636095848973,557,7
72650,brasilia,DF,-15.9214252460306,-48.0527882145033,557,7
72660,brasilia,DF,-15.9300384995968,-48.1036049449901,557,7
72669,brasilia,DF,-15.7933632578337,-47.849224243407,557,7
72705,brasilia,DF,-15.6777827007189,-48.1959841128052,557,7
72710,brasilia,DF,-15.692184012582098,-48.1669011114546,557,7
72720,brasilia,DF,-15.6967674966628,-48.1551309115076,557,7
72725,brasilia,DF,-15.671696383482901,-48.2014425665908,557,7
72726,brasilia,DF,-15.6673466048388,-48.2010721911413,557,7
72737,brasilia,DF,-15.6632461156417,-48.1986504571636,557,7
72745,brasilia,DF,-15.6601248284278,-48.1933298411551,557,7
72755,brasilia,DF,-15.6451847700345,-48.1796374468856,557,7
72800,luziania,GO,-16.2551541759693,-47.9545718543994,2124,9
72801,luziania,GO,-16.262499271866,-47.9564599598077,2124,9
72803,luziania,GO,-16.2320938764618,-47.9457817240648,2124,9
72804,luziania,GO,-16.249067667912,-47.9237165075166,2124,9
72805,luziania,GO,-16.2632381810176,-47.9380210181345,2124,9
72810,luziania,GO,-16.2503962367499,-47.9568908907163,2124,9
72811,luziania,GO,-16.2487619449535,-47.9630459762287,2124,9
72812,luziania,GO,-16.2466710693161,-47.9513892664929,2124,9
72813,luziania,GO,-16.239441453495,-47.9482524306742,2124,9
72814,luziania,GO,-16.2501104538178,-47.938164698292,2124,9
72820,luziania,GO,-16.2518470580359,-47.9083508391273,2124,9
72830,luziania,GO,-16.2434447042196,-47.9177623724807,2124,9
72836,luziania,GO,-16.2100194767492,-47.9296340135689,2124,9
72850,luziania,GO,-16.1416626888869,-47.9564938749907,2124,9
72853,luziania,GO,-16.2321228833057,-47.9335398414256,2124,9
72855,luziania,GO,-16.1776387423769,-47.927028663512,2124,9
72860,novo gama,GO,-16.0563207063824,-48.0349145606077,2534,9
72862,novo gama,GO,-16.0692035194931,-48.0505416849675,2534,9
72865,novo gama,GO,-16.0912749999999,-48.0317449999999,2534,9
72870,valparaiso de goias,GO,-16.0693360678508,-47.9969028902049,3995,9
72871,valparaiso de goias,GO,-16.0588336883039,-48.0025338043561,3995,9
72872,valparaiso de goias,GO,-16.0877053524648,-47.988034127558,3995,9
72874,valparaiso de goias,GO,-16.1102096230864,-47.9803595558132,3995,9
72875,valparaiso de goias,GO,-16.0743614805147,-47.9893059129299,3995,9
72876,valparaiso de goias,GO,-16.0774646893445,-47.9776087004437,3995,9
72878,valparaiso de goias,GO,-16.0586016809348,-47.97930415145131,3995,9
72880,cidade ocidental,GO,-16.0948720314993,-47.9154836898764,959,9
72885,cidade ocidental,GO,-16.1074617288401,-47.9517752215321,959,9
72887,cidade ocidental,GO,-16.0827449999999,-47.9322412389999,959,9
72899,jardim abc de goias,GO,-21.4678290881367,-56.1718692030376,1930,9
72900,santo antonio do descoberto,GO,-15.995048231592,-48.2691974588679,3376,9
72910,aguas lindas de goias,GO,-15.728157848258698,-48.2773301775625,58,9
72911,aguas lindas de goias,GO,-15.7403203844566,-48.2442788328968,58,9
72912,aguas lindas de goias,GO,-15.716847041714,-48.2692836494524,58,9
72914,aguas lindas de goias,GO,-15.7245563325485,-48.2771394624992,58,9
72915,aguas lindas de goias,GO,-15.6417705733631,-48.2231177264351,58,9
72916,aguas lindas de goias,GO,-15.7096718050932,-48.2725608881487,58,9
72917,aguas lindas de goias,GO,-15.6939923162781,-48.2665424674171,58,9
72920,aguas lindas de goias,GO,-15.7206279594969,-48.2861934285803,58,9
72925,aguas lindas de goias,GO,-15.7413811543836,-48.2980430215655,58,9
72927,aguas lindas de goias,GO,-15.7768508020075,-48.2925586652787,58,9
72930,alexania,GO,-16.0840774265103,-48.5067727646341,86,9
72940,abadiania,GO,-16.1937424163162,-48.7095213033725,3,9
72960,corumba de goias,GO,-15.9250164192724,-48.8093480059179,1082,9
72975,cocalzinho de goias,GO,-15.7631600036283,-48.7447125022252,976,9
72980,pirenopolis,GO,-15.8617281442358,-48.968851608331,2868,9
73005,brasilia,DF,-15.645092735698702,-47.79841429471471,557,7
73006,brasilia,DF,-15.6465883401466,-47.799459368037,557,7
73010,brasilia,DF,-15.6504531618602,-47.792021523082404,557,7
73015,brasilia,DF,-15.6575095581051,-47.7966576779743,557,7
73020,brasilia,DF,-15.657448058889102,-47.8095103858827,557,7
73025,brasilia,DF,-15.6524896853815,-47.8010630278704,557,7
73030,brasilia,DF,-15.6507781657593,-47.8083102999416,557,7
73035,brasilia,DF,-15.6414990156527,-47.8059699689789,557,7
73040,brasilia,DF,-15.644593447880101,-47.7865272530045,557,7
73041,brasilia,DF,-15.646059,-47.7860489999999,557,7
73050,brasilia,DF,-15.6478959242621,-47.7778359539117,557,7
73060,brasilia,DF,-15.6408953817408,-47.8160420265675,557,7
73062,brasilia,DF,-15.646595997075101,-47.8237890508825,557,7
73080,brasilia,DF,-15.633883334253,-47.8158449254154,557,7
73083,brasilia,DF,-15.7934519512102,-47.8458521962723,557,7
73092,brasilia,DF,-15.6663516180486,-47.82437983473179,557,7
73105,brasilia,DF,-15.6627546873999,-47.8603921889438,557,7
73150,brasilia,DF,-15.7914006494604,-47.8493650958798,557,7
73250,brasilia,DF,-15.5779655225215,-48.0073019594688,557,7
73251,brasilia,DF,-15.670448539311101,-47.8159628551046,557,7
73252,brasilia,DF,-15.6886102988326,-47.8249355906558,557,7
73270,brasilia,DF,-15.7924954911131,-47.8504874621876,557,7
73320,brasilia,DF,-15.6536892656686,-47.6839133499283,557,7
73330,brasilia,DF,-15.6305110175826,-47.6687080485034,557,7
73340,brasilia,DF,-15.606237036866698,-47.651105008439,557,7
73350,brasilia,DF,-15.6168080543521,-47.6470534452619,557,7
73355,brasilia,DF,-15.613376458566,-47.6363481520927,557,7
73358,brasilia,DF,-15.6194257607205,-47.638053531125,557,7
73360,brasilia,DF,-15.6249286145113,-47.6471742095524,557,7
73368,brasilia,DF,-15.7497299767151,-47.9271744728199,557,7
73370,brasilia,DF,-15.650883685243901,-47.6445113256762,557,7
73700,padre bernardo,GO,-15.1734056290907,-48.2837369748828,2607,9
73730,mimoso de goias,GO,-15.0584805682973,-48.1614321339363,2291,9
73751,planaltina,GO,-15.435886132786,-47.6052779970291,2885,9
73752,planaltina,GO,-15.4537506369674,-47.5997877228609,2885,9
73753,planaltina,GO,-15.4565750959998,-47.6101934912496,2885,9
73754,planaltina,GO,-15.4943499999999,-47.6363654599999,2885,9
73755,planaltina,GO,-15.4824013809999,-47.5896349999999,2885,9
73760,sao joao d'alianca,GO,-14.7066667115118,-47.5230992092643,3466,9
73770,alto paraiso de goias,GO,-14.139317335378998,-47.5168981069647,123,9
73780,agua fria de goias,GO,-14.9744953762272,-47.7843870637298,43,9
73790,cavalcante,GO,-13.7946528771697,-47.4583836286447,898,9
73795,teresina de goias,GO,-13.764676069232,-47.2634359205012,3835,9
73801,formosa,GO,-15.5409504648455,-47.3373336896704,1363,9
73802,formosa,GO,-15.5556143434565,-47.3393825376069,1363,9
73803,formosa,GO,-15.547841465449,-47.340878201481,1363,9
73804,formosa,GO,-15.561773823952,-47.3442919412034,1363,9
73805,formosa,GO,-15.5366586117508,-47.3436765872534,1363,9
73807,formosa,GO,-15.5381432054976,-47.32703682850829,1363,9
73808,formosa,GO,-15.5378395166198,-47.3035089028857,1363,9
73813,formosa,GO,-15.5501832368609,-47.3294963160009,1363,9
73820,nova roma,GO,-13.7417705160699,-46.8815128565409,2513,9
73840,campos belos,GO,-13.0371635492716,-46.7696939781987,734,9
73850,cristalina,GO,-16.7699155266374,-47.6107232623567,1112,9
73865,divinopolis de goias,GO,-13.2866088754714,-46.4139641352293,1191,9
73870,cabeceiras,GO,-15.8052492617574,-46.9305846708131,606,9
73890,flores de goias,GO,-14.4890435596525,-46.9895028306203,1349,9
73900,posse,GO,-14.0869733234256,-46.3615703359977,2962,9
73920,iaciara,GO,-14.100739692965698,-46.6342435224193,1556,9
73930,simolandia,GO,-14.4677973311638,-46.4826377674231,3725,9
73950,alvorada do norte,GO,-14.485339149785199,-46.5062237977643,142,9
73970,mambai,GO,-14.4945910862882,-46.1115330521824,2164,9
73980,damianopolis,GO,-14.5588250450923,-46.1752497369656,1154,9
74003,goiania,GO,-16.6807191128773,-49.256911480733,1443,9
74013,goiania,GO,-16.6737425568545,-49.2598864710213,1443,9
74015,goiania,GO,-16.6784960019032,-49.2593070428847,1443,9
74020,goiania,GO,-16.6722782749,-49.2588217270503,1443,9
74023,goiania,GO,-16.6735186424869,-49.2566711122245,1443,9
74030,goiania,GO,-16.676626307037,-49.2534914646898,1443,9
74043,goiania,GO,-16.6752167548508,-49.2598442299334,1443,9
74045,goiania,GO,-16.6666685259097,-49.2642316869538,1443,9
74053,goiania,GO,-16.6676476248258,-49.2602848147495,1443,9
74055,goiania,GO,-16.6667499862871,-49.2571934854255,1443,9
74063,goiania,GO,-16.6605416037803,-49.2621391047599,1443,9
74070,goiania,GO,-16.6695686624324,-49.2688313979788,1443,9
74075,goiania,GO,-16.6728332537085,-49.2688727658558,1443,9
74080,goiania,GO,-16.6871751402734,-49.2565281924604,1443,9
74083,goiania,GO,-16.6842160065167,-49.2514926854078,1443,9
74085,goiania,GO,-16.6960962013906,-49.2524168659427,1443,9
74093,goiania,GO,-16.6948203918075,-49.25616510947939,1443,9
74110,goiania,GO,-16.6806777110765,-49.2694968222106,1443,9
74115,goiania,GO,-16.6853547997454,-49.2645428772529,1443,9
74120,goiania,GO,-16.688905322733,-49.2671278450536,1443,9
74125,goiania,GO,-16.6778255907997,-49.2746368249472,1443,9
74130,goiania,GO,-16.6866655748762,-49.27229649367,1443,9
74140,goiania,GO,-16.6895122638734,-49.272144527420004,1443,9
74150,goiania,GO,-16.6967277241112,-49.2674489444962,1443,9
74160,goiania,GO,-16.6964468749438,-49.2645244044084,1443,9
74170,goiania,GO,-16.696447842301,-49.2620906718197,1443,9
74180,goiania,GO,-16.6983005532884,-49.2558406272218,1443,9
74210,goiania,GO,-16.6955089626671,-49.2771091317638,1443,9
74215,goiania,GO,-16.6976121006968,-49.2757739919788,1443,9
74223,goiania,GO,-16.7100220710307,-49.2665870028038,1443,9
74230,goiania,GO,-16.7150240627171,-49.2678614788515,1443,9
74250,goiania,GO,-16.7174140253247,-49.2881264757256,1443,9
74255,goiania,GO,-16.7098912945442,-49.2892352593308,1443,9
74265,goiania,GO,-16.6971885381225,-49.2890334780308,1443,9
74270,goiania,GO,-16.701348271036,-49.2835154657321,1443,9
74275,goiania,GO,-16.7144683851968,-49.2810945175462,1443,9
74280,goiania,GO,-16.7161078331395,-49.2726340422134,1443,9
74290,goiania,GO,-16.7089741720208,-49.2766443183849,1443,9
74303,goiania,GO,-16.7009363027001,-49.3060842041063,1443,9
74305,goiania,GO,-16.6939447641347,-49.296994337801806,1443,9
74310,goiania,GO,-16.6988912644322,-49.2945724783652,1443,9
74315,goiania,GO,-16.7040031497809,-49.2806005939865,1443,9
74323,goiania,GO,-16.6904375573184,-49.3270152750871,1443,9
74325,goiania,GO,-16.7098386431058,-49.3112246033626,1443,9
74330,goiania,GO,-16.7119638392361,-49.3115400059151,1443,9
74333,goiania,GO,-16.7114620895378,-49.305727850499,1443,9
74340,goiania,GO,-16.7205646331837,-49.3105711429807,1443,9
74343,goiania,GO,-16.7358806375418,-49.3023330673473,1443,9
74350,goiania,GO,-16.7410473152128,-49.3164835254688,1443,9
74351,goiania,GO,-16.678633808573,-49.2831041943218,1443,9
74353,goiania,GO,-16.7419386392889,-49.3284684938395,1443,9
74354,goiania,GO,-16.7751673889015,-49.3562142300929,1443,9
74355,goiania,GO,-16.7805933115634,-49.3618596886853,1443,9
74356,goiania,GO,-16.7881259647945,-49.3712453968504,1443,9
74357,goiania,GO,-16.751216977045,-49.3379026800267,1443,9
74360,goiania,GO,-16.7301859169554,-49.3194541254276,1443,9
74363,goiania,GO,-16.7149933721842,-49.3200703269274,1443,9
74365,goiania,GO,-16.7203382981632,-49.3162494164081,1443,9
74366,goiania,GO,-16.7144650080307,-49.3271210705862,1443,9
74367,goiania,GO,-16.7086349045195,-49.3287035080486,1443,9
74369,goiania,GO,-16.7440276750957,-49.3452494899245,1443,9
74370,goiania,GO,-16.7255250374499,-49.340978718497,1443,9
74371,goiania,GO,-16.7325443634222,-49.3462787136326,1443,9
74373,goiania,GO,-16.7090251445318,-49.3239103014879,1443,9
74375,goiania,GO,-16.6874217431786,-49.310686358549,1443,9
74390,goiania,GO,-16.6760136393576,-49.3228312651885,1443,9
74392,goiania,GO,-16.7097623733081,-49.3669208969182,1443,9
74393,goiania,GO,-16.7270165291084,-49.3675298138547,1443,9
74394,goiania,GO,-16.7300190054279,-49.3998779038103,1443,9
74413,goiania,GO,-16.6823598064601,-49.2974977114413,1443,9
74415,goiania,GO,-16.689185811198,-49.3136951278282,1443,9
74423,goiania,GO,-16.6813341496934,-49.312826107752606,1443,9
74425,goiania,GO,-16.6784603480484,-49.3136376590021,1443,9
74430,goiania,GO,-16.6718192655513,-49.3071058387228,1443,9
74433,goiania,GO,-16.6632139088667,-49.3115761204373,1443,9
74435,goiania,GO,-16.6651656742914,-49.3016810511498,1443,9
74440,goiania,GO,-16.6580194918666,-49.3018189740345,1443,9
74450,goiania,GO,-16.6572503253678,-49.3239575916518,1443,9
74453,goiania,GO,-16.6597962487985,-49.3306369366339,1443,9
74455,goiania,GO,-16.652249426442,-49.3215328293771,1443,9
74460,goiania,GO,-16.6586087759028,-49.333639440729,1443,9
74463,goiania,GO,-16.6483021054501,-49.3316352481257,1443,9
74465,goiania,GO,-16.6387940859777,-49.3257287984912,1443,9
74470,goiania,GO,-16.6308144271931,-49.3577180487369,1443,9
74473,goiania,GO,-16.6204977832564,-49.3192770103158,1443,9
74474,goiania,GO,-16.6130328703404,-49.31566265287879,1443,9
74475,goiania,GO,-16.6111836509974,-49.3256778874885,1443,9
74477,goiania,GO,-16.5898588261188,-49.3539331177046,1443,9
74480,goiania,GO,-16.61217531363,-49.3445046259363,1443,9
74483,goiania,GO,-16.6859038597802,-49.3500671005619,1443,9
74484,goiania,GO,-16.7008683561891,-49.3541680204331,1443,9
74485,goiania,GO,-16.6770041948931,-49.3435247052576,1443,9
74486,goiania,GO,-16.6793227809604,-49.3326319757575,1443,9
74493,goiania,GO,-16.6613236091755,-49.3851159045077,1443,9
74495,goiania,GO,-16.6765009372017,-49.3787160424502,1443,9
74503,goiania,GO,-16.6709395353462,-49.2946899045169,1443,9
74510,goiania,GO,-16.6632966840011,-49.3015980854175,1443,9
74533,goiania,GO,-16.6812128670899,-49.2778833972213,1443,9
74543,goiania,GO,-16.6700619140283,-49.2772133791069,1443,9
74550,goiania,GO,-16.6642128490021,-49.2821053072644,1443,9
74555,goiania,GO,-16.6550328156037,-49.2796900092569,1443,9
74560,goiania,GO,-16.6593963698212,-49.2738079609244,1443,9
74563,goiania,GO,-16.6510415617869,-49.2676096054205,1443,9
74565,goiania,GO,-16.6405741225512,-49.2764832690626,1443,9
74573,goiania,GO,-16.6385793764973,-49.2835833969499,1443,9
74580,goiania,GO,-16.6500254587835,-49.2994864109609,1443,9
74583,goiania,GO,-16.636370092812,-49.3015026495666,1443,9
74590,goiania,GO,-16.6125226346468,-49.2960912642958,1443,9
74593,goiania,GO,-16.6200620769631,-49.292941238224,1443,9
74594,goiania,GO,-16.6216883533021,-49.3010289687475,1443,9
74595,goiania,GO,-16.6259318197537,-49.2933769953548,1443,9
74603,goiania,GO,-16.6817540116375,-49.2406744912755,1443,9
74605,goiania,GO,-16.6769791438522,-49.2442507518152,1443,9
74610,goiania,GO,-16.6746502779624,-49.2373079636329,1443,9
74611,goiania,GO,-16.6751526661997,-49.2330280284398,1443,9
74620,goiania,GO,-16.6665637607857,-49.2259597102064,1443,9
74630,goiania,GO,-16.6627815094995,-49.223906709934305,1443,9
74633,goiania,GO,-16.6675194082028,-49.2458530442876,1443,9
74635,goiania,GO,-16.6607474002374,-49.2395991527935,1443,9
74640,goiania,GO,-16.6672581915744,-49.242590940069,1443,9
74643,goiania,GO,-16.670509402397,-49.2467632987768,1443,9
74645,goiania,GO,-16.6644570604579,-49.244692822032,1443,9
74650,goiania,GO,-16.6549307069513,-49.2420793392853,1443,9
74655,goiania,GO,-16.6531732565782,-49.2559451299692,1443,9
74660,goiania,GO,-16.647936538058,-49.2597654896149,1443,9
74663,goiania,GO,-16.6323154407758,-49.2582795504382,1443,9
74665,goiania,GO,-16.6214358155125,-49.2540869060205,1443,9
74670,goiania,GO,-16.6397438384616,-49.2406748889907,1443,9
74672,goiania,GO,-16.6325635539804,-49.2358633503248,1443,9
74673,goiania,GO,-16.6485641928857,-49.2367499396718,1443,9
74675,goiania,GO,-16.6213467298882,-49.217423743558605,1443,9
74680,goiania,GO,-16.6237048084295,-49.2164800537365,1443,9
74683,goiania,GO,-16.6118876813647,-49.2187568120764,1443,9
74684,goiania,GO,-16.6002896809452,-49.21073105723119,1443,9
74685,goiania,GO,-16.6286448405448,-49.2569955878636,1443,9
74686,goiania,GO,-16.5561779039999,-49.2447859999999,1443,9
74690,goiania,GO,-16.6371468410907,-49.2514326911223,1443,9
74691,goiania,GO,-16.5901372580021,-49.2814947549083,1443,9
74705,goiania,GO,-16.6709619230154,-49.2217079441168,1443,9
74710,goiania,GO,-16.6748420156831,-49.2152241196459,1443,9
74715,goiania,GO,-16.6896578067199,-49.2290258045914,1443,9
74720,goiania,GO,-16.6860118634272,-49.2391986832836,1443,9
74723,goiania,GO,-16.6957342606278,-49.2217184985385,1443,9
74730,goiania,GO,-16.693360059701,-49.2144606510689,1443,9
74735,goiania,GO,-16.6822821850893,-49.20399988653471,1443,9
74769,goiania,GO,-16.6458116717549,-49.201663822441,1443,9
74770,goiania,GO,-16.6573556820858,-49.1911579196388,1443,9
74775,goiania,GO,-16.6512625542053,-49.2113046503941,1443,9
74780,goiania,GO,-16.6514945912059,-49.1909461862563,1443,9
74785,goiania,GO,-16.6453464149246,-49.18535459775111,1443,9
74786,goiania,GO,-16.6449726570805,-49.17876512325,1443,9
74805,goiania,GO,-16.6911090845289,-49.2405405744968,1443,9
74810,goiania,GO,-16.7019068670018,-49.2395762651316,1443,9
74815,goiania,GO,-16.6995449242299,-49.2554371609291,1443,9
74820,goiania,GO,-16.7061289743455,-49.2487575694897,1443,9
74823,goiania,GO,-16.7153971740142,-49.259619798451105,1443,9
74825,goiania,GO,-16.7170111055721,-49.2536615786602,1443,9
74830,goiania,GO,-16.713204575509,-49.2623790339621,1443,9
74835,goiania,GO,-16.71578894009,-49.2740261224044,1443,9
74840,goiania,GO,-16.7366668441115,-49.2776144055494,1443,9
74843,goiania,GO,-16.7197412660818,-49.293976624632,1443,9
74845,goiania,GO,-16.7173473424375,-49.2428387351104,1443,9
74850,goiania,GO,-16.709211352307,-49.2384228744665,1443,9
74853,goiania,GO,-16.7294738489709,-49.2477207358298,1443,9
74860,goiania,GO,-16.7258594580976,-49.2244469450215,1443,9
74870,goiania,GO,-16.7289610394475,-49.2180501728216,1443,9
74883,goiania,GO,-16.6870628624131,-49.2268953441013,1443,9
74884,goiania,GO,-16.709365340473,-49.1975910561448,1443,9
74885,goiania,GO,-16.697834278484,-49.2472629180233,1443,9
74886,goiania,GO,-16.725834098545,-49.2122289333658,1443,9
74890,goiania,GO,-16.7470190472492,-49.2013168041727,1443,9
74893,goiania,GO,-16.7378889071641,-49.2019264302793,1443,9
74905,aparecida de goiania,GO,-16.7396618513191,-49.2583966998537,211,9
74911,aparecida de goiania,GO,-16.7385824518213,-49.2446375299623,211,9
74912,aparecida de goiania,GO,-16.7398623731897,-49.239571692563,211,9
74913,aparecida de goiania,GO,-16.7618824479634,-49.2592387752637,211,9
74914,aparecida de goiania,GO,-16.7535196807058,-49.2632891766824,211,9
74915,aparecida de goiania,GO,-16.7445764428629,-49.2704485113969,211,9
74916,aparecida de goiania,GO,-16.7523050851941,-49.2811262227493,211,9
74917,aparecida de goiania,GO,-16.7605040489693,-49.2722358052219,211,9
74919,aparecida de goiania,GO,-16.7713883888457,-49.2502822966064,211,9
74920,aparecida de goiania,GO,-16.7587551788796,-49.2557858087996,211,9
74921,aparecida de goiania,GO,-16.7577602389265,-49.2140155274612,211,9
74922,aparecida de goiania,GO,-16.7504971320093,-49.224577049093405,211,9
74930,aparecida de goiania,GO,-16.7665521599233,-49.3393744086081,211,9
74932,aparecida de goiania,GO,-16.7609888217845,-49.3355936843886,211,9
74933,aparecida de goiania,GO,-16.7549719893469,-49.3185933421693,211,9
74934,aparecida de goiania,GO,-16.7724570249925,-49.3125586346246,211,9
74935,aparecida de goiania,GO,-16.7503280899339,-49.2955513835504,211,9
74936,aparecida de goiania,GO,-16.7621331141004,-49.2940349953215,211,9
74937,aparecida de goiania,GO,-16.7731882221415,-49.2948073030256,211,9
74943,aparecida de goiania,GO,-16.7764949760685,-49.3301161434868,211,9
74944,aparecida de goiania,GO,-16.7865513767697,-49.3275712241453,211,9
74946,aparecida de goiania,GO,-16.7747897188432,-49.3445216009967,211,9
74950,aparecida de goiania,GO,-16.778832093083,-49.2749024906337,211,9
74953,aparecida de goiania,GO,-16.7846267188636,-49.2916314656862,211,9
74954,aparecida de goiania,GO,-16.792611769215,-49.2783113380828,211,9
74957,aparecida de goiania,GO,-16.8065092100942,-49.3099851241122,211,9
74959,aparecida de goiania,GO,-16.8194003610317,-49.3105837160739,211,9
74960,aparecida de goiania,GO,-16.7993450536281,-49.3158495393606,211,9
74970,aparecida de goiania,GO,-16.8267594264721,-49.2857514515625,211,9
74973,aparecida de goiania,GO,-16.825994549601,-49.2528826633555,211,9
74975,aparecida de goiania,GO,-16.8383427517251,-49.2491938940179,211,9
74976,aparecida de goiania,GO,-16.825125792464,-49.2416179259985,211,9
74980,aparecida de goiania,GO,-16.822735106094,-49.2481748297901,211,9
74982,aparecida de goiania,GO,-16.8006875319558,-49.2448691400652,211,9
74984,aparecida de goiania,GO,-16.7910342589173,-49.2431380860342,211,9
74986,aparecida de goiania,GO,-16.8155337277027,-49.2344752923723,211,9
74987,aparecida de goiania,GO,-16.8230891148335,-49.2340024243762,211,9
74988,aparecida de goiania,GO,-16.8332266119059,-49.2232910406488,211,9
75020,anapolis,GO,-16.3246233986766,-48.952675162388,166,9
75023,anapolis,GO,-16.3340406385529,-48.9599824418296,166,9
75024,anapolis,GO,-16.328168463202,-48.9592076441168,166,9
75043,anapolis,GO,-16.326158044681,-48.9586673630275,166,9
75044,anapolis,GO,-16.3210194600368,-48.9658532947261,166,9
75054,anapolis,GO,-16.2703354923369,-48.9766906821725,166,9
75060,anapolis,GO,-16.3024796471423,-48.9595436142861,166,9
75063,anapolis,GO,-16.2878485761248,-48.9567015061463,166,9
75064,anapolis,GO,-16.2897317182941,-48.9691448038073,166,9
75065,anapolis,GO,-16.2839102685211,-48.9646716925157,166,9
75070,anapolis,GO,-16.311214568291,-48.949113309295,166,9
75071,anapolis,GO,-16.280740071448,-48.9447717646513,166,9
75072,anapolis,GO,-16.2779832748015,-48.9351326325133,166,9
75074,anapolis,GO,-16.2783398662188,-48.928721141434,166,9
75075,anapolis,GO,-16.3026679734685,-48.938645968859795,166,9
75080,anapolis,GO,-16.3189399875164,-48.945939494349,166,9
75083,anapolis,GO,-16.3043432524052,-48.9468990267998,166,9
75084,anapolis,GO,-16.3107640347086,-48.9386098520258,166,9
75093,anapolis,GO,-16.3195662760064,-48.9167937512996,166,9
75094,anapolis,GO,-16.3214771429432,-48.9304027963162,166,9
75095,anapolis,GO,-16.3383881265864,-48.9212010567661,166,9
75096,anapolis,GO,-16.3276445844034,-48.9286089451804,166,9
75104,anapolis,GO,-16.3552544582109,-48.9125813377653,166,9
75105,anapolis,GO,-16.3637779420204,-48.9408129763112,166,9
75106,anapolis,GO,-16.3666189315229,-48.9495284335359,166,9
75110,anapolis,GO,-16.333203586124,-48.9396295704037,166,9
75113,anapolis,GO,-16.3265674673984,-48.9415777667553,166,9
75114,anapolis,GO,-16.3411061442781,-48.9377408507212,166,9
75115,anapolis,GO,-16.3438949622623,-48.9456261957713,166,9
75120,anapolis,GO,-16.3422588783352,-48.9615879561476,166,9
75123,anapolis,GO,-16.349355193273,-48.9554671469417,166,9
75124,anapolis,GO,-16.3585329895007,-48.96652103159379,166,9
75125,anapolis,GO,-16.3533658256807,-48.9540261063324,166,9
75126,anapolis,GO,-16.3375864976993,-48.9534884537907,166,9
75130,anapolis,GO,-16.3690222788774,-48.9666720431116,166,9
75131,anapolis,GO,-16.3739223155941,-48.9741974785699,166,9
75132,anapolis,GO,-16.3863840598536,-48.929041173847,166,9
75133,anapolis,GO,-16.3813212463492,-48.9577563316775,166,9
75134,anapolis,GO,-16.357331878654,-48.9824503659776,166,9
75135,anapolis,GO,-16.3861677118845,-48.9807272361663,166,9
75136,anapolis,GO,-16.3910644435509,-48.9829255479941,166,9
75140,anapolis,GO,-16.3316734129955,-48.9672058914575,166,9
75143,anapolis,GO,-16.3358111419686,-48.9724837924906,166,9
75144,anapolis,GO,-16.3279543803209,-48.9885544945541,166,9
75145,anapolis,GO,-16.3466512956761,-48.9731064561774,166,9
75165,ouro verde de goias,GO,-16.2184895491168,-49.1963355884508,2594,9
75170,goianapolis,GO,-16.5069910761089,-49.0195510942793,1439,9
75180,silvania,GO,-16.6648383798966,-48.6111727748136,3715,9
75190,leopoldo de bulhoes,GO,-16.6193986109663,-48.7517449118924,2083,9
75195,bonfinopolis,GO,-16.6135375630037,-48.9637404658148,530,9
75200,pires do rio,GO,-17.3051080521056,-48.2821258752955,2869,9
75220,santa cruz de goias,GO,-17.3060826704389,-48.5016891252295,3257,9
75240,bela vista de goias,GO,-16.970748632115,-48.950997445700104,446,9
75250,senador canedo,GO,-16.6926941717261,-49.11679846680689,3659,9
75251,senador canedo,GO,-16.713163171541,-49.1037522706823,3659,9
75254,senador canedo,GO,-16.6945696956125,-49.145878416045,3659,9
75255,senador canedo,GO,-16.671751517709,-49.1752284303237,3659,9
75256,senador canedo,GO,-16.6522383150529,-49.1534266022345,3659,9
75261,senador canedo,GO,-16.6949465260771,-49.10011432759709,3659,9
75262,senador canedo,GO,-16.702838709763,-49.0933668024787,3659,9
75265,vianopolis,GO,-16.7451495418825,-48.514783348023094,4042,9
75280,orizona,GO,-17.0321720543284,-48.3000177087391,2570,9
75340,hidrolandia,GO,-16.9625955266178,-49.2292601188293,1545,9
75345,abadia de goias,GO,-16.7670628654018,-49.438089420466,1,9
75350,guapo,GO,-16.8367108156138,-49.53609910657,1496,9
75360,aragoiania,GO,-16.9114874354846,-49.4497550226081,242,9
75370,goianira,GO,-16.5132832506169,-49.4209504944538,1445,9
75383,trindade,GO,-16.6404320923127,-49.41609253051811,3901,9
75388,trindade,GO,-16.652981678198,-49.483372013403,3901,9
75389,trindade,GO,-16.6681221491908,-49.485487992738,3901,9
75390,trindade,GO,-16.6567507389007,-49.5078995815758,3901,9
75391,trindade,GO,-16.6543493628019,-49.4983369946151,3901,9
75392,trindade,GO,-16.6448199993495,-49.4880713497564,3901,9
75400,inhumas,GO,-16.3612539211219,-49.4971427858531,1673,9
75440,brazabrantes,GO,-16.4324138143833,-49.3871320911666,563,9
75460,neropolis,GO,-16.4059223234802,-49.2213196870636,2440,9
75470,nova veneza,GO,-16.3728020737293,-49.3166665562666,2525,9
75495,jesupolis,GO,-15.9545046038029,-49.3857238462418,1959,9
75503,itumbiara,GO,-18.4172638579094,-49.2167817993464,1854,9
75510,itumbiara,GO,-18.4108629650405,-49.2199015411333,1854,9
75513,itumbiara,GO,-18.4016535798275,-49.2163945097383,1854,9
75516,itumbiara,GO,-18.3983752051603,-49.2083989935959,1854,9
75523,itumbiara,GO,-18.4094165696005,-49.2063775870634,1854,9
75524,itumbiara,GO,-18.4299771491963,-49.2151279204729,1854,9
75526,itumbiara,GO,-18.4251525820669,-49.2281547899024,1854,9
75528,itumbiara,GO,-18.3977798453271,-49.2408451697162,1854,9
75530,itumbiara,GO,-18.4158423087805,-49.227158791021,1854,9
75532,itumbiara,GO,-18.4094375097156,-49.241569118434,1854,9
75533,itumbiara,GO,-18.4060553298581,-49.2460550713022,1854,9
75534,itumbiara,GO,-18.4211070081444,-49.249101572614,1854,9
75535,itumbiara,GO,-18.4115765086512,-49.2667880959055,1854,9
75550,inaciolandia,GO,-18.4868582500641,-49.9921639056024,1655,9
75555,vicentinopolis,GO,-17.7332772904303,-49.8048925668613,4047,9
75560,cachoeira dourada,GO,-18.4936157616378,-49.490933810555,629,9
75570,bom jesus,GO,-18.215963642733,-49.7382505726526,509,9
75600,goiatuba,GO,-18.0104145879835,-49.3792121358537,1448,9
75610,joviania,GO,-17.8057984988258,-49.621612833691,1986,9
75620,pontalina,GO,-17.5181387700224,-49.4504106051492,2914,9
75635,crominia,GO,-17.2890322358114,-49.3753340247124,1119,9
75640,piracanjuba,GO,-17.3034990658351,-49.0263687908899,2842,9
75650,morrinhos,GO,-17.7338963559618,-49.115908890217504,2382,9
75660,buriti alegre,GO,-18.134504003035,-49.0412618742526,594,9
75665,agua limpa,GO,-18.0763223945591,-48.7616043242269,44,9
75680,corumbaiba,GO,-18.1422595806055,-48.5635323330245,1083,9
75690,caldas novas,GO,-17.7394237707262,-48.6198526311481,667,9
75701,catalao,GO,-18.1711551419397,-47.9467782262916,885,9
75702,catalao,GO,-18.1618338926251,-47.9528526637707,885,9
75705,catalao,GO,-18.1450900631394,-47.9257583038815,885,9
75706,catalao,GO,-18.1624009099707,-47.9229183067611,885,9
75707,catalao,GO,-18.1699314696269,-47.9355122816894,885,9
75708,catalao,GO,-18.1702700618661,-47.9225028404578,885,9
75709,catalao,GO,-18.179141998482,-47.9460135333041,885,9
75710,catalao,GO,-18.2185364670798,-47.939191356875,885,9
75712,catalao,GO,-18.164887078871,-47.9583591606011,885,9
75713,catalao,GO,-18.1666616959225,-47.9547496945643,885,9
75715,ouvidor,GO,-18.2328938857826,-47.8342637659386,2598,9
75740,goiandira,GO,-18.1340854962386,-48.0869719102865,1440,9
75750,nova aurora,GO,-18.0585836674601,-48.2559395600091,2463,9
75760,cumari,GO,-18.2647544253753,-48.1497935463193,1137,9
75780,ipameri,GO,-17.708782130349,-48.1503397657879,1679,9
75790,urutai,GO,-17.4649617119257,-48.2021442771895,3983,9
75795,campo alegre de goias,GO,-17.6344017797158,-47.7765889458653,710,9
75800,jatai,GO,-17.8843373334861,-51.7169899606514,1939,9
75801,jatai,GO,-17.8952164292205,-51.7155657927331,1939,9
75802,jatai,GO,-17.9000960238994,-51.731048091587,1939,9
75803,jatai,GO,-17.889045463636,-51.7333743606051,1939,9
75804,jatai,GO,-17.8762854865521,-51.7309700401461,1939,9
75805,jatai,GO,-17.873742528486,-51.7264550410413,1939,9
75806,jatai,GO,-17.8649373207913,-51.7136191733365,1939,9
75807,jatai,GO,-17.8793932048277,-51.7055093820917,1939,9
75813,cacu,GO,-18.5666491042313,-51.1350074572866,636,9
75815,itaja,GO,-19.065246951329,-51.548550073999,1761,9
75820,serranopolis,GO,-18.3069899838681,-51.958234808035,3694,9
75825,apore,GO,-18.9626284117031,-51.9269416303969,222,9
75828,chapadao do ceu,GO,-18.3973328296626,-52.6625647880572,940,9
75830,mineiros,GO,-17.5570907379686,-52.5503199244652,2298,9
75833,mineiros,GO,-17.555075065599,-52.5495561345083,2298,9
75834,mineiros,GO,-17.5421505550653,-52.5430458247954,2298,9
75835,portelandia,GO,-17.3547962445469,-52.6791871994647,2936,9
75836,mineiros,GO,-17.5694650640642,-52.5362470760418,2298,9
75840,santa rita do araguaia,GO,-17.3193196462071,-53.1939942506461,3312,9
75843,portelandia,GO,-17.3571623030985,-52.678264045499,2936,9
75850,caiaponia,GO,-16.9568048020626,-51.8135556258415,646,9
75855,doverlandia,GO,-16.7278491612358,-52.3208103858906,1225,9
75860,quirinopolis,GO,-18.4460144256854,-50.45154071441819,3039,9
75870,cachoeira alta,GO,-18.7311167783522,-50.9550876015741,622,9
75880,paranaiguara,GO,-18.9032574188283,-50.6496406245848,2672,9
75890,sao simao,GO,-18.9997819321177,-50.5504617772982,3617,9
75893,itaguacu,GO,-17.922965165021,-49.9584594413486,1747,9
75900,rio verde,GO,-17.8670227083909,-50.827120462184,3165,9
75901,rio verde,GO,-17.804500726925,-50.916494660436,3165,9
75902,rio verde,GO,-17.7983934003018,-50.92238641066209,3165,9
75903,rio verde,GO,-17.7828671071463,-50.9181769029589,3165,9
75904,rio verde,GO,-17.7774960288475,-50.9047239015182,3165,9
75905,rio verde,GO,-17.7995414243029,-50.8938123563252,3165,9
75906,rio verde,GO,-17.8041230964359,-50.9213739411936,3165,9
75907,rio verde,GO,-17.814020015472,-50.9349239304265,3165,9
75908,rio verde,GO,-17.8000970136143,-50.9464858087784,3165,9
75909,rio verde,GO,-17.7787925360516,-50.9647569795177,3165,9
75910,rio verde,GO,-17.7557459182825,-50.911951677314,3165,9
75912,rio verde,GO,-17.858550306785,-50.9616089603264,3165,9
75913,rio verde,GO,-17.8066755760616,-50.9266131616526,3165,9
75920,santa helena de goias,GO,-17.813130272653,-50.5964448889364,3275,9
75925,castelandia,GO,-18.0890776401533,-50.2215933853613,877,9
75930,maurilandia,GO,-17.9785768221926,-50.340164438186,2268,9
75940,edeia,GO,-17.3391938022351,-49.9290039648483,1235,9
75950,jandaia,GO,-17.0798451526023,-50.1602875527667,1909,9
75955,indiara,GO,-17.1447275299235,-49.9916412108104,1664,9
75960,acreuna,GO,-17.3983323931618,-50.373014769571604,22,9
75970,turvelandia,GO,-17.8523123159594,-50.3057873766909,3927,9
75980,parauna,GO,-16.9664591207359,-50.461019041009,2685,9
75985,sao joao da parauna,GO,-16.8190733661613,-50.4079695548775,3470,9
75990,palminopolis,GO,-16.7933981832471,-50.1622222124223,2633,9
76100,sao luis de montes belos,GO,-16.5128802242141,-50.3749430110056,3549,9
76105,firminopolis,GO,-16.5795542123238,-50.30572061487161,1340,9
76110,turvania,GO,-16.6089373692104,-50.1340946506081,3926,9
76120,aurilandia,GO,-16.6800504509085,-50.4652606642795,339,9
76150,mossamedes,GO,-16.1247030933179,-50.213409327526,2396,9
76160,sanclerlandia,GO,-16.2014159475901,-50.3119947799349,3231,9
76165,americano do brasil,GO,-16.253588223288,-49.981568965848,153,9
76170,anicuns,GO,-16.4598406120283,-49.9608146289628,193,9
76180,nazario,GO,-16.5808992363432,-49.8829211919827,2437,9
76190,palmeiras de goias,GO,-16.8065804592425,-49.9221374329504,2632,9
76195,cezarina,GO,-16.9792584701501,-49.7708159875062,931,9
76200,ipora,GO,-16.4390208989821,-51.116655962451,1699,9
76210,jaupaci,GO,-16.1835392036738,-50.9532498609756,1943,9
76220,fazenda nova,GO,-16.1817032092478,-50.7889203037563,1316,9
76230,piranhas,GO,-16.432635326638,-51.8175994556907,2856,9
76235,arenopolis,GO,-16.3854896383618,-51.5595668430741,294,9
76240,aragarcas,GO,-15.9108360241526,-52.2325120279944,241,9
76245,bom jardim de goias,GO,-16.2017428285614,-52.1745548129957,507,9
76260,diorama,GO,-16.2340174075895,-51.2580952563914,1183,9
76265,santa fe de goias,GO,-15.7694113182005,-51.1025743906946,3269,9
76270,jussara,GO,-15.8653306201045,-50.87329089192931,2015,9
76280,britania,GO,-15.2434766323927,-51.1643308014177,578,9
76290,itapirapua,GO,-15.8184868362633,-50.6177351803783,1809,9
76300,ceres,GO,-15.303639303509,-49.6072200389749,920,9
76304,ipiranga de goias,GO,-15.1730986160153,-49.6720872197693,1694,9
76310,rianapolis,GO,-15.3173116477774,-49.5804255465769,3091,9
76315,rianapolis,GO,-15.4483403795443,-49.5116198229641,3091,9
76330,jaragua,GO,-15.7491870749417,-49.3321053321498,1926,9
76335,uruana,GO,-15.514912961998798,-49.67942245037549,3968,9
76340,carmo do rio verde,GO,-15.3568950772645,-49.7023551893649,848,9
76343,sao patricio,GO,-15.3506849474673,-49.819236186213,3579,9
76345,nova america,GO,-15.0220668610352,-49.8933980707133,2459,9
76350,rubiataba,GO,-15.1639858550966,-49.8037608549695,3195,9
76355,morro agudo de goias,GO,-15.3154969761116,-50.058039559348,2384,9
76360,itapaci,GO,-14.9583437492796,-49.5488722821408,1786,9
76365,sao luiz do norte,GO,-14.8632451674984,-49.3285948767217,3553,9
76375,hidrolina,GO,-14.7220331299561,-49.4688721040934,1546,9
76380,goianesia,GO,-15.318295598793702,-49.1211838325652,1441,9
76382,goianesia,GO,-15.3297649313829,-49.1178928415763,1441,9
76383,goianesia,GO,-15.3372526244857,-49.1039091716835,1441,9
76385,goianesia,GO,-15.2442927585152,-49.1873852559846,1441,9
76386,goianesia,GO,-15.8484903893475,-49.1799321051231,1441,9
76387,goianesia,GO,-15.3034783263883,-49.1264385809847,1441,9
76390,barro alto,GO,-14.9658736296282,-48.9191857357935,426,9
76400,uruacu,GO,-14.5184748066512,-49.1420970887523,3967,9
76410,campinorte,GO,-14.3127475015189,-49.15368762101749,708,9
76420,niquelandia,GO,-14.4698446949178,-48.4569498848423,2445,9
76440,campinacu,GO,-13.8054944616072,-48.5666697790748,704,9
76450,minacu,GO,-13.528557041168602,-48.22109587963249,2293,9
76460,trombas,GO,-13.5102376663079,-48.7430341609566,3904,9
76465,montividiu do norte,GO,-13.3528433744046,-48.6905623561376,2374,9
76470,formoso,GO,-13.6581559110308,-48.877507367764,1367,9
76490,mara rosa,GO,-14.0181369791358,-49.1783638166735,2188,9
76500,santa terezinha de goias,GO,-14.4307336884181,-49.7106029180799,3326,9
76510,crixas,GO,-14.5405765512791,-49.9690172582804,1117,9
76515,campos verdes,GO,-14.2613935361875,-49.6569818721223,742,9
76520,nova crixas,GO,-14.0945304966637,-50.3435023323089,2473,9
76530,mundo novo,GO,-13.7730883983596,-50.2783098238242,2405,9
76540,mutunopolis,GO,-13.7281560767762,-49.2825587290926,2420,9
76550,porangatu,GO,-13.4389204742961,-49.146558478539,2928,9
76560,alto horizonte,GO,-14.1943802115591,-49.3401556320679,120,9
76580,novo planalto,GO,-13.2407248598825,-49.5085187840767,2545,9
76590,sao miguel do araguaia,GO,-13.2567793941081,-50.1637977292734,3569,9
76600,goias,GO,-15.9386059997788,-50.1427807920936,1447,9
76630,itaberai,GO,-16.0238211402783,-49.80035638517959,1735,9
76650,itaguari,GO,-15.9206509205871,-49.6047301919585,1752,9
76660,itaguaru,GO,-15.7616283189951,-49.6335658922791,1753,9
76680,itapuranga,GO,-15.5606051784127,-49.9471406091971,1821,9
76700,mozarlandia,GO,-14.7512739384372,-50.568164612305,2400,9
76710,aruana,GO,-14.9250818784688,-51.0795433375595,316,9
76720,araguapaz,GO,-15.0984256629447,-50.6175152813177,247,9
76730,matrincha,GO,-15.4444963295414,-50.72338918548,2261,9
76801,porto velho,RO,-8.75274388749524,-63.90551188207311,2959,21
76803,porto velho,RO,-8.74242117199267,-63.895646370158104,2959,21
76804,porto velho,RO,-8.76619454580749,-63.8935654586441,2959,21
76805,porto velho,RO,-8.7797200898095,-63.9077523527977,2959,21
76806,porto velho,RO,-8.78149911897223,-63.8796350119781,2959,21
76807,porto velho,RO,-8.79119965319013,-63.8845370891767,2959,21
76808,porto velho,RO,-8.7938234056109,-63.8889091595768,2959,21
76811,porto velho,RO,-8.7986741642927,-63.8634749862862,2959,21
76812,porto velho,RO,-8.7757668662107,-63.8585133898608,2959,21
76817,porto velho,RO,-8.80795940706796,-63.8060545591979,2959,21
76820,porto velho,RO,-8.75722031031166,-63.8749300232889,2959,21
76821,porto velho,RO,-8.73817544325883,-63.8768657961404,2959,21
76822,porto velho,RO,-8.72294476435447,-63.8761581466874,2959,21
76824,porto velho,RO,-8.7478437940927,-63.856714830131494,2959,21
76825,porto velho,RO,-8.74463977747441,-63.842989854305,2959,21
76829,porto velho,RO,-8.7655440078137,-63.8431651816297,2959,21
76842,mutum parana,RO,-9.29528488421534,-64.5480308349005,2419,21
76847,extrema,RO,-11.2086145180899,-61.5886291209421,1305,21
76850,guajara-mirim,RO,-10.777060832690102,-65.3220770720078,1486,21
76857,nova mamore,RO,-10.4013317725387,-65.2672107239507,2498,21
76860,candeias do jamari,RO,-8.82274897158444,-63.6493489978928,753,21
76862,alto paraiso,RO,-9.71873859390743,-63.3249353185218,122,21
76864,cujubim,RO,-9.36195011098779,-62.58354994761,1136,21
76868,machadinho d'oeste,RO,-9.42098515317167,-62.0124291941522,2140,21
76870,ariquemes,RO,-9.91059828258343,-63.040234288201894,297,21
76871,ariquemes,RO,-9.89141015747362,-63.042147821244,297,21
76872,ariquemes,RO,-9.9031470369918,-63.0337315539254,297,21
76873,ariquemes,RO,-9.90850298623124,-63.0268144676022,297,21
76875,ariquemes,RO,-9.91005329287744,-63.0141392404868,297,21
76877,ariquemes,RO,-9.89906515651337,-63.0616721125102,297,21
76880,buritis,RO,-10.2070441261097,-63.8310888714036,599,21
76889,cacaulandia,RO,-10.3385451804226,-62.9076430740846,618,21
76890,jaru,RO,-10.4369599984609,-62.4732497051608,1938,21
76900,ji parana,RO,-10.8772222389327,-61.9584150845822,1960,21
76901,ji-parana,RO,-10.8709662299479,-61.9757515556251,1961,21
76906,ji-parana,RO,-10.8561438590815,-61.9554326468195,1961,21
76907,ji-parana,RO,-10.8669421880255,-61.950581522159,1961,21
76908,ji-parana,RO,-10.8844499544573,-61.9215109988817,1961,21
76913,ji-parana,RO,-10.898533737769602,-61.91524394126359,1961,21
76916,presidente medici,RO,-11.1704572292422,-61.9058322401228,2993,21
76919,ministro andreazza,RO,-11.1894196823936,-61.5246434996975,2300,21
76920,ouro preto do oeste,RO,-10.7157511772526,-62.2561393104519,2592,21
76926,mirante da serra,RO,-11.0292511402908,-62.6697259961673,2313,21
76929,urupa,RO,-11.1299708745697,-62.36961207720051,3980,21
76930,alvorada d'oeste,RO,-11.3494707444637,-62.2869731930518,140,21
76932,sao miguel do guapore,RO,-11.6955179114418,-62.7175041446857,3572,21
76934,seringueiras,RO,-11.7789789951819,-63.0395597502836,3675,21
76935,sao francisco do guapore,RO,-12.0645622118252,-63.5742686137094,3445,21
76937,costa marques,RO,-12.3507032549757,-64.2054344659638,1090,21
76940,rolim de moura,RO,-11.7224540988779,-61.7770362888397,3179,21
76948,castanheiras,RO,-11.4280807445221,-61.9510251825938,876,21
76954,alta floresta d'oeste,RO,-11.9445839707482,-61.9988253625684,104,21
76958,nova brasilandia d'oeste,RO,-11.7258755096804,-62.3169929418499,2467,21
76960,cacoal,RO,-11.4254654245463,-61.4719276421222,634,21
76961,cacoal,RO,-11.4270629530325,-61.4678624144991,634,21
76962,cacoal,RO,-11.4285287547957,-61.4594644593171,634,21
76963,cacoal,RO,-11.4310308432179,-61.444411044395,634,21
76964,cacoal,RO,-11.437732827982,-61.4434104138071,634,21
76965,cacoal,RO,-11.435230663271,-61.4334765172429,634,21
76966,cacoal,RO,-11.4383475004174,-61.4299724558864,634,21
76967,cacoal,RO,-11.4427687318229,-61.4502731631457,634,21
76970,pimenta bueno,RO,-11.6875729207118,-61.1712459690309,2815,21
76974,espigao do oeste,RO,-11.52662041605,-61.0147426291358,1278,21
76980,vilhena,RO,-12.733412297114802,-60.1483545160632,4068,21
76981,vilhena,RO,-12.7409555695589,-60.1470705604929,4068,21
76982,vilhena,RO,-12.7229423459358,-60.1359500320179,4068,21
76983,vilhena,RO,-12.7202532127852,-60.1452839067976,4068,21
76985,vilhena,RO,-12.7345960168593,-60.1132870173855,4068,21
76987,vilhena,RO,-12.7419329900043,-60.1161124602533,4068,21
76988,vilhena,RO,-12.7461581929194,-60.1324708802366,4068,21
76993,colorado do oeste,RO,-13.1222410765063,-60.5421761029095,996,21
76994,cabixi,RO,-13.4868524441775,-60.5378828618656,608,21
76997,cerejeiras,RO,-13.1926648251876,-60.8231111229274,919,21
77001,palmas,TO,-10.1685060737186,-48.340909004752,2625,27
77002,palmas,TO,-10.1627035508935,-48.3434459931716,2625,27
77006,palmas,TO,-10.1753093513739,-48.3191729610111,2625,27
77015,palmas,TO,-10.199200116851,-48.3450364464012,2625,27
77016,palmas,TO,-10.2172940053844,-48.3463084599046,2625,27
77017,palmas,TO,-10.1849609087303,-48.3448405625324,2625,27
77018,palmas,TO,-10.2462453812114,-48.3464427280989,2625,27
77019,palmas,TO,-10.2567250889418,-48.3378733528717,2625,27
77020,palmas,TO,-10.1894070225151,-48.320593232547,2625,27
77021,palmas,TO,-10.2051969430204,-48.323795660664,2625,27
77022,palmas,TO,-10.2195556199481,-48.3235595739523,2625,27
77023,palmas,TO,-10.2330403675179,-48.3221322189196,2625,27
77024,palmas,TO,-10.2543099316722,-48.3230009995,2625,27
77026,palmas,TO,-10.1542280381085,-48.3145020413929,2625,27
77060,palmas,TO,-10.3177731435563,-48.302901349850494,2625,27
77062,palmas,TO,-10.315481751652,-48.3182335858943,2625,27
77064,palmas,TO,-10.3378222277697,-48.2931699792556,2625,27
77066,palmas,TO,-10.3416828252815,-48.2819354522786,2625,27
77300,dianopolis,TO,-11.6270337637853,-46.8215469964229,1177,27
77305,conceicao do tocantins,TO,-12.2077351283441,-47.298495041265504,1019,27
77310,almas,TO,-11.5678925618765,-47.1683104339992,95,27
77318,novo jardim,TO,-11.8195607889041,-46.6252180709095,2539,27
77320,taguatinga,TO,-12.3986049321893,-46.4392653852947,3775,27
77330,arraias,TO,-12.9206995196448,-46.9500812225202,307,27
77350,combinado,TO,-12.8154048080951,-46.5501302696669,998,27
77353,novo alegre,TO,-12.9143089300781,-46.5739454420784,2529,27
77360,parana,TO,-12.6168037539506,-47.8757873677626,2668,27
77370,natividade,TO,-11.7132847766455,-47.7215056788733,2429,27
77380,pindorama do tocantins,TO,-11.1438865310311,-47.5751358231021,2823,27
77402,gurupi,TO,-11.7262795293995,-49.0735758466755,1537,27
77403,gurupi,TO,-11.7288814275201,-49.0737449098866,1537,27
77405,gurupi,TO,-11.7293066473572,-49.0667347850015,1537,27
77410,gurupi,TO,-11.7296772832857,-49.0614272987964,1537,27
77413,gurupi,TO,-11.7234180731917,-49.0734911334465,1537,27
77423,gurupi,TO,-11.7273292094741,-49.0636041675535,1537,27
77425,gurupi,TO,-11.7319701183324,-49.0943923633053,1537,27
77433,gurupi,TO,-11.7363848258244,-49.0706715334128,1537,27
77440,gurupi,TO,-11.7081615982576,-49.0420581437965,1537,27
77453,cariri do tocantins,TO,-11.9050193727818,-49.166223216481704,833,27
77455,alianca do tocantins,TO,-11.3050184505538,-48.9372103148925,94,27
77460,peixe,TO,-12.032918171228,-48.5398781476579,2764,27
77470,formoso do araguaia,TO,-11.8122247238603,-49.5448859220773,1368,27
77475,araguacu,TO,-12.9279708030686,-49.8262730006831,243,27
77478,sandolandia,TO,-12.5392197367926,-49.9266032867292,3233,27
77480,alvorada,TO,-12.4786694100069,-49.1229048457702,139,27
77485,duere,TO,-11.3413874404458,-49.2668578885991,1229,27
77490,cristalandia,TO,-10.6029577515248,-49.1954370759835,1110,27
77493,lagoa da confusao,TO,-10.7953302971685,-49.6272266398395,2032,27
77500,porto nacional,TO,-10.7054255218778,-48.4062676781821,2953,27
77555,fatima,TO,-10.7583219708421,-48.9026053672886,1311,27
77570,pium,TO,-10.4417967683456,-49.1779761098566,2880,27
77580,silvanopolis,TO,-11.1625279767513,-48.1412249788374,3717,27
77600,paraiso do tocantins,TO,-10.174506533679,-48.8884452371838,2663,27
77603,pugmil,TO,-10.4214989999999,-48.9256909999999,3010,27
77620,aparecida do rio negro,TO,-9.9504098220603,-47.9752716750459,214,27
77645,lajeado,TO,-9.75370299166465,-48.3557783056017,2056,27
77660,miranorte,TO,-9.5349605736894,-48.5910472904097,2312,27
77665,barrolandia,TO,-9.83554768079592,-48.7260559460605,429,27
77670,divinopolis do tocantins,TO,-9.80088590425798,-49.2150576160621,1192,27
77695,goianorte,TO,-8.77403362277547,-48.9350658726636,1446,27
77700,guarai,TO,-8.83975185791473,-48.5085167458257,1504,27
77710,pedro afonso,TO,-9.00868098215336,-48.1453376154183,2756,27
77723,centenario,TO,-8.95846720405729,-47.337113550008,912,27
77725,colmeia,TO,-8.74173181411367,-48.7532031201568,987,27
77730,pequizeiro,TO,-8.59625347165661,-48.9344944269267,2775,27
77750,couto de magalhaes,TO,-8.3658620339973,-49.1683105912292,1096,27
77760,colinas do tocantins,TO,-8.05791112123267,-48.4798112760357,986,27
77780,arapoema,TO,-7.65667078062643,-49.0643015266056,256,27
77783,bandeirantes do tocantins,TO,-7.7595977905196,-48.5780855979247,378,27
77790,nova olinda,TO,-7.63007859057712,-48.4230101095423,2503,27
77803,araguaina,TO,-7.19350085320422,-48.20907457718581,245,27
77804,araguaina,TO,-7.18907872680341,-48.2076625990681,245,27
77807,araguaina,TO,-7.19754788719386,-48.198714683345,245,27
77809,araguaina,TO,-7.20806081469431,-48.202879633676595,245,27
77813,araguaina,TO,-7.200586401719991,-48.210007169248094,245,27
77816,araguaina,TO,-7.20218855567593,-48.2325150283776,245,27
77817,araguaina,TO,-7.19769420174772,-48.2241973349165,245,27
77818,araguaina,TO,-7.1938655771973,-48.2245591334665,245,27
77820,araguaina,TO,-7.19969893995006,-48.2184706294497,245,27
77823,araguaina,TO,-7.1850117483953,-48.2146592701718,245,27
77824,araguaina,TO,-7.18326812421567,-48.2052022368742,245,27
77825,araguaina,TO,-7.172454169046911,-48.2018814466308,245,27
77827,araguaina,TO,-7.18865938142392,-48.1928185350475,245,27
77829,araguaina,TO,-7.22333202117161,-48.2380478349787,245,27
77840,carmolandia,TO,-7.03513519391608,-48.3961999495327,849,27
77880,xambioa,TO,-6.41804762327849,-48.532959691119,4099,27
77890,ananas,TO,-6.36910576289783,-48.0732415223337,164,27
77900,tocantinopolis,TO,-6.32575755805202,-47.4308995782852,3861,27
77940,sitio novo do tocantins,TO,-5.60735281043759,-47.6491731366706,3734,27
77950,araguatins,TO,-5.65028066388492,-48.1212837468802,249,27
77960,augustinopolis,TO,-5.46834367181417,-47.8883054874256,333,27
77970,praia norte,TO,-5.42270377078701,-47.8093464317541,2978,27
77993,esperantina,TO,-5.36392052214901,-48.5421150109438,1274,27
77995,buriti do tocantins,TO,-5.32120524871193,-48.2111123987804,595,27
78005,cuiaba,MT,-15.592378789994,-56.0932826265751,1134,13
78008,cuiaba,MT,-15.5918165374953,-56.082895568469596,1134,13
78010,cuiaba,MT,-15.6020825132649,-56.08316320716809,1134,13
78015,cuiaba,MT,-15.6087474324365,-56.0862877630258,1134,13
78020,cuiaba,MT,-15.6028816235128,-56.10286061701271,1134,13
78025,cuiaba,MT,-15.6085617751824,-56.0994670778397,1134,13
78028,cuiaba,MT,-15.6140527498475,-56.1272374939027,1134,13
78030,cuiaba,MT,-15.6065459658059,-56.1216029851937,1134,13
78032,cuiaba,MT,-15.5979787228392,-56.1071309755696,1134,13
78035,cuiaba,MT,-15.5957601811183,-56.1261666543149,1134,13
78040,cuiaba,MT,-15.5805445080175,-56.1143253697606,1134,13
78043,cuiaba,MT,-15.585559682836301,-56.107732018856304,1134,13
78045,cuiaba,MT,-15.590278289558302,-56.1022053873239,1134,13
78048,cuiaba,MT,-15.5660539926791,-56.0848654064765,1134,13
78049,cuiaba,MT,-15.5493364197715,-56.0952394097502,1134,13
78050,cuiaba,MT,-15.5883200308976,-56.0683568270173,1134,13
78053,cuiaba,MT,-15.5840213406103,-56.0526016144353,1134,13
78055,cuiaba,MT,-15.5557625344011,-56.056150436748204,1134,13
78056,cuiaba,MT,-15.5952018735381,-56.0384848901349,1134,13
78057,cuiaba,MT,-15.6659614432709,-56.0426663894677,1134,13
78058,cuiaba,MT,-15.5767481786292,-56.0228431131573,1134,13
78060,cuiaba,MT,-15.606150072016,-56.0697561336084,1134,13
78061,cuiaba,MT,-15.6102951189998,-56.0704648679805,1134,13
78065,cuiaba,MT,-15.6172344358329,-56.0776930803879,1134,13
78068,cuiaba,MT,-15.6121787455991,-56.04668476406861,1134,13
78070,cuiaba,MT,-15.6220653545457,-56.0739644698059,1134,13
78075,cuiaba,MT,-15.607627383914497,-56.0339787838079,1134,13
78076,cuiaba,MT,-15.6236381585243,-56.0221607253515,1134,13
78077,cuiaba,MT,-15.6049202320174,-56.0457044192312,1134,13
78080,cuiaba,MT,-15.6235715776377,-56.0552271583686,1134,13
78085,cuiaba,MT,-15.634843014273702,-56.058810794483705,1134,13
78088,cuiaba,MT,-15.625454665555003,-56.0163160476365,1134,13
78090,cuiaba,MT,-15.6419294513975,-56.0273547155829,1134,13
78093,cuiaba,MT,-15.6185679169548,-56.0201731175595,1134,13
78094,cuiaba,MT,-15.6254904734952,-56.0440515881467,1134,13
78095,cuiaba,MT,-15.6601556962683,-56.05149681161841,1134,13
78098,cuiaba,MT,-15.6499001205361,-55.9892823598886,1134,13
78099,cuiaba,MT,-15.6326485825329,-55.9555090737262,1134,13
78110,varzea grande,MT,-15.6469100062786,-56.134078809876,4015,13
78115,varzea grande,MT,-15.6289896151874,-56.1074209156963,4015,13
78117,varzea grande,MT,-15.6333746353059,-56.140845443706,4015,13
78118,varzea grande,MT,-15.6490023489613,-56.1059095139946,4015,13
78120,varzea grande,MT,-15.666849571478,-56.094293185177506,4015,13
78125,varzea grande,MT,-15.6601454574911,-56.1252075300908,4015,13
78128,varzea grande,MT,-15.6725684775332,-56.1250374524494,4015,13
78134,varzea grande,MT,-15.6588834524209,-56.1257928871568,4015,13
78135,varzea grande,MT,-15.656566620436598,-56.1419526661046,4015,13
78138,varzea grande,MT,-15.6536214006925,-56.1610051977279,4015,13
78140,varzea grande,MT,-15.6395263531121,-56.1460389332214,4015,13
78142,varzea grande,MT,-15.6313972290404,-56.1559848446986,4015,13
78144,varzea grande,MT,-15.6269260806333,-56.1542757932955,4015,13
78150,varzea grande,MT,-15.6499004028442,-56.1649630147348,4015,13
78180,santo antonio do leverger,MT,-15.9035463390023,-56.0349175259877,3382,13
78195,chapada dos guimaraes,MT,-15.419296978383,-55.7253066863537,938,13
78200,caceres,MT,-16.0643823294372,-57.6880470092615,620,13
78237,curvelandia,MT,-15.6127377183464,-57.9170819756608,1151,13
78240,porto esperidiao,MT,-15.8379424125927,-58.5064382702615,2944,13
78243,nova lacerda,MT,-14.474447766348,-59.5868549255417,2493,13
78245,vila bela da santissima trindade,MT,-15.0501278404007,-59.9560816363335,4054,13
78250,pontes e lacerda,MT,-15.235746482424998,-59.33328023044011,2920,13
78254,conquista d'oeste,MT,-14.5511218863901,-59.5324034396729,1035,13
78255,jauru,MT,-15.339703372981798,-58.8723258333127,1944,13
78260,araputanga,MT,-15.4694453396488,-58.3477317055417,262,13
78265,reserva do cabacal,MT,-15.120726622753,-58.38548480831,3077,13
78270,salto do ceu,MT,-15.1289122334837,-58.1308389040311,3222,13
78275,rio branco,MT,-15.2404639491877,-58.1131376402077,3121,13
78280,mirassol d'oeste,MT,-15.6754916547202,-58.0913274496503,2316,13
78285,sao jose dos quatro marcos,MT,-15.6265273112822,-58.1832849172309,3539,13
78290,figueiropolis d'oeste,MT,-15.4505920798762,-58.7374653926783,1338,13
78300,tangara da serra,MT,-14.6151080782584,-57.5147834381971,3787,13
78307,campos de julio,MT,-13.7231701794408,-59.258345282530705,736,13
78310,comodoro,MT,-13.6584836917779,-59.7845005184219,1001,13
78320,juina,MT,-11.4226562681056,-58.7792272392044,1994,13
78325,aripuana,MT,-10.1850398352902,-59.4605818021484,296,13
78330,cotriguacu,MT,-9.89529956459149,-58.5669105181435,1095,13
78335,colniza,MT,-9.44797581304397,-59.2694335610581,988,13
78340,juruena,MT,-10.3293275290904,-58.496807859816194,2012,13
78345,castanheira,MT,-11.1379074748808,-58.6101961162561,875,13
78360,campo novo do parecis,MT,-13.7267269157645,-57.908348215808,731,13
78365,sapezal,MT,-13.54340005239,-58.8081918517676,3628,13
78370,nova olimpia,MT,-14.7797709565932,-57.2938545389189,2502,13
78380,denise,MT,-14.7283217547617,-57.0493506190614,1162,13
78390,barra do bugres,MT,-15.0695365245748,-57.1877657181214,402,13
78398,porto estrela,MT,-15.3303085845416,-57.2010873302031,2945,13
78400,diamantino,MT,-14.3775977028076,-56.458624453656206,1176,13
78420,arenapolis,MT,-14.4600896766759,-56.84269476021981,293,13
78430,nortelandia,MT,-14.4524623463801,-56.8046452914004,2449,13
78435,sao jose do rio claro,MT,-13.5132935506316,-56.7233867932055,3527,13
78450,nova mutum,MT,-13.8119094131827,-56.0832176926883,2500,13
78455,lucas do rio verde,MT,-13.066932709409699,-55.9325427918087,2106,13
78460,nobres,MT,-14.7127269512815,-56.3151913099997,2447,13
78500,colider,MT,-10.8047738258706,-55.4577104961525,983,13
78505,terra nova do norte,MT,-10.5862223812998,-55.114296793641394,3842,13
78508,nova guarita,MT,-10.3106018203286,-55.4048551277402,2486,13
78510,itauba,MT,-11.0080641329283,-55.2436591896027,1839,13
78515,nova canaa do norte,MT,-10.6162973261272,-55.8106191038313,2470,13
78520,guaranta do norte,MT,-9.94827668042102,-54.9012704789378,1511,13
78525,matupa,MT,-10.1445741457937,-54.8697929592983,2263,13
78528,novo mundo,MT,-9.97568264413675,-55.1740698602491,2542,13
78530,peixoto de azevedo,MT,-10.2489150635018,-54.9093311180316,2765,13
78540,claudia,MT,-11.5041377726439,-54.875626404244,966,13
78543,uniao do sul,MT,-11.5312511083533,-54.3683730537446,3959,13
78550,sinop,MT,-11.8538030433539,-55.5035454087858,3729,13
78552,sinop,MT,-11.8345524279987,-55.5081098839181,3729,13
78553,sinop,MT,-11.8249207776535,-55.5168061945082,3729,13
78555,sinop,MT,-11.8452440955092,-55.5281789863196,3729,13
78556,sinop,MT,-11.8669287627869,-55.5169226068191,3729,13
78557,sinop,MT,-11.8747151464052,-55.5005359331099,3729,13
78559,sinop,MT,-11.9109304854861,-55.5069140859001,3729,13
78563,tabapora,MT,-11.2996000934795,-56.7922145538254,3762,13
78565,nova bandeirantes,MT,-9.85018349796654,-57.8229489868078,2464,13
78573,tapurah,MT,-12.730236325949,-56.5194693796481,3801,13
78575,juara,MT,-11.2380395500364,-57.51688146166091,1987,13
78578,ipiranga do norte,MT,-12.2093565070674,-56.1392647823737,1695,13
78579,itanhanga,MT,-12.2301227451406,-56.6483329182714,1780,13
78580,alta floresta,MT,-9.90209628377088,-56.1479824646417,103,13
78587,carlinda,MT,-9.96651682494928,-55.823672404078,836,13
78590,paranaita,MT,-9.69654846078354,-56.6088462809837,2673,13
78593,nova monte verde,MT,-9.97948334774349,-57.4499323897214,2499,13
78600,barra do garcas,MT,-15.878862656849199,-52.2735736597164,405,13
78613,ribeiraozinho,MT,-16.4880819926685,-52.6985862724475,3109,13
78625,novo sao joaquim,MT,-14.912518702749301,-53.0196461246,2548,13
78628,santo antonio do leste,MT,-14.8001730779171,-53.6119856464816,3381,13
78630,campinapolis,MT,-14.4435941177198,-52.8328995413951,705,13
78635,agua boa,MT,-14.062202729797,-52.2044591538133,37,13
78640,canarana,MT,-13.542298711925302,-52.2715176549458,749,13
78643,querencia,MT,-12.569805405342,-52.24977885628179,3030,13
78645,vila rica,MT,-10.0133269295611,-51.1199427583956,4065,13
78652,confresa,MT,-10.6342941583021,-51.5767508709619,1030,13
78655,porto alegre do norte,MT,-10.8727165578737,-51.6367162030902,2939,13
78663,sao jose do xingu,MT,-10.7972654941552,-52.7342246444891,3534,13
78665,alto boa vista,MT,-11.6794285188425,-51.37675429719129,116,13
78670,sao felix do araguaia,MT,-11.60923949574,-50.8171015070064,3434,13
78675,ribeirao cascalheira,MT,-12.9184508833114,-51.7990293754277,3099,13
78678,bom jesus do araguaia,MT,-12.2433562232746,-51.5929623535137,515,13
78680,cocalinho,MT,-14.392723524783,-51.0023282735116,975,13
78690,nova xavantina,MT,-14.666464349143002,-52.3539310918413,2527,13
78700,rondonopolis,MT,-16.4679560807615,-54.6314267597616,3186,13
78705,rondonopolis,MT,-16.4594757366218,-54.6506574335916,3186,13
78710,rondonopolis,MT,-16.4559976577342,-54.6397546932,3186,13
78711,rondonopolis,MT,-16.440095056159,-54.6628326236066,3186,13
78714,rondonopolis,MT,-16.4397948125228,-54.6334866383669,3186,13
78715,rondonopolis,MT,-16.4419291480639,-54.6385659299903,3186,13
78716,rondonopolis,MT,-16.4398534353931,-54.6413658493173,3186,13
78717,rondonopolis,MT,-16.4453795216939,-54.6297822472179,3186,13
78720,rondonopolis,MT,-16.4456525876461,-54.6241312021256,3186,13
78721,rondonopolis,MT,-16.4363857337372,-54.6192825546097,3186,13
78725,rondonopolis,MT,-16.4459825625241,-54.6150269792629,3186,13
78730,rondonopolis,MT,-16.4614704804101,-54.6089159257686,3186,13
78731,rondonopolis,MT,-16.4451217637507,-54.6096026522253,3186,13
78735,rondonopolis,MT,-16.4773068147968,-54.5931699392696,3186,13
78740,rondonopolis,MT,-16.475635889827,-54.6168999901624,3186,13
78745,rondonopolis,MT,-16.4832620564768,-54.6486780279985,3186,13
78746,rondonopolis,MT,-16.4769455870786,-54.6570449621084,3186,13
78750,rondonopolis,MT,-16.4564028449296,-54.6713437653165,3186,13
78770,alto garcas,MT,-16.9461291517086,-53.5310955089249,119,13
78780,alto araguaia,MT,-17.3172600813297,-53.22332774641781,115,13
78785,alto taquari,MT,-17.8313394879972,-53.2824291476582,130,13
78790,itiquira,MT,-17.2058441149506,-54.1459331401062,1843,13
78795,pedra preta,MT,-16.6359113099739,-54.4566413601781,2745,13
78800,poxoreu,MT,-15.8286085692811,-54.3914774742682,2973,13
78810,juscimeira,MT,-16.053197790277,-54.8885384405177,2014,13
78820,jaciara,MT,-15.9512742519651,-54.985215952078,1881,13
78830,dom aquino,MT,-15.809248226897,-54.9219229193221,1201,13
78840,campo verde,MT,-15.5507563013665,-55.17606019140091,732,13
78850,primavera do leste,MT,-15.5425185729115,-54.2997694274165,3000,13
78870,paranatinga,MT,-14.3795625689149,-54.0586721355514,2677,13
78875,gaucha do norte,MT,-13.1827620670245,-53.2655459738805,1419,13
78880,vera,MT,-12.2880993769763,-55.296990628876,4028,13
78885,feliz natal,MT,-12.3758973144556,-54.9287518957369,1327,13
78888,nova ubirata,MT,-13.0166235051226,-55.1719433167993,2523,13
78890,sorriso,MT,-12.5721339575906,-55.714515687547895,3747,13
79002,campo grande,MS,-20.4599263145811,-54.611731099415,723,12
79003,campo grande,MS,-20.4699767665401,-54.5966601782642,723,12
79004,campo grande,MS,-20.4732757768553,-54.6093879511106,723,12
79005,campo grande,MS,-20.4728951009986,-54.6257004997833,723,12
79006,campo grande,MS,-20.4833387325209,-54.63894323335969,723,12
79008,campo grande,MS,-20.4581916587884,-54.6245117112982,723,12
79009,campo grande,MS,-20.4520480272551,-54.6289740670935,723,12
79010,campo grande,MS,-20.4438174641612,-54.6091066289498,723,12
79011,campo grande,MS,-20.431567994511,-54.6079112541659,723,12
79012,campo grande,MS,-20.4217136418392,-54.6030701375456,723,12
79013,campo grande,MS,-20.419314277607,-54.5906016690609,723,12
79014,campo grande,MS,-20.4220156155019,-54.6034334307678,723,12
79017,campo grande,MS,-20.3908833432356,-54.5695405562656,723,12
79020,campo grande,MS,-20.4582537685281,-54.5977246915367,723,12
79021,campo grande,MS,-20.4529542886871,-54.5874490081636,723,12
79022,campo grande,MS,-20.442721075745,-54.59303684571321,723,12
79023,campo grande,MS,-20.4306259336098,-54.5834433220546,723,12
79031,campo grande,MS,-20.4517000710888,-54.5717860713157,723,12
79032,campo grande,MS,-20.4379114973018,-54.5744618473099,723,12
79033,campo grande,MS,-20.4227848199081,-54.5730021674195,723,12
79034,campo grande,MS,-20.4231597106184,-54.5640195732723,723,12
79036,campo grande,MS,-20.4354197987253,-54.5608352275836,723,12
79040,campo grande,MS,-20.4619048932398,-54.57946276298299,723,12
79041,campo grande,MS,-20.4735396714907,-54.5781428989231,723,12
79042,campo grande,MS,-20.4846096063566,-54.5705719971738,723,12
79043,campo grande,MS,-20.4712572380269,-54.5625437410077,723,12
79044,campo grande,MS,-20.4721494568127,-54.5485976489929,723,12
79045,campo grande,MS,-20.4611169100377,-54.5417879059392,723,12
79046,campo grande,MS,-20.4832933793456,-54.552746232581704,723,12
79050,campo grande,MS,-20.486686145679,-54.6064798010766,723,12
79051,campo grande,MS,-20.4863677580928,-54.593157029905406,723,12
79052,campo grande,MS,-20.5000584303595,-54.5852062849105,723,12
79060,campo grande,MS,-20.5094189525306,-54.5972462219008,723,12
79062,campo grande,MS,-20.5145287416575,-54.5710101429204,723,12
79063,campo grande,MS,-20.5239076056845,-54.590222109207,723,12
79070,campo grande,MS,-20.5154271899984,-54.6137514522501,723,12
79071,campo grande,MS,-20.5292809975161,-54.6091366072089,723,12
79072,campo grande,MS,-20.5460626550214,-54.6069539123639,723,12
79073,campo grande,MS,-20.5508040311755,-54.6215125652346,723,12
79074,campo grande,MS,-20.5308769550993,-54.6380407195777,723,12
79075,campo grande,MS,-20.5528401924787,-54.6506563847342,723,12
79077,campo grande,MS,-20.5504504628206,-54.6627958778604,723,12
79080,campo grande,MS,-20.4895358596439,-54.6220086919945,723,12
79081,campo grande,MS,-20.5039736895348,-54.6314544075642,723,12
79083,campo grande,MS,-20.5245633303795,-54.6442867587855,723,12
79084,campo grande,MS,-20.5192369970072,-54.6494613892977,723,12
79085,campo grande,MS,-20.5241137541822,-54.6570413683658,723,12
79086,campo grande,MS,-20.4994681113898,-54.6475128464446,723,12
79090,campo grande,MS,-20.4777076494636,-54.6495431603999,723,12
79091,campo grande,MS,-20.4836615937035,-54.6659911047305,723,12
79092,campo grande,MS,-20.4978619497198,-54.6561169532162,723,12
79093,campo grande,MS,-20.4975509188355,-54.6807442869408,723,12
79094,campo grande,MS,-20.5132825151236,-54.6623810248869,723,12
79095,campo grande,MS,-20.5267996357991,-54.666906937784,723,12
79096,campo grande,MS,-20.5180732783963,-54.6841905980511,723,12
79097,campo grande,MS,-20.5380414120757,-54.6706496745699,723,12
79100,campo grande,MS,-20.4569046815221,-54.6467880209693,723,12
79102,campo grande,MS,-20.4528892063868,-54.664197383788,723,12
79103,campo grande,MS,-20.4480471062547,-54.6718223427524,723,12
79104,campo grande,MS,-20.4628513860845,-54.6910338885643,723,12
79105,campo grande,MS,-20.4661623448965,-54.7019718760945,723,12
79107,campo grande,MS,-20.4323219965095,-54.6721392060079,723,12
79108,campo grande,MS,-20.4779157458199,-54.7442215874878,723,12
79110,campo grande,MS,-20.453390367929,-54.6380214067538,723,12
79112,campo grande,MS,-20.441781015109104,-54.655910560286394,723,12
79113,campo grande,MS,-20.4414743147453,-54.6668649092177,723,12
79114,campo grande,MS,-20.4176130111767,-54.6624180991585,723,12
79115,campo grande,MS,-20.4290497986541,-54.6542258621295,723,12
79116,campo grande,MS,-20.4186183565861,-54.6414420735395,723,12
79117,campo grande,MS,-20.4219712270315,-54.62943212233701,723,12
79118,campo grande,MS,-20.4298573993535,-54.6231456153056,723,12
79125,anhandui,MS,-20.9814614518855,-54.5037183229562,190,12
79130,rio brilhante,MS,-21.7984222021658,-54.543463426742,3123,12
79134,prudencio thomaz,MS,-21.6544788645487,-54.4316185361327,3007,12
79140,nova alvorada do sul,MS,-21.458774911650902,-54.36564021303851,2458,12
79150,maracaju,MS,-21.6228070144944,-55.16419800267771,2192,12
79170,sidrolandia,MS,-20.9352815102378,-54.96319657989459,3713,12
79180,ribas do rio pardo,MS,-20.4554595858447,-53.7541823163618,3092,12
79190,terenos,MS,-20.4402029053321,-54.8644599262662,3833,12
79200,aquidauana,MS,-20.4676193020491,-55.7830909504735,227,12
79210,anastacio,MS,-20.4929428569559,-55.8021613612429,167,12
79215,dois irmaos do buriti,MS,-20.6846696258063,-55.2810365683408,1198,12
79230,guia lopes da laguna,MS,-21.4658100351412,-56.1007164537236,1532,12
79240,jardim,MS,-21.4808826228106,-56.1488411717359,1929,12
79260,bela vista,MS,-22.1010095418898,-56.537518235387004,445,12
79270,caracol,MS,-21.9891734139343,-57.0114867861419,808,12
79280,porto murtinho,MS,-21.6862692766802,-57.8652103044908,2952,12
79290,bonito,MS,-21.1267406091387,-56.4869432602345,533,12
79300,corumba,MS,-19.0031392953563,-57.6516805732718,1081,12
79301,corumba,MS,-19.003250880835,-57.6496945516797,1081,12
79302,corumba,MS,-19.0019451785027,-57.6477489502687,1081,12
79303,corumba,MS,-19.0028788990314,-57.6439573351087,1081,12
79304,corumba,MS,-19.003491392625,-57.6355176468735,1081,12
79310,corumba,MS,-19.0133746185566,-57.6367383958346,1081,12
79311,corumba,MS,-19.0197850039791,-57.6417827726114,1081,12
79320,corumba,MS,-19.0205240759944,-57.6564589922179,1081,12
79321,corumba,MS,-19.0353724682082,-57.6513243341946,1081,12
79330,corumba,MS,-19.0016794669927,-57.6548489244147,1081,12
79331,corumba,MS,-19.0025000272407,-57.6604883138521,1081,12
79332,corumba,MS,-19.0116865531595,-57.65602934024789,1081,12
79333,corumba,MS,-19.0047572244625,-57.6688157466338,1081,12
79370,ladario,MS,-19.0092743363843,-57.6037948005154,2023,12
79380,miranda,MS,-20.2380805669232,-56.395458610435,2308,12
79390,bodoquena,MS,-20.5505057563408,-56.6783567117923,501,12
79400,coxim,MS,-18.5072651588623,-54.7487531021291,1098,12
79410,pedro gomes,MS,-18.1000065404716,-54.5517524207499,2759,12
79415,sonora,MS,-17.5830812586678,-54.754409378924,3744,12
79420,camapua,MS,-19.534726911066,-54.04240605753879,678,12
79430,bandeirantes,MS,-19.9099447225999,-54.3643648133081,376,12
79440,jaraguari,MS,-20.1007705450409,-54.4354822373968,1928,12
79460,corguinho,MS,-19.816403912349,-54.8847120800295,1055,12
79490,sao gabriel do oeste,MS,-19.3840530136674,-54.5784019425898,3449,12
79500,paranaiba,MS,-19.673949025390204,-51.1928795924191,2671,12
79530,alcinopolis,MS,-18.3258105090573,-53.7103548825389,76,12
79540,cassilandia,MS,-19.1086550304121,-51.7575038659661,873,12
79550,costa rica,MS,-18.5409742324493,-53.1327400923625,1091,12
79556,paraiso das aguas,MS,-19.0293843954335,-53.0146727919708,2660,12
79560,chapadao do sul,MS,-18.7982155921772,-52.6290486610904,942,12
79570,aparecida do taboado,MS,-20.0806512753715,-51.1064229744852,215,12
79580,inocencia,MS,-19.7409379049092,-51.9298440569755,1675,12
79600,tres lagoas,MS,-20.7810946214267,-51.7083995607006,3894,12
79601,tres lagoas,MS,-20.7855754423304,-51.7051551186842,3894,12
79602,tres lagoas,MS,-20.7853517882183,-51.7005141659449,3894,12
79603,tres lagoas,MS,-20.7931510523208,-51.6964764859574,3894,12
79604,tres lagoas,MS,-20.7863540972392,-51.6910873876568,3894,12
79610,tres lagoas,MS,-20.7931068987286,-51.68654733580691,3894,12
79611,tres lagoas,MS,-20.8040092009008,-51.6813763079281,3894,12
79620,tres lagoas,MS,-20.7982812012715,-51.7049702808425,3894,12
79621,tres lagoas,MS,-20.8055799170768,-51.71463105245359,3894,12
79622,tres lagoas,MS,-20.8099354661385,-51.683747876375,3894,12
79630,tres lagoas,MS,-20.7992955598998,-51.7299347874835,3894,12
79640,tres lagoas,MS,-20.7814037421793,-51.718460666606,3894,12
79645,tres lagoas,MS,-20.7745396021961,-51.6925290077213,3894,12
79648,tres lagoas,MS,-20.3257967413582,-51.3100072668624,3894,12
79670,brasilandia,MS,-21.2662426233536,-52.0660944341214,554,12
79680,agua clara,MS,-20.4411493986051,-52.8773530745961,39,12
79700,fatima do sul,MS,-22.3780643137283,-54.5092400469269,1312,12
79710,vicentina,MS,-22.4097020815643,-54.4450173219191,4046,12
79730,gloria de dourados,MS,-22.4176863077943,-54.2299731233518,1433,12
79740,ivinhema,MS,-22.3058238333919,-53.8249446328385,1865,12
79750,nova andradina,MS,-22.2477954029442,-53.3473545565762,2461,12
79760,bataypora,MS,-22.2967794779438,-53.2695214364357,438,12
79770,anaurilandia,MS,-22.1837620025585,-52.7182390869734,168,12
79780,bataguassu,MS,-21.7156472573933,-52.4226853668222,434,12
79785,angelica,MS,-22.1555633761472,-53.7780046726723,180,12
79790,deodapolis,MS,-22.2516825415117,-54.160171298854,1163,12
79800,dourados,MS,-22.2266033466747,-54.811549459425,1222,12
79802,dourados,MS,-22.2311329469688,-54.8079065447693,1222,12
79803,dourados,MS,-22.2270344854254,-54.8197235069905,1222,12
79804,dourados,MS,-22.2257068069264,-54.8132371491703,1222,12
79806,dourados,MS,-22.226198002951,-54.8039855135404,1222,12
79810,dourados,MS,-22.2336488087993,-54.8037465863433,1222,12
79812,dourados,MS,-22.2456740863158,-54.8093865288946,1222,12
79813,dourados,MS,-22.2542785950153,-54.81174167970839,1222,12
79820,dourados,MS,-22.2291674862628,-54.8270312539589,1222,12
79821,dourados,MS,-22.2146718666003,-54.8539500830045,1222,12
79822,dourados,MS,-22.2296223774864,-54.8396352301165,1222,12
79823,dourados,MS,-22.2153273118053,-54.8351301663688,1222,12
79824,dourados,MS,-22.2235504182965,-54.8141123181386,1222,12
79825,dourados,MS,-22.2187038165174,-54.8130240006792,1222,12
79826,dourados,MS,-22.2114275489271,-54.8075857565042,1222,12
79830,dourados,MS,-22.2219090240998,-54.7911949334579,1222,12
79831,dourados,MS,-22.2145431809515,-54.7872598486031,1222,12
79833,dourados,MS,-22.2189779064583,-54.7679303584406,1222,12
79840,dourados,MS,-22.2367860760229,-54.7863407564892,1222,12
79841,dourados,MS,-22.2276160265386,-54.7639889506028,1222,12
79890,itapora,MS,-22.0757729596108,-54.788126738997,1816,12
79900,ponta pora,MS,-22.509043591418095,-55.732429268358295,2911,12
79902,ponta pora,MS,-22.5140407395721,-55.7236331267039,2911,12
79903,ponta pora,MS,-22.5122893871535,-55.7067254096498,2911,12
79904,ponta pora,MS,-22.5332011390204,-55.7243826631903,2911,12
79905,ponta pora,MS,-22.5530633697126,-55.7106797860078,2911,12
79906,ponta pora,MS,-22.562058824854,-55.6921487902232,2911,12
79909,sanga puita,MS,-22.6202524325033,-55.6283317624123,3234,12
79925,paranhos,MS,-23.8923179501355,-55.4294787023352,2679,12
79940,caarapo,MS,-22.6326611316119,-54.8240348919662,603,12
79950,navirai,MS,-23.0610763969341,-54.2003767918321,2432,12
79955,juti,MS,-22.8594708828179,-54.6040293355991,2018,12
79965,itaquirai,MS,-23.4746132690639,-54.1792815248834,1824,12
79970,eldorado,MS,-23.7837788816934,-54.2811991356941,1236,12
79975,tacuru,MS,-23.6351394711616,-55.0171074636701,3773,12
79980,mundo novo,MS,-23.938121835360004,-54.28877541929919,2405,12
79990,amambai,MS,-23.0918965116182,-55.2277622268903,143,12
79995,coronel sapucaia,MS,-23.2714447143925,-55.5302432986991,1072,12
80010,curitiba,PR,-25.4336481653212,-49.2691733758771,1143,18
80020,curitiba,PR,-25.4300440839964,-49.27125731457771,1143,18
80030,curitiba,PR,-25.4170388514427,-49.2607600063753,1143,18
80035,curitiba,PR,-25.405785334416,-49.2526447708664,1143,18
80040,curitiba,PR,-25.4180494277725,-49.2487734186313,1143,18
80045,curitiba,PR,-25.4257301652575,-49.2539164122316,1143,18
80050,curitiba,PR,-25.4359880260023,-49.2426923263518,1143,18
80060,curitiba,PR,-25.4296324166668,-49.261316873381006,1143,18
80210,curitiba,PR,-25.4404877115841,-49.2444038766687,1143,18
80215,curitiba,PR,-25.4482189110493,-49.2542972234531,1143,18
80220,curitiba,PR,-25.4563496256184,-49.2650069238435,1143,18
80230,curitiba,PR,-25.441571360403596,-49.2668745138734,1143,18
80240,curitiba,PR,-25.4489908608255,-49.2886098572924,1143,18
80250,curitiba,PR,-25.4436191098101,-49.2768548599396,1143,18
80310,curitiba,PR,-25.4569338828551,-49.3094549839536,1143,18
80320,curitiba,PR,-25.4605811863814,-49.2943638668101,1143,18
80330,curitiba,PR,-25.4699735553138,-49.3073723019712,1143,18
80410,curitiba,PR,-25.431322500860002,-49.2792188539755,1143,18
80420,curitiba,PR,-25.4375777982215,-49.2819171933203,1143,18
80430,curitiba,PR,-25.4301440742862,-49.2853198674462,1143,18
80440,curitiba,PR,-25.4441586973542,-49.2967148966217,1143,18
80510,curitiba,PR,-25.4219775394874,-49.2787121886779,1143,18
80520,curitiba,PR,-25.410680952192,-49.2771860322148,1143,18
80530,curitiba,PR,-25.4164044344128,-49.267810998129,1143,18
80540,curitiba,PR,-25.406298196877,-49.2604987014246,1143,18
80610,curitiba,PR,-25.4699550869577,-49.2898210603758,1143,18
80620,curitiba,PR,-25.458880971712,-49.2848940081867,1143,18
80630,curitiba,PR,-25.4785715798233,-49.2695928239875,1143,18
80710,curitiba,PR,-25.428323460810198,-49.2998179022527,1143,18
80730,curitiba,PR,-25.4337593824316,-49.2977684978453,1143,18
80740,curitiba,PR,-25.4417865314808,-49.311076015365,1143,18
80810,curitiba,PR,-25.4163990528213,-49.291343975403,1143,18
80820,curitiba,PR,-25.4087077058625,-49.2952102552683,1143,18
81010,curitiba,PR,-25.4792684951171,-49.2798520636318,1143,18
81020,curitiba,SP,-25.4897848604579,-49.287777552631,1143,26
81030,curitiba,PR,-25.4838786976801,-49.2724087075142,1143,18
81050,curitiba,PR,-25.490559269496,-49.3020273557388,1143,18
81070,curitiba,PR,-25.4893394088505,-49.3038367940092,1143,18
81110,curitiba,PR,-25.502519003041602,-49.2908537529636,1143,18
81130,curitiba,PR,-25.5049146330075,-49.30003383657729,1143,18
81150,curitiba,PR,-25.5178536066922,-49.3011005604546,1143,18
81170,curitiba,PR,-25.5160205087553,-49.3241378545869,1143,18
81200,curitiba,PR,-25.4371960926113,-49.3325587921759,1143,18
81210,curitiba,PR,-25.4445324038696,-49.3291729896348,1143,18
81220,curitiba,PR,-25.460704580502,-49.3239319594199,1143,18
81230,curitiba,PR,-25.4612705960464,-49.3367642540014,1143,18
81240,curitiba,PR,-25.4750862554633,-49.3363987654783,1143,18
81250,curitiba,PR,-25.480181998926,-49.344495492266596,1143,18
81260,curitiba,PR,-25.4822066546661,-49.3524267635249,1143,18
81270,curitiba,PR,-25.4547821839884,-49.3498653688691,1143,18
81280,curitiba,PR,-25.439849104802,-49.3526625438302,1143,18
81290,curitiba,PR,-25.4455173031905,-49.3658428987163,1143,18
81305,curitiba,PR,-25.5055907900363,-49.325058554499,1143,18
81310,curitiba,PR,-25.4976818485269,-49.3173947044825,1143,18
81312,curitiba,PR,-25.5042282834986,-49.309425788597,1143,18
81315,curitiba,PR,-25.5079425315617,-49.3246795744391,1143,18
81320,curitiba,PR,-25.476488477709,-49.3211619484588,1143,18
81330,curitiba,PR,-25.4856073480795,-49.3283614148746,1143,18
81350,curitiba,PR,-25.5010308501034,-49.333139938307205,1143,18
81450,curitiba,PR,-25.4965364873396,-49.347961230692,1143,18
81460,curitiba,PR,-25.540551776875,-49.3343243375919,1143,18
81470,curitiba,PR,-25.5683917827798,-49.3358702923428,1143,18
81480,curitiba,PR,-25.56180960524,-49.3250641099301,1143,18
81490,curitiba,PR,-25.5875722354958,-49.3305354802575,1143,18
81510,curitiba,PR,-25.4682930061994,-49.2428192623723,1143,18
81520,curitiba,PR,-25.4617288593909,-49.2399203651667,1143,18
81530,curitiba,PR,-25.4610164736031,-49.2310638713183,1143,18
81540,curitiba,PR,-25.4669337276042,-49.2215668903248,1143,18
81550,curitiba,PR,-25.4836553496463,-49.2099379170248,1143,18
81560,curitiba,PR,-25.4867836287771,-49.2175580035084,1143,18
81570,curitiba,PR,-25.4811560727919,-49.2312092083491,1143,18
81580,curitiba,PR,-25.4951819622544,-49.220452866492,1143,18
81590,curitiba,PR,-25.485979304308405,-49.2020326055527,1143,18
81610,curitiba,PR,-25.4787171718981,-49.2461159182879,1143,18
81630,curitiba,PR,-25.4830308148876,-49.2548036117028,1143,18
81650,curitiba,PR,-25.4924947695331,-49.2359869150102,1143,18
81670,curitiba,PR,-25.4968934655783,-49.2497262412624,1143,18
81690,curitiba,PR,-25.5669041874655,-49.3091149469252,1143,18
81710,curitiba,PR,-25.4976004742704,-49.2664024962049,1143,18
81720,curitiba,PR,-25.5136732259738,-49.2556060783276,1143,18
81730,curitiba,PR,-25.508622878279304,-49.2266881739552,1143,18
81750,curitiba,PR,-25.5179587583626,-49.2413222683676,1143,18
81770,curitiba,PR,-25.527873946750695,-49.2411249753073,1143,18
81810,curitiba,PR,-25.5070141831112,-49.2759629794623,1143,18
81820,curitiba,PR,-25.5179062741994,-49.2806432132151,1143,18
81825,curitiba,PR,-25.5284235456941,-49.2754900005563,1143,18
81830,curitiba,PR,-25.5172004168524,-49.2644334789497,1143,18
81850,curitiba,PR,-25.5336762780188,-49.2478172202169,1143,18
81860,curitiba,PR,-25.5372743345196,-49.2402140114714,1143,18
81870,curitiba,PR,-25.5283336227784,-49.2887346966729,1143,18
81880,curitiba,PR,-25.5383160199052,-49.2933382577416,1143,18
81900,curitiba,PR,-25.5394193048304,-49.2781234192466,1143,18
81910,curitiba,PR,-25.5324435488372,-49.2648505086749,1143,18
81920,curitiba,PR,-25.5408453384159,-49.2553377695313,1143,18
81925,curitiba,PR,-25.5481984319385,-49.2660051464319,1143,18
81930,curitiba,PR,-25.5617135813695,-49.2808171144202,1143,18
81935,curitiba,PR,-25.5570300508998,-49.2537972626153,1143,18
81940,curitiba,PR,-25.566575306913,-49.2908218943895,1143,18
82010,curitiba,PR,-25.4248520154988,-49.3259362401493,1143,18
82015,curitiba,PR,-25.4166818747855,-49.3362304544216,1143,18
82020,curitiba,PR,-25.403143863860596,-49.3238232559464,1143,18
82025,curitiba,PR,-25.4145536987148,-49.3143601532815,1143,18
82030,curitiba,PR,-25.3961456933996,-49.3224726698759,1143,18
82100,curitiba,PR,-25.3965597866685,-49.2963831067766,1143,18
82110,curitiba,PR,-25.389755516121,-49.2899917530608,1143,18
82115,curitiba,PR,-25.3822035927355,-49.2922552580894,1143,18
82120,curitiba,PR,-25.392913497502196,-49.2787412313387,1143,18
82130,curitiba,PR,-25.3786016952533,-49.2770066645132,1143,18
82200,curitiba,PR,-25.3965758945528,-49.2657624456495,1143,18
82210,curitiba,PR,-25.3861235256115,-49.2640552936406,1143,18
82220,curitiba,PR,-25.3662328164341,-49.2684087261711,1143,18
82300,curitiba,PR,-25.4209584811893,-49.3474100284101,1143,18
82310,curitiba,PR,-25.422299749332,-49.3587256432397,1143,18
82315,curitiba,PR,-25.4120636503731,-49.356386853675,1143,18
82320,curitiba,PR,-25.4045566487817,-49.3454672940017,1143,18
82400,curitiba,PR,-25.3947472354988,-49.3444375798069,1143,18
82410,curitiba,PR,-25.381120171878,-49.3301468943923,1143,18
82510,curitiba,PR,-25.3998720902092,-49.2408687243596,1143,18
82515,curitiba,PR,-25.395684474976697,-49.2299486422633,1143,18
82520,curitiba,PR,-25.4145439068855,-49.2298756255267,1143,18
82530,curitiba,PR,-25.4275811968153,-49.2344499491749,1143,18
82540,curitiba,PR,-25.3938895385839,-49.2507972110664,1143,18
82560,curitiba,PR,-25.3859849919381,-49.244508505962,1143,18
82590,curitiba,PR,-25.3890560260574,-49.19396045591,1143,18
82600,curitiba,PR,-25.3922245487447,-49.217122180066504,1143,18
82620,curitiba,PR,-25.3831550968472,-49.2214765665517,1143,18
82630,curitiba,PR,-25.3769074319439,-49.2134214130175,1143,18
82640,curitiba,PR,-25.3769412879892,-49.2352948686406,1143,18
82650,curitiba,PR,-25.3734307662481,-49.2455231456465,1143,18
82700,curitiba,PR,-25.3749185871545,-49.2584766777262,1143,18
82710,curitiba,PR,-25.3566166821464,-49.2562188805357,1143,18
82720,curitiba,PR,-25.3618309247733,-49.230141715262995,1143,18
82800,curitiba,PR,-25.4344024088818,-49.2267035047123,1143,18
82810,curitiba,PR,-25.437249840911896,-49.2124359275211,1143,18
82820,curitiba,PR,-25.4179459038513,-49.20678980584229,1143,18
82840,curitiba,PR,-25.4017579495333,-49.2060125468908,1143,18
82860,curitiba,PR,-25.384872930302,-49.1975741472818,1143,18
82900,curitiba,PR,-25.445796262194,-49.2238513619506,1143,18
82920,curitiba,PR,-25.4494278539557,-49.2067883596813,1143,18
82930,curitiba,PR,-25.4576643540118,-49.2057538938319,1143,18
82940,curitiba,PR,-25.457666569768,-49.2173957495101,1143,18
82950,curitiba,PR,-25.4506064014159,-49.2174498172801,1143,18
82960,curitiba,PR,-25.4668653038075,-49.2073593933657,1143,18
82970,curitiba,PR,-25.473758562803,-49.2034848647482,1143,18
82980,curitiba,PR,-25.4710922811836,-49.194492602781,1143,18
82990,curitiba,PR,-25.4603669190378,-49.1967877120867,1143,18
83005,sao jose dos pinhais,PR,-25.538499348814998,-49.19950992683621,3537,18
83010,sao jose dos pinhais,PR,-25.542326473535095,-49.1821951472353,3537,18
83015,sao jose dos pinhais,PR,-25.5624037594301,-49.17116237789529,3537,18
83020,sao jose dos pinhais,PR,-25.5584213436227,-49.1956970201521,3537,18
83025,sao jose dos pinhais,PR,-25.557996030672395,-49.2082963314352,3537,18
83030,sao jose dos pinhais,PR,-25.5380100440336,-49.2142150892593,3537,18
83035,sao jose dos pinhais,PR,-25.5236599513141,-49.2058234943274,3537,18
83040,sao jose dos pinhas,PR,-25.5190026011103,-49.1929803709563,3538,18
83045,sao jose dos pinhais,PR,-25.512877112898703,-49.18372654989991,3537,18
83050,sao jose dos pinhais,PR,-25.4996110641833,-49.17715331430011,3537,18
83055,sao jose dos pinhais,PR,-25.4837186716495,-49.1674734451212,3537,18
83060,sao jose dos pinhais,PR,-25.492588346251697,-49.14306522953381,3537,18
83065,sao jose dos pinhais,PR,-25.511002205663,-49.1617390844737,3537,18
83070,sao jose dos pinhais,PR,-25.5202196653556,-49.1250330503628,3537,18
83075,sao jose dos pinhais,PR,-25.5335981552288,-49.0901359645158,3537,18
83085,sao jose dos pinhais,PR,-25.5472163228503,-49.1496789571636,3537,18
83090,sao jose dos pinhais,PR,-25.6078919447946,-49.1673591549173,3537,18
83091,sao  jose dos pinhais,PR,-25.6477435114868,-49.1753719726532,3400,18
83116,sao jose dos pinhais,PR,-25.662771489327,-49.0990924863585,3537,18
83203,paranagua,PR,-25.516972963676,-48.5107156231943,2670,18
83206,paranagua,PR,-25.5260989937953,-48.5229282031394,2670,18
83209,paranagua,PR,-25.5431561769406,-48.5344289063948,2670,18
83212,paranagua,PR,-25.5555542324486,-48.5542659987398,2670,18
83215,paranagua,PR,-25.5672665993883,-48.565075878874,2670,18
83218,paranagua,PR,-25.57799800457,-48.5767798871248,2670,18
83221,paranagua,PR,-25.5200257971488,-48.5348761386582,2670,18
83250,alexandra,PR,-25.5534229350904,-48.6275242297404,83,18
83252,ilha dos valadares,PR,42.1840027429859,-8.72376214751393,1637,18
83255,pontal do parana,PR,-25.6400644833621,-48.4276704992618,2913,18
83260,matinhos,PR,-25.813132721140196,-48.5363046397346,2253,18
83280,guaratuba,PR,-25.887866961664802,-48.58448614692999,1521,18
83301,piraquara,PR,-25.4482199291946,-49.0736807914461,2862,18
83302,piraquara,PR,-25.451768875011,-49.10399294250751,2862,18
83304,piraquara,PR,-25.4317819188353,-49.0571740497372,2862,18
83305,piraquara,PR,-25.4473074324291,-49.050549743303,2862,18
83306,piraquara,PR,-25.4553303063705,-49.0661153574016,2862,18
83310,piraquara,PR,-25.4523944856038,-49.1400848332534,2862,18
83314,piraquara,PR,-25.4519216561093,-49.1535476101062,2862,18
83320,pinhais,PR,-25.432444344748,-49.1770977839599,2826,18
83321,pinhais,PR,-25.4468099874668,-49.1769727607593,2826,18
83322,pinhais,PR,-25.4582249767169,-49.1849729329014,2826,18
83323,pinhais,PR,-25.437225932288502,-49.1939655858978,2826,18
83324,pinhais,PR,-25.4252348686903,-49.189110840767896,2826,18
83325,pinhais,PR,-25.415147854141804,-49.1805902854958,2826,18
83326,pinhais,PR,-25.4007820057481,-49.1851168370011,2826,18
83327,pinhais,PR,-25.3980949313428,-49.1603764551127,2826,18
83330,pinhais,PR,-25.4312795008089,-49.1589762757714,2826,18
83331,pinhais,PR,-25.441978954828205,-49.160650807072294,2826,18
83350,morretes,PR,-25.4821835728867,-48.82919131856331,2381,18
83370,antonina,PR,-25.4347044391963,-48.7127535418242,198,18
83390,guaraquecaba,PR,-25.2971620840931,-48.3244844704298,1515,18
83401,colombo,PR,-25.3220374352813,-49.2303720664508,990,18
83402,colombo,PR,-25.3474574018199,-49.2219422049323,990,18
83403,colombo,PR,-25.3454106733956,-49.2100156822852,990,18
83404,colombo,PR,-25.3622791246775,-49.2041957831953,990,18
83405,colombo,PR,-25.3637341827138,-49.1919913249224,990,18
83406,colombo,PR,-25.3523888773218,-49.1900551107245,990,18
83407,colombo,PR,-25.3415770958156,-49.183880805262,990,18
83408,colombo,PR,-25.367474996726,-49.1841991315132,990,18
83409,colombo,PR,-25.376300774349698,-49.1823822890209,990,18
83410,colombo,PR,-25.3576111473918,-49.1630141072787,990,18
83411,colombo,PR,-25.3301743223049,-49.1494833893164,990,18
83412,colombo,PR,-25.3687086906459,-49.14390145453691,990,18
83413,colombo,PR,-25.382570909889,-49.1687771635219,990,18
83414,colombo,PR,-25.2927424012265,-49.2227831192378,990,18
83420,quatro barras,PR,-25.371403602773,-49.076907117765,3021,18
83430,campina grande do sul,PR,-25.3423980659003,-49.0860429583613,702,18
83450,bocaiuva do sul,PR,-25.2108060548061,-49.1117572635909,498,18
83480,tunas do parana,PR,-24.9724114029433,-49.062518494344,3914,18
83490,adrianopolis,PR,-24.6661459332483,-48.9799192747551,28,18
83501,almirante tamandare,PR,-25.3128808604276,-49.2918643241976,98,18
83502,almirante tamandare,PR,-25.3178981071325,-49.278382072345,98,18
83503,almirante tamandare,PR,-25.3303275868385,-49.2763713615013,98,18
83504,almirante tamandare,PR,-25.3339883759057,-49.2657930067416,98,18
83505,almirante tamandare,PR,-25.3428881020037,-49.2499249816289,98,18
83506,almirante tamandare,PR,-25.3427927223759,-49.2737172502337,98,18
83507,almirante tamandare,PR,-25.3418094415625,-49.2955676131949,98,18
83508,almirante tamandare,PR,-25.3738902119502,-49.3079218246966,98,18
83511,almirante tamandare,PR,-25.3491852026732,-49.3009372677303,98,18
83512,almirante tamandare,PR,-25.3168046757914,-49.3078711332879,98,18
83535,campo magro,PR,-25.3756069226603,-49.3860112966697,727,18
83540,rio branco do sul,PR,-25.180768393805597,-49.3165730354107,3122,18
83560,itaperucu,PR,-25.2132562664477,-49.3523191877444,1798,18
83570,cerro azul,PR,-24.8281375372481,-49.2637246103996,924,18
83590,doutor ulysses,PR,-24.5701373722668,-49.4184896497348,1224,18
83601,campo largo,PR,-25.4605433949173,-49.52696341332561,725,18
83602,campo largo,PR,-25.4723113009591,-49.5389636462177,725,18
83603,campo largo,PR,-25.4914786171137,-49.5296959311469,725,18
83604,campo largo,PR,-25.4643417721255,-49.555524081905,725,18
83605,campo largo,PR,-25.4510289497322,-49.5587849266208,725,18
83606,campo largo,PR,-25.4473804062427,-49.5307114016228,725,18
83607,campo largo,PR,-25.4534813892687,-49.5113195025927,725,18
83608,campo largo,PR,-25.4475044514004,-49.4412827024473,725,18
83609,campo largo,PR,-25.4615086798179,-49.422760718353096,725,18
83701,araucaria,PR,-25.5985138967482,-49.3889300621215,277,18
83702,araucaria,PR,-25.5908653408373,-49.4029927448516,277,18
83703,araucaria,PR,-25.5823946701639,-49.4053398859455,277,18
83704,araucaria,PR,-25.5742376419719,-49.4108397914184,277,18
83705,araucaria,PR,-25.5645376842523,-49.3953211034525,277,18
83706,araucaria,PR,-25.5449264066725,-49.3861170124635,277,18
83707,araucaria,PR,-25.5445218807228,-49.36104447895511,277,18
83708,araucaria,PR,-25.5874466767505,-49.3834851631956,277,18
83709,araucaria,PR,-25.6127640688139,-49.3723495151732,277,18
83730,contenda,PR,-25.6791347082898,-49.5353567056177,1043,18
83750,lapa,PR,-25.764307814399,-49.7203761659934,2063,18
83760,mariental,PR,-25.5094324782156,-49.298553,2218,18
83800,mandirituba,PR,-25.7703836107131,-49.3248018460534,2171,18
83810,areia branca dos assis,PR,-10.478245764897,-41.0127399599687,288,18
83820,fazenda rio grande,PR,-25.6444951356167,-49.3009176916586,1317,18
83823,fazenda rio grande,PR,-25.6599104313672,-49.2995826917207,1317,18
83824,fazenda rio grande,PR,-25.6735528396439,-49.305129725319,1317,18
83829,fazenda rio grande,PR,-25.6569132830853,-49.3254234060252,1317,18
83830,fazenda rio grande,PR,-25.6731766693026,-49.3280120166335,1317,18
83833,fazenda rio grande,PR,-25.6441170857665,-49.3225500468833,1317,18
83840,quitandinha,PR,-25.8725554513392,-49.4998072224373,3041,18
83860,pien,PR,-26.0972397910269,-49.4282334399714,2810,18
83870,campo do tenente,PR,-25.9855897041845,-49.6782734156576,719,18
83880,rio negro,PR,-26.095452253608496,-49.7881780888762,3153,18
83900,sao mateus do sul,PR,-25.869884382311,-50.3881730754993,3562,18
84010,ponta grossa,PR,-25.0943491625466,-50.1608830737757,2910,18
84015,ponta grossa,PR,-25.0758051128802,-50.1594958725299,2910,18
84016,ponta grossa,PR,-25.0670566106387,-50.1433126459155,2910,18
84020,ponta grossa,PR,-25.0799603874656,-50.13255780440031,2910,18
84025,ponta grossa,PR,-25.0910008587223,-50.1368715443407,2910,18
84026,ponta grossa,PR,-25.1033699357092,-50.1420001160686,2910,18
84030,ponta grossa,PR,-25.0872612032621,-50.1023961757369,2910,18
84031,ponta grossa,PR,-25.0981802233085,-50.1178826006558,2910,18
84032,ponta grossa,PR,-25.1058879983916,-50.1073910209396,2910,18
84033,ponta grossa,PR,-25.1165861072709,-50.117400217481794,2910,18
84035,ponta grossa,PR,-25.1072719068724,-50.1524374699506,2910,18
84036,ponta grossa,PR,-25.1261927560894,-50.145668677351,2910,18
84040,ponta grossa,PR,-25.1086140011932,-50.1617509812421,2910,18
84043,ponta grossa,PR,-25.1547588980214,-50.14767262613899,2910,18
84045,ponta grossa,PR,-25.129703482142,-50.1568565942605,2910,18
84046,ponta grossa,PR,-25.1428208070831,-50.1683838643501,2910,18
84050,ponta grossa,PR,-25.1099265483555,-50.1705503954298,2910,18
84051,ponta grossa,PR,-25.0994305169799,-50.1768510293305,2910,18
84053,ponta grossa,PR,-25.0870894024892,-50.1833772790285,2910,18
84060,ponta grossa,PR,-25.1122762060685,-50.2071646503795,2910,18
84061,ponta grossa,PR,-25.0960190482874,-50.2042815361787,2910,18
84062,ponta grossa,PR,-25.0830274474929,-50.2025202314683,2910,18
84063,ponta grossa,PR,-25.066650890858,-50.2108099026591,2910,18
84064,ponta grossa,PR,-25.0509538231786,-50.2327200836192,2910,18
84070,ponta grossa,PR,-25.0789937942675,-50.1772600321344,2910,18
84072,ponta grossa,PR,-25.0526307871414,-50.1696377634626,2910,18
84073,ponta grossa,PR,-25.0571314484745,-50.1625846619155,2910,18
84130,palmeira,PR,-25.4237322186119,-49.9964745444391,2626,18
84140,porto amazonas,PR,-25.5482892023068,-49.8934132014201,2940,18
84145,carambei,PR,-24.9474701749147,-50.1192470115049,814,18
84150,sao joao do triunfo,PR,-25.6851212292471,-50.2986613459009,3488,18
84165,castro,PR,-24.7944357107004,-50.010410652742,881,18
84168,castro,PR,-24.7756952970148,-50.0073953136707,881,18
84172,castro,PR,-24.7928762081999,-49.99313307387229,881,18
84174,castro,PR,-24.804245585094396,-49.9905265226715,881,18
84178,castro,PR,-24.8068934275402,-50.0006168123604,881,18
84196,colonia castrolanda,PR,-23.7028527233943,-46.4015587748427,991,18
84200,jaguariaiva,PR,-24.2577032796808,-49.7164234007889,1896,18
84220,senges,PR,-24.1136712396641,-49.4639594393949,3668,18
84240,pirai do sul,PR,-24.5338560836624,-49.93937026289,2848,18
84250,imbau,PR,-24.4482716738046,-50.7552407346884,1646,18
84261,telemaco borba,PR,-24.3289341198868,-50.6188373180587,3824,18
84262,telemaco borba,PR,-24.3216949696921,-50.6218666304443,3824,18
84263,telemaco borba,PR,-24.3245525340344,-50.6125522725867,3824,18
84264,telemaco borba,PR,-24.3405715959639,-50.6136825857978,3824,18
84265,telemaco borba,PR,-24.3346637229704,-50.6253278827877,3824,18
84266,telemaco borba,PR,-24.3326668050197,-50.6362863541816,3824,18
84267,telemaco borba,PR,-24.3264806914848,-50.6405069420889,3824,18
84268,telemaco borba,PR,-24.323054843994,-50.6333312073031,3824,18
84269,telemaco borba,PR,-24.3325220266564,-50.6546666571994,3824,18
84270,telemaco borba,PR,-24.3189080675544,-50.6477291967349,3824,18
84271,telemaco borba,PR,-24.317742305656,-50.6569394091239,3824,18
84272,telemaco borba,PR,-24.3159001634657,-50.6302440553991,3824,18
84280,curiuva,PR,-24.0381449942538,-50.4569439455573,1145,18
84285,figueira,PR,-23.8500462219013,-50.4030158641844,1337,18
84290,sapopema,PR,-23.9104206622007,-50.5794613607255,3630,18
84300,tibagi,PR,-24.5153124522385,-50.4124125518694,3847,18
84320,reserva,PR,-24.6526351182915,-50.849703230608405,3076,18
84345,ventania,PR,-24.228020510121,-50.25638813396339,4026,18
84350,ortigueira,PR,-24.2055721152975,-50.9338406212656,2576,18
84400,prudentopolis,PR,-25.2151398104995,-50.9876340110921,3009,18
84430,imbituva,PR,-25.229677010502005,-50.6038968950709,1650,18
84435,guamiranga,PR,-25.1906947548142,-50.8093636218892,1488,18
84450,ipiranga,PR,-25.0226287576105,-50.58376883432751,1693,18
84460,ivai,PR,-25.0074819072406,-50.8551883652566,1862,18
84470,candido de abreu,PR,-24.5758417587987,-51.332828082493,755,18
84500,irati,PR,-25.474093335032,-50.6503594019551,1720,18
84530,teixeira soares,PR,-25.3719756562524,-50.4620838358223,3821,18
84550,reboucas,PR,-25.6232297985316,-50.6933504229302,3058,18
84560,rio azul,PR,-25.726635909167204,-50.7900497215227,3117,18
84570,mallet,PR,-25.8839031184595,-50.8270261635636,2162,18
84600,uniao da vitoria,PR,-26.2305503265329,-51.0859255885344,3956,18
84602,uniao da vitoria,PR,-26.2438422427595,-51.1217223288795,3956,18
84603,uniao da vitoria,PR,-26.2306072634522,-51.0621878474118,3956,18
84604,uniao da vitoria,PR,-26.2227548143735,-51.0437379284918,3956,18
84605,uniao da vitoria,PR,-26.2108911836189,-51.0869552776254,3956,18
84607,uniao da vitoria,PR,-26.2238034602906,-51.0615118167614,3956,18
84620,cruz machado,PR,-26.0164874336614,-51.3455877846612,1124,18
84630,paula freitas,PR,-26.2054685073038,-50.9320721714011,2723,18
84635,paulo frontin,PR,-26.0478127542422,-50.8114891042504,2731,18
84640,bituruna,PR,-26.1594297705632,-51.5477570370161,481,18
84660,general carneiro,PR,-26.421195638867697,-51.3150163154567,1423,18
84900,ibaiti,PR,-23.842128594602,-50.1939293308892,1562,18
84920,japira,PR,-23.8119965425153,-50.140142508208704,1920,18
84925,pinhalao,PR,-23.7896757198409,-50.0586952032681,2829,18
84930,jaboti,PR,-23.7434134364928,-50.0733563436802,1871,18
84935,tomazina,PR,-23.777624284233,-49.9547755736796,3867,18
84940,siqueira campos,PR,-23.6824465034745,-49.8232869914856,3730,18
84945,salto do itarare,PR,-23.605268403449,-49.6274758254545,3223,18
84950,wenceslau braz,PR,-23.8762267725163,-49.8022524651982,4095,18
84970,santana do itarare,PR,-23.7554319758903,-49.6277850964963,3342,18
84980,sao jose da boa vista,PR,-23.9286154548248,-49.6611644769711,3504,18
84990,arapoti,PR,-24.1425975103008,-49.8223672266004,260,18
85010,guarapuava,PR,-25.3921884070113,-51.466966826576,1514,18
85012,guarapuava,PR,-25.4035586349957,-51.4601334993126,1514,18
85015,guarapuava,PR,-25.4052944716056,-51.4711053134617,1514,18
85020,guarapuava,PR,-25.409432142307498,-51.4871973518622,1514,18
85022,guarapuava,PR,-25.4150304547545,-51.4745431175726,1514,18
85023,guarapuava,PR,-25.419453235522,-51.4827745665059,1514,18
85025,guarapuava,PR,-25.3975939612688,-51.491194894228,1514,18
85027,guarapuava,PR,-25.4026635398566,-51.4980044421382,1514,18
85035,guarapuava,PR,-25.384851326780602,-51.478517827164204,1514,18
85040,guarapuava,PR,-25.376836284646,-51.4897741227904,1514,18
85045,guarapuava,PR,-25.3764574546294,-51.4816083015317,1514,18
85055,guarapuava,PR,-25.3713430467399,-51.4692233565247,1514,18
85063,guarapuava,PR,-25.3605757610578,-51.4567644714273,1514,18
85064,guarapuava,PR,-25.3602981967799,-51.4380809140698,1514,18
85065,guarapuava,PR,-25.3823098168702,-51.4545665150826,1514,18
85067,guarapuava,PR,-25.3771620649756,-51.4439759591346,1514,18
85070,guarapuava,PR,-25.3926732460647,-51.449972763254,1514,18
85138,colonia jordaozinho,PR,-25.5349572533586,-51.5063431264835,992,18
85139,colonia vitoria,PR,-25.272807023543795,-50.07009121273321,994,18
85140,candoi,PR,-25.5605428729969,-52.0359804052451,762,18
85145,foz do jordao,PR,-25.7360093951852,-52.1182433975099,1376,18
85150,turvo,PR,-25.0373536126463,-51.5280907782122,3928,18
85155,inacio martins,PR,-25.5780543578092,-51.0811760603953,1654,18
85160,cantagalo,PR,-25.3759878314617,-52.1230159173838,773,18
85170,pinhao,PR,-25.6962075371629,-51.6571075580323,2831,18
85195,reserva do iguacu,PR,-25.8188091564234,-52.0503974729424,3078,18
85200,pitanga,PR,-24.7578464148576,-51.7659581816172,2876,18
85240,mato rico,PR,-24.7021112210538,-52.1591686717267,2256,18
85260,manoel ribas,PR,-24.5176387450354,-51.6744094433913,2179,18
85270,palmital,PR,-24.8856345867861,-52.2101409053362,2634,18
85275,laranjal,PR,-24.8918001278167,-52.477585702576,2065,18
85280,altamira do parana,PR,-24.799390826555,-52.7154487817532,106,18
85301,laranjeiras do sul,PR,-25.4068296743911,-52.4126447295582,2068,18
85303,laranjeiras do sul,PR,-25.390574537368497,-52.4039986754379,2068,18
85340,rio bonito do iguacu,PR,-25.4992826317578,-52.5248564129119,3120,18
85350,nova laranjeiras,PR,-25.3053460433485,-52.5394286111795,2494,18
85400,guaraniacu,PR,-25.1003362315453,-52.868746178176,1509,18
85410,nova aurora,PR,-24.527179594929702,-53.2591509974132,2463,18
85415,cafelandia,PR,-24.6220596005961,-53.3223983156448,644,18
85420,corbelia,PR,-24.7955743626928,-53.2979240448648,1048,18
85423,iguatu,PR,-24.7131085557747,-53.0869961887463,1633,18
85440,ubirata,PR,-24.5424152893553,-52.9897611643244,3943,18
85460,quedas do iguacu,PR,-25.4554076747672,-52.913148038723,3024,18
85465,espigao alto do iguacu,PR,-25.4240540076709,-52.8342496139404,1277,18
85478,ibema,PR,-25.1169734672249,-53.0151626758466,1567,18
85501,pato branco,PR,-26.2264116670529,-52.6745471779604,2710,18
85502,pato branco,PR,-26.2322832451527,-52.6845920343863,2710,18
85503,pato branco,PR,-26.198731168518105,-52.6818808571835,2710,18
85504,pato branco,PR,-26.2138744665974,-52.666432031645094,2710,18
85505,pato branco,PR,-26.2302549719292,-52.6645403082725,2710,18
85506,pato branco,PR,-26.2439862850979,-52.6742836839548,2710,18
85508,pato branco,PR,-26.2659474534677,-52.683684112664,2710,18
85509,pato branco,PR,-26.2411735487564,-52.7022277221087,2710,18
85520,vitorino,PR,-26.2661911537567,-52.7808341514745,4086,18
85525,mariopolis,PR,-26.3547787414355,-52.5543357869091,2228,18
85530,clevelandia,PR,-26.407480196966002,-52.35692449856051,969,18
85540,mangueirinha,PR,-25.9404743588618,-52.177877232512,2176,18
85550,coronel vivida,PR,-25.984865711694905,-52.5676007112975,1073,18
85555,palmas,PR,-26.4850104278347,-51.9900623503165,2625,18
85557,coronel domingos soares,PR,-26.223690950509,-52.0300007182353,1063,18
85560,chopinzinho,PR,-25.8547466378524,-52.529928364679,952,18
85565,sulina,PR,-25.6999121477169,-52.7206881334479,3754,18
85568,saudade do iguacu,PR,-25.6943233106504,-52.6188375060622,3644,18
85570,sao joao,PR,-25.8264840098082,-52.7283549330458,3463,18
85575,sao jorge d'oeste,PR,-25.705029613115,-52.9187403938726,3497,18
85580,itapejara d'oeste,PR,-25.9660774911448,-52.820236376938,1795,18
85585,vere,PR,-25.878242728454,-52.9125189764566,4032,18
85598,cruzeiro do iguacu,PR,-25.6009272268997,-53.1234831286722,1128,18
85601,francisco beltrao,PR,-26.080628132861296,-53.0535521745123,1381,18
85602,francisco beltrao,PR,-26.0688868963679,-53.068371495219296,1381,18
85603,francisco beltrao,PR,-26.0443056663763,-53.0637135521321,1381,18
85604,francisco beltrao,PR,-26.0647091620271,-53.0500299489759,1381,18
85605,francisco beltrao,PR,-26.0720070814451,-53.0407051708966,1381,18
85606,francisco beltrao,PR,-26.0358644268365,-53.0534380224312,1381,18
85610,renascenca,PR,-26.1578842584848,-52.9702679206808,3072,18
85615,marmeleiro,PR,-26.149735794237795,-53.0296672089846,2232,18
85618,flor da serra do sul,PR,-26.2558043079879,-53.305852647936,1341,18
85620,salgado filho,PR,-26.1742488808469,-53.3597413426753,3211,18
85628,manfrinopolis,PR,-26.1442223053797,-53.3097598298049,2173,18
85630,eneas marques,PR,-25.9452842462189,-53.16149692183,1251,18
85635,nova esperanca do sudoeste,PR,-25.8999837297174,-53.2615180083911,2479,18
85640,ampere,PR,-25.9198583167186,-53.47434392960831,160,18
85650,santa izabel do oeste,PR,-25.8137142410794,-53.4740523651229,3282,18
85660,dois vizinhos,PR,-25.7488542654221,-53.06008829226,1200,18
85670,salto do lontra,PR,-25.7838778326952,-53.307965263525,3225,18
85680,boa esperanca do iguacu,PR,-25.6358190469065,-53.2144753456601,484,18
85685,nova prata do iguacu,PR,-25.6357521108699,-53.34729247755231,2510,18
85700,barracao,PR,-26.2538235477141,-53.6338833807403,417,18
85708,bom jesus do sul,PR,-26.194806599274,-53.5986745204907,519,18
85710,santo antonio do sudoeste,PR,-26.0366452113341,-53.6799194757801,3388,18
85730,pranchita,PR,-26.0181569444329,-53.7395120325793,2979,18
85740,perola d'oeste,PR,-25.8275830604301,-53.7406720108974,2787,18
85750,planalto,PR,-25.721223176235,-53.7638271648769,2889,18
85760,capanema,PR,-25.6685727371328,-53.8037860527669,777,18
85770,realeza,PR,-25.769619047516205,-53.533983722676,3057,18
85780,boa vista da aparecida,PR,-25.4378854797608,-53.4087027313383,489,18
85790,capitao leonidas marques,PR,-25.4862826855999,-53.6024810906492,800,18
85794,alto alegre do iguacu,PR,-23.5428112798588,-52.289103575471,112,18
85795,santa lucia,PR,-25.4057146549075,-53.5670138648999,3285,18
85801,cascavel,PR,-24.9591842842922,-53.4626440000569,868,18
85802,cascavel,PR,-24.9664663599428,-53.4667297653158,868,18
85803,cascavel,PR,-24.9817095542623,-53.46092572034839,868,18
85804,cascavel,PR,-24.9864829858018,-53.4931971064703,868,18
85805,cascavel,PR,-24.964546191150202,-53.4848892180375,868,18
85806,cascavel,PR,-24.9601408851558,-53.50597433521191,868,18
85807,cascavel,PR,-24.9447143866316,-53.4903061884797,868,18
85808,cascavel,PR,-24.9513225917435,-53.5153396797506,868,18
85810,cascavel,PR,-24.9513832973419,-53.4668508380642,868,18
85811,cascavel,PR,-24.9406557215296,-53.4697999858976,868,18
85812,cascavel,PR,-24.9493591337954,-53.4479200011051,868,18
85813,cascavel,PR,-24.9368343244372,-53.4516150890689,868,18
85814,cascavel,PR,-24.9204926326753,-53.42806067954031,868,18
85815,cascavel,PR,-24.9340685450902,-53.4236814657713,868,18
85816,cascavel,PR,-24.9517554686558,-53.4251718149828,868,18
85817,cascavel,PR,-24.9422748451945,-53.4101408356715,868,18
85818,cascavel,PR,-24.9685300343121,-53.40636870389769,868,18
85819,cascavel,PR,-24.9775318347122,-53.4460444486587,868,18
85820,cascavel,PR,-24.9135937958491,-53.4508069630061,868,18
85822,sede alvorada,PR,-24.8269399999999,-53.6461099999999,3655,18
85825,santa tereza do oeste,PR,-25.0534357153962,-53.6196134357427,3324,18
85826,lindoeste,PR,-25.2676366114566,-53.5728565328503,2092,18
85830,formosa do oeste,PR,-24.296024477069196,-53.3145970174448,1365,18
85835,jesuitas,PR,-24.384143220079398,-53.3880356184246,1958,18
85840,ceu azul,PR,-25.1470878297164,-53.850096528766,930,18
85845,vera cruz do oeste,PR,-25.0613323427912,-53.8777998150351,4030,18
85851,foz do iguacu,PR,-25.541844711589402,-54.5848202040532,1375,18
85852,foz do iguacu,PR,-25.5393804517185,-54.575054534759296,1375,18
85853,foz do iguacu,PR,-25.5556930748864,-54.56363111015771,1375,18
85854,foz do iguacu,PR,-25.5683316045329,-54.5691562935889,1375,18
85855,foz do iguacu,PR,-25.5795202061261,-54.5668350834925,1375,18
85856,foz do iguacu,PR,-25.5404655567598,-54.5533302383521,1375,18
85857,foz do iguacu,PR,-25.5315574882722,-54.5561005752355,1375,18
85858,foz do iguacu,PR,-25.5271568711153,-54.5419326190777,1375,18
85859,foz do iguacu,PR,-25.5135002344916,-54.5348885690419,1375,18
85860,foz do iguacu,PR,-25.5010167791405,-54.5689211494015,1375,18
85861,foz do iguacu,PR,-25.5010256325521,-54.55781657411941,1375,18
85862,foz do iguacu,PR,-25.4883710064891,-54.521640728056,1375,18
85863,foz do iguacu,PR,-25.5241794176414,-54.5695481177793,1375,18
85864,foz do iguacu,PR,-25.5224979153044,-54.5844828500985,1375,18
85865,foz do iguacu,PR,-25.5112471943515,-54.5857413725573,1375,18
85866,foz do iguacu,PR,-25.4997525003927,-54.5745551542424,1375,18
85867,foz do iguacu,PR,-25.4754373733808,-54.5849954247724,1375,18
85868,foz do iguacu,PR,-25.4872193928861,-54.5763171115879,1375,18
85869,foz do iguacu,PR,-25.490651503913,-54.5573663793149,1375,18
85870,foz do iguacu,PR,-25.4541813607466,-54.5710849519672,1375,18
85875,santa terezinha de itaipu,PR,-25.4428621177466,-54.402764727764,3327,18
85877,sao miguel do iguacu,PR,-25.3536065992463,-54.2295059985494,3573,18
85880,itaipulandia,PR,-25.1479806293918,-54.3036514511552,1758,18
85884,medianeira,PR,-25.293201673341,-54.0951342189675,2273,18
85885,serranopolis do iguacu,PR,-25.4142550327864,-54.0410995526288,3696,18
85887,matelandia,PR,-25.1977818121018,-53.9076101513415,2248,18
85890,missal,PR,-25.0922809775909,-54.242205545113,2319,18
85892,santa helena,PR,-24.8674062589564,-54.3300188947207,3274,18
85896,diamante d'oeste,PR,-24.9426481900215,-54.1039967018611,1173,18
85900,toledo,PR,-24.728207522483604,-53.73992779190089,3865,18
85901,toledo,PR,-24.7368155084735,-53.740658993504006,3865,18
85902,toledo,PR,-24.733371009802,-53.7522373593852,3865,18
85903,toledo,PR,-24.718385807053,-53.7589626302857,3865,18
85904,toledo,PR,-24.7116735706588,-53.7476064813438,3865,18
85905,toledo,PR,-24.7129558425967,-53.7349577870358,3865,18
85906,toledo,PR,-24.7207824480859,-53.7204516008867,3865,18
85907,toledo,PR,-24.745335772056695,-53.7088928778725,3865,18
85908,toledo,PR,-24.7354877545343,-53.7073642381612,3865,18
85909,toledo,PR,-24.7392847395283,-53.7236122035797,3865,18
85910,toledo,PR,-24.7493263240296,-53.7254270746599,3865,18
85911,toledo,PR,-24.760472068314,-53.7333437258579,3865,18
85913,toledo,PR,-24.752049846171,-53.7427352834203,3865,18
85914,toledo,PR,-24.7452425821395,-53.7463057887961,3865,18
85926,vila nova,PR,-24.5763972903421,-53.8008235562695,4061,18
85929,sao pedro do iguacu,PR,-24.9140719349353,-53.8866499090725,3593,18
85930,nova santa rosa,PR,-24.4623801482806,-53.9565043232431,2518,18
85933,ouro verde do oeste,PR,-24.7737981049533,-53.9049962874319,2596,18
85935,assis chateaubriand,PR,-24.402021416487,-53.517404119708296,324,18
85940,quatro pontes,PR,-24.5715870817324,-53.9764697194862,3023,18
85945,tupassi,PR,-24.599052935525,-53.5087666201353,3922,18
85948,pato bragado,PR,-24.6258091408637,-54.2267308577521,2709,18
85950,palotina,PR,-24.285797204852802,-53.83767755670329,2638,18
85955,maripa,PR,-24.4213013463535,-53.82848894873441,2229,18
85960,marechal candido rondon,PR,-24.554525017898502,-54.0585249578667,2207,18
85980,guaira,PR,-24.0867445288967,-54.2511850140977,1483,18
85988,entre rios do oeste,PR,-24.7029664649459,-54.2374479974377,1260,18
85990,terra roxa,PR,-24.1680294472137,-54.097232311883296,3844,18
85998,mercedes,PR,-24.452002184845,-54.1677997679467,2280,18
86010,londrina,PR,-23.318127092647,-51.1571364228281,2100,18
86015,londrina,PR,-23.3292550976294,-51.1594408925179,2100,18
86020,londrina,PR,-23.3126010730463,-51.1671797460178,2100,18
86025,londrina,PR,-23.2980617240985,-51.1641415027278,2100,18
86026,londrina,PR,-23.311278572671004,-51.1570841106532,2100,18
86027,londrina,PR,-23.3018321258667,-51.1446760011221,2100,18
86030,londrina,PR,-23.2945305964556,-51.1292001549695,2100,18
86031,londrina,PR,-23.2839914308677,-51.1202614635143,2100,18
86035,londrina,PR,-23.3110834328634,-51.1349170562972,2100,18
86036,londrina,PR,-23.3170906391114,-51.127494008482394,2100,18
86037,londrina,PR,-23.3209584471304,-51.1127386390819,2100,18
86038,londrina,PR,-23.3274178134976,-51.1226989507603,2100,18
86039,londrina,PR,-23.3208211309202,-51.1417962349043,2100,18
86040,londrina,PR,-23.338993599490603,-51.1361861487117,2100,18
86041,londrina,PR,-23.35560135374,-51.1388060077713,2100,18
86042,londrina,PR,-23.36805920825,-51.1418165318299,2100,18
86045,londrina,PR,-23.3670756210823,-51.1573849568484,2100,18
86046,londrina,PR,-23.3478560689709,-51.1484142133477,2100,18
86047,londrina,PR,-23.3469657637559,-51.17165906258631,2100,18
86049,londrina,PR,-23.3715016142347,-51.1531395657025,2100,18
86050,londrina,PR,-23.3313368163953,-51.1772454543046,2100,18
86055,londrina,PR,-23.334429800170703,-51.18716562962759,2100,18
86056,londrina,PR,-23.3274522408187,-51.222502604912,2100,18
86058,londrina,PR,-23.3484885192288,-51.2070000558105,2100,18
86060,londrina,PR,-23.3124460473065,-51.1756661856971,2100,18
86061,londrina,PR,-23.3120514743602,-51.1796976722721,2100,18
86062,londrina,PR,-23.3056418738951,-51.186960940804,2100,18
86063,londrina,PR,-23.3117847235892,-51.1977003112533,2100,18
86065,londrina,PR,-23.3038686073633,-51.2031876555136,2100,18
86066,londrina,PR,-23.3134804448051,-51.2134117382105,2100,18
86070,londrina,PR,-23.2964265531846,-51.1818020288801,2100,18
86071,londrina,PR,-23.2928019117514,-51.1965027788577,2100,18
86072,londrina,PR,-23.286720088855095,-51.2052685017919,2100,18
86073,londrina,PR,-23.2815360714115,-51.1892455268182,2100,18
86076,londrina,PR,-23.2862542463216,-51.17928261753931,2100,18
86077,londrina,PR,-23.277567197757502,-51.166918117974,2100,18
86078,londrina,PR,-23.2772798564127,-51.1540943337338,2100,18
86079,londrina,PR,-23.2873432389644,-51.1553506522728,2100,18
86080,londrina,PR,-23.2762427249931,-51.1802045940099,2100,18
86081,londrina,PR,-23.2664062019199,-51.1856360098248,2100,18
86082,londrina,PR,-23.2577274144396,-51.1720222952908,2100,18
86083,londrina,PR,-23.2663332103407,-51.17058520666669,2100,18
86084,londrina,PR,-23.2673164076233,-51.159704403486,2100,18
86085,londrina,PR,-23.252543791973398,-51.1463461222881,2100,18
86086,londrina,PR,-23.2574266895355,-51.1381533388696,2100,18
86087,londrina,PR,-23.2740594849947,-51.1466627543804,2100,18
86088,londrina,PR,-23.2626244028363,-51.1463303077005,2100,18
86125,tamarana,PR,-23.724770743785,-51.0960552574855,3782,18
86130,bela vista do paraiso,PR,-22.9936234191797,-51.1975766799274,449,18
86140,primeiro de maio,PR,-22.8536469315544,-51.0273129045219,3001,18
86160,porecatu,PR,-22.7523960360517,-51.3794347993936,2930,18
86165,florestopolis,PR,-22.8665725632026,-51.39054299723049,1353,18
86170,sertanopolis,PR,-23.0590611509108,-51.0375416681787,3702,18
86181,cambe,PR,-23.2798362343676,-51.2835236101777,683,18
86182,cambe,PR,-23.2732745636596,-51.2816423330925,683,18
86183,cambe,PR,-23.273636063640698,-51.255456350034,683,18
86185,cambe,PR,-23.289125956311903,-51.24296972291571,683,18
86186,cambe,PR,-23.2965976521156,-51.2399447603582,683,18
86187,cambe,PR,-23.3052294871497,-51.2194376913816,683,18
86188,cambe,PR,-23.3076915482807,-51.226689981247,683,18
86191,cambe,PR,-23.2857528776341,-51.2636778498427,683,18
86192,cambe,PR,-23.285943981877,-51.2736397237104,683,18
86200,ibipora,PR,-23.2694351032793,-51.052940395400306,1584,18
86220,assai,PR,-23.3754512808815,-50.8458051020907,321,18
86225,santa cecilia do pavao,PR,-23.5184400856582,-50.7841909143651,3250,18
86230,nova america da colina,PR,-23.3312666832534,-50.7185421513492,2460,18
86240,sao sebastiao da amoreira,PR,-23.4650168169178,-50.7610404916385,3605,18
86250,nova santa barbara,PR,-23.5880551040235,-50.7629267350419,2516,18
86280,urai,PR,-23.202538129488,-50.7936521856658,3963,18
86290,rancho alegre,PR,-23.0717654869863,-50.91397510629,3050,18
86300,cornelio procopio,PR,-23.1811610772966,-50.6496078325192,1058,18
86310,nova fatima,PR,-23.433905336392,-50.5615609208051,2482,18
86320,congonhinhas,PR,-23.5535220438965,-50.5499236733353,1033,18
86330,leopolis,PR,-23.0792699035954,-50.7501520141722,2084,18
86350,santa mariana,PR,-23.1473777685676,-50.518982051133,3301,18
86360,bandeirantes,PR,-23.1118968629252,-50.3715513981529,376,18
86370,santa amelia,PR,-23.2675877380052,-50.428450186713,3239,18
86375,itambaraca,PR,-23.0175192406796,-50.4065879457525,1773,18
86380,andira,PR,-23.0482680662151,-50.2306200176987,171,18
86385,andira-pr,PR,-23.1127184290969,-50.175860427059,172,18
86390,cambara,PR,-23.0415470679845,-50.0752786784352,681,18
86400,jacarezinho,PR,-23.1583674284369,-49.9766213052592,1879,18
86410,ribeirao claro,PR,-23.196538915281,-49.7579289080518,3100,18
86420,carlopolis,PR,-23.4277146477915,-49.718156350452695,837,18
86430,santo antonio da platina,PR,-23.295140000273403,-50.0756432456021,3365,18
86450,quatigua,PR,-23.5674437758576,-49.9140597116478,3018,18
86455,joaquim tavora,PR,-23.5002125957929,-49.921801702661206,1978,18
86460,abatia,PR,-23.3045226986207,-50.310972433348205,9,18
86465,guapirama,PR,-23.5156849378153,-50.0434766470391,1495,18
86470,jundiai do sul,PR,-23.438049608633197,-50.2474363800026,2001,18
86480,conselheiro mairinck,PR,-23.623575885991,-50.1692756320779,1038,18
86490,ribeirao do pinhal,PR,-23.4095104175456,-50.3578767722649,3102,18
86600,rolandia,PR,-23.312476639241098,-51.365003473416,3177,18
86601,rolandia,PR,-23.3013096823242,-51.3634668990561,3177,18
86602,rolandia,PR,-23.3031063302211,-51.3919552347419,3177,18
86604,rolandia,PR,-23.3181477820577,-51.3916196412281,3177,18
86605,rolandia,PR,-23.3227151815681,-51.3705509796154,3177,18
86620,guaraci,PR,-22.9690283732579,-51.6481826546217,1501,18
86630,centenario do sul,PR,-22.8214087217328,-51.594977073961,913,18
86635,lupionopolis,PR,-22.754873288663,-51.6583038871947,2121,18
86640,cafeara,PR,-22.7903338120143,-51.7156003932948,643,18
86650,santo inacio,PR,-22.6935646196224,-51.7889621407594,3397,18
86670,itaguaje,PR,-22.617406657292,-51.9669509298448,1750,18
86680,nossa senhora das gracas,PR,-22.9140735177564,-51.7971810913462,2452,18
86690,colorado,PR,-22.837653869064905,-51.9734220454061,995,18
86695,alto alegre,PR,-22.8973883871993,-51.888509653563,111,18
86700,arapongas,PR,-23.4101862324063,-51.4353375191303,258,18
86701,arapongas,PR,-23.4091976641504,-51.4375871978028,258,18
86702,arapongas,PR,-23.3906065797474,-51.4466444690557,258,18
86703,arapongas,PR,-23.3931886412369,-51.4198849759305,258,18
86704,arapongas,PR,-23.3909927161953,-51.4171370032769,258,18
86705,arapongas,PR,-23.408572942829,-51.4229974761387,258,18
86706,arapongas,PR,-23.4279012256901,-51.4238854218093,258,18
86707,arapongas,PR,-23.4248203809728,-51.43366145589949,258,18
86708,arapongas,PR,-23.4148673724199,-51.4441199350955,258,18
86709,arapongas,PR,-23.4113463313012,-51.4569417596249,258,18
86710,arapongas,PR,-23.4189654102501,-51.4321970039767,258,18
86716,arapongas,PR,-23.3937054847819,-51.4244109748028,258,18
86720,sabaudia,PR,-23.321110220245,-51.5552023220196,3202,18
86730,astorga,PR,-23.2366734292988,-51.6679338722842,327,18
86750,iguaracu,PR,-23.200932073075695,-51.829492726307,1631,18
86755,angulo,PR,-23.193778863496203,-51.9162799634719,188,18
86760,munhoz de melo,PR,-23.1482683045235,-51.7740968465143,2407,18
86770,santa fe,PR,-23.0396284611536,-51.810761256770505,3268,18
86780,florida,PR,-23.0882236602377,-51.9550433570912,1356,18
86790,lobato,PR,-23.009977958697096,-51.95197225362491,2099,18
86800,apucarana,PR,-23.5544770806619,-51.4657560314413,224,18
86801,apucarana,PR,-23.5573576146863,-51.4868182463458,224,18
86802,apucarana,PR,-23.5694651901528,-51.46762547683911,224,18
86803,apucarana,PR,-23.532455338080997,-51.4563926361493,224,18
86804,apucarana,PR,-23.5406008014526,-51.45119611921,224,18
86805,apucarana,PR,-23.5403589709419,-51.4420990723575,224,18
86806,apucarana,PR,-23.5262922307894,-51.4337932203846,224,18
86807,apucarana,PR,-23.5464743910562,-51.4380036448196,224,18
86808,apucarana,PR,-23.55482663235,-51.4506956228126,224,18
86809,apucarana,PR,-23.5635896733102,-51.4546471478062,224,18
86810,apucarana,PR,-23.5695193107995,-51.4560179040982,224,18
86811,apucarana,PR,-23.5618131892345,-51.4432469675999,224,18
86812,apucarana,PR,-23.55392466167,-51.42889211783701,224,18
86813,apucarana,PR,-23.5708847314889,-51.4421049073579,224,18
86818,pirapo,PR,-23.5624891216819,-51.5195481744001,2858,18
86819,vila reis,PR,-23.6120345486542,-51.4084328710416,4064,18
86820,california,PR,-23.6655232353709,-51.356596684227,670,18
86825,marilandia do sul,PR,-23.7480059289722,-51.3040099140444,2221,18
86828,maua da serra,PR,-23.8996592031596,-51.2272976582189,2266,18
86840,faxinal,PR,-23.9987114345359,-51.323611356091,1313,18
86845,grandes rios,PR,-24.1508511627582,-51.4962355141593,1467,18
86850,rosario do ivai,PR,-24.2549120225643,-51.2514627519999,3190,18
86860,jardim alegre,PR,-24.180248628426,-51.690072466696,1931,18
86870,ivaipora,PR,-24.246396881737002,-51.670667629212595,1863,18
86890,cambira,PR,-23.6048888654481,-51.5790704527806,685,18
86895,novo itacolomi,PR,-23.765090555947,-51.5067042318602,2538,18
86900,jandaia do sul,PR,-23.6022350862389,-51.6440724837943,1910,18
86920,kalore,PR,-23.8286613023526,-51.6723173410246,2021,18
86925,borrazopolis,PR,-23.9403177487864,-51.58518050497,541,18
86930,sao joao do ivai,PR,-23.9931052064444,-51.8194654307868,3479,18
86935,lunardelli,PR,-24.0783227988354,-51.7431588984361,2119,18
86938,godoy moreira,PR,-24.1944170064855,-51.9247673245978,1436,18
86940,bom sucesso,PR,-23.7092914850411,-51.767830964104,526,18
86945,sao pedro do ivai,PR,-23.892705499636104,-51.8148159014182,3594,18
86950,fenix,PR,-23.9158172141988,-51.9792193680193,1328,18
86960,barbosa ferraz,PR,-24.0274351444816,-52.009024023193,390,18
86970,corumbatai do sul,PR,-24.1010291211057,-52.1170972533126,1085,18
86975,mandaguari,PR,-23.5221165893818,-51.6776633579356,2170,18
86990,marialva,PR,-23.4839243403523,-51.79990910433,2212,18
87005,maringa,PR,-23.4417407591373,-51.9274915819164,2225,18
87010,maringa,PR,-23.4384989358883,-51.9351892488709,2225,18
87013,maringa,PR,-23.422486463916304,-51.9384050878884,2225,18
87014,maringa,PR,-23.4288026535571,-51.94819436139041,2225,18
87015,maringa,PR,-23.4283197606761,-51.958334212668696,2225,18
87020,maringa,PR,-23.4129143061859,-51.94203814434721,2225,18
87023,maringa,PR,-23.3912331458943,-51.9352918484036,2225,18
87024,maringa,PR,-23.3701950019406,-51.944212320497,2225,18
87025,maringa,PR,-23.3824720939667,-51.9279664896698,2225,18
87030,maringa,PR,-23.4137700217733,-51.9270698955001,2225,18
87033,maringa,PR,-23.4005092401961,-51.9183773269412,2225,18
87035,maringa,PR,-23.387797682667,-51.9089307381297,2225,18
87040,maringa,PR,-23.4137429095007,-51.9075432913087,2225,18
87043,maringa,PR,-23.4012675138188,-51.8943330478444,2225,18
87045,maringa,PR,-23.424138859333,-51.8956858570748,2225,18
87047,maringa,PR,-23.414432773281195,-51.88601798709869,2225,18
87050,maringa,PR,-23.4311306053728,-51.9182353193355,2225,18
87053,maringa,PR,-23.4584085617395,-51.9196628063218,2225,18
87055,maringa,PR,-23.4514715846872,-51.9056211002307,2225,18
87060,maringa,PR,-23.4490397567964,-51.9534230544806,2225,18
87065,maringa,PR,-23.4450686296648,-51.9771308204789,2225,18
87070,maringa,PR,-23.412891548345602,-51.98024958034889,2225,18
87075,maringa,PR,-23.3956072678043,-51.97479745603939,2225,18
87080,maringa,PR,-23.4074015549792,-51.9584230829615,2225,18
87083,maringa,PR,-23.387644893671,-51.9551937045818,2225,18
87103,maringa,PR,-23.3808599859858,-52.0515932617788,2225,18
87111,sarandi,PR,-23.4480412646134,-51.869960318427,3635,18
87112,sarandi,PR,-23.4554512328348,-51.8766794074123,3635,18
87113,sarandi,PR,-23.4324045599861,-51.87363226151731,3635,18
87114,sarandi,PR,-23.4334504863514,-51.866702811156,3635,18
87118,sarandi,PR,-23.4379548842873,-51.8766262557303,3635,18
87120,floresta,PR,-23.6143740684257,-52.082794433928,1350,18
87140,paicandu,PR,-23.4568209400596,-52.0399054971054,2612,18
87145,paicandu,PR,-23.5018056878349,-52.1509259196764,2612,18
87155,doutor camargo,PR,-23.5546796822406,-52.2184883615988,1223,18
87160,mandaguacu,PR,-23.3449559121992,-52.09904825765629,2169,18
87170,ourizona,PR,-23.4046324354876,-52.1935518031995,2587,18
87175,itambe,PR,-23.6586607542641,-51.9911292906232,1774,18
87185,florai,PR,-23.3188096144272,-52.3052557033245,1343,18
87190,sao jorge do ivai,PR,-23.4342548751448,-52.2922621992439,3498,18
87200,cianorte,PR,-23.655985963156596,-52.60966603538311,956,18
87201,cianorte,PR,-23.6463165385678,-52.6153767688629,956,18
87202,cianorte,PR,-23.6508786046564,-52.6287036175087,956,18
87203,cianorte,PR,-23.6563479551579,-52.6285397302554,956,18
87205,cianorte,PR,-23.6718718507258,-52.6338365552862,956,18
87207,cianorte,PR,-23.674233347581104,-52.6218007461691,956,18
87208,cianorte,PR,-23.6717258340504,-52.6087534459271,956,18
87209,cianorte,PR,-23.6644475760041,-52.596343074353896,956,18
87210,cianorte,PR,-23.6579236945433,-52.5899304358627,956,18
87220,sao tome,PR,-23.535477037314,-52.589335208273,3621,18
87225,japura,PR,-23.4719362103012,-52.55552269435189,1923,18
87230,jussara,PR,-23.6227480950032,-52.4701183751283,2015,18
87235,indianopolis,PR,-23.4794783313223,-52.6974417767381,1662,18
87240,terra boa,PR,-23.7718583506508,-52.448328002715,3839,18
87250,peabiru,PR,-23.9162446744498,-52.3448382013112,2735,18
87260,araruna,PR,-23.9294957289667,-52.5006491909711,273,18
87265,quinta do sol,PR,-23.8500518372807,-52.1321248625398,3036,18
87280,iretama,PR,-24.4099375844082,-52.100757963733,1723,18
87290,luiziana,PR,-24.2842885149744,-52.2767681817877,2115,18
87300,campo mourao,PR,-24.0412189258922,-52.3716541083955,729,18
87301,campo mourao,PR,-24.0494275380721,-52.376568548583,729,18
87302,campo mourao,PR,-24.0430103207425,-52.38609136128859,729,18
87303,campo mourao,PR,-24.0340784886796,-52.3756413258267,729,18
87305,campo mourao,PR,-24.0485848672451,-52.3998484666302,729,18
87306,campo mourao,PR,-24.0538757910365,-52.4146911315601,729,18
87308,campo mourao,PR,-24.0247803305631,-52.3720582031234,729,18
87309,campo mourao,PR,-24.0212266145099,-52.3607973864599,729,18
87310,campo mourao,PR,-24.0166900722764,-52.353175611403,729,18
87320,roncador,PR,-24.5938674320829,-52.2779908643927,3182,18
87325,farol,PR,-24.0952314286264,-52.6232418770792,1308,18
87330,nova cantu,PR,-24.672358123647,-52.5705626135707,2472,18
87340,mambore,PR,-24.3142515073681,-52.5291131371975,2165,18
87345,campina da lagoa,PR,-24.592411606579,-52.8041532009413,698,18
87355,juranda,PR,-24.419267773158,-52.8454951753832,2007,18
87357,rio verde,PR,-24.4746129537743,-52.8777589812208,3165,18
87360,goioere,PR,-24.1859362552967,-53.0256286041774,1449,18
87370,moreira sales,PR,-24.0515479757003,-53.0063729676231,2378,18
87380,janiopolis,PR,-24.137654185687904,-52.783200444253,1914,18
87390,boa esperanca,PR,-24.2430491897492,-52.7869600615957,483,18
87395,rancho alegre d'oeste,PR,-24.30523188051,-52.9570880910851,3051,18
87400,cruzeiro do oeste,PR,-23.8021456438077,-53.0296947437065,1129,18
87430,tapejara,PR,-23.7341268464547,-52.8661341386702,3793,18
87470,mariluz,PR,-24.0099644762013,-53.151319141759,2224,18
87485,douradina,PR,-23.3830323376973,-53.2914549929298,1220,18
87501,umuarama,PR,-23.7627709702043,-53.3103140146488,3951,18
87502,umuarama,PR,-23.7594155709848,-53.2927837009001,3951,18
87503,umuarama,PR,-23.7675592741398,-53.3208779964624,3951,18
87504,umuarama,PR,-23.751737598100398,-53.3007295852669,3951,18
87505,umuarama,PR,-23.7703038826882,-53.2939964443431,3951,18
87506,umuarama,PR,-23.7810967546219,-53.3182877948821,3951,18
87508,umuarama,PR,-23.7779822700253,-53.3290313791573,3951,18
87509,umuarama,PR,-23.742591437195,-53.3189235155865,3951,18
87518,serra dos dourados,PR,-23.6195354256009,-53.3821206819597,3687,18
87525,ivate,PR,-23.4071962861798,-53.36950078552619,1864,18
87528,alto paraiso,PR,-23.5067866760666,-53.7291381990398,122,18
87530,icaraima,PR,-23.3931629426353,-53.6195026966165,1607,18
87535,xambre,PR,-23.7332246765301,-53.5018925562315,4100,18
87538,perobal,PR,-23.8948468095596,-53.4075293210806,2785,18
87540,perola,PR,-23.8030958787534,-53.6815508743569,2786,18
87550,altonia,PR,-23.872113354531496,-53.8936549393205,131,18
87555,sao jorge do patrocinio,PR,-23.7638884618278,-53.8791685420434,3500,18
87560,ipora,PR,-24.0045402332364,-53.7090067490237,1699,18
87580,alto piquiri,PR,-24.0322676226408,-53.4398574675715,126,18
87600,nova esperanca,PR,-23.1853871913874,-52.2042237187144,2477,18
87660,paranacity,PR,-22.9310234812328,-52.1536303604914,2669,18
87670,inaja,PR,-22.7512084400697,-52.1983238,1656,18
87680,paranapoema,PR,-22.6568360691173,-52.0836486765685,2675,18
87690,jardim olinda,PR,-22.5525766134557,-52.0375459669404,1934,18
87701,paranavai,PR,-23.0850894195294,-52.4628751574055,2678,18
87702,paranavai,PR,-23.0788379034145,-52.4647318679761,2678,18
87703,paranavai,PR,-23.0659747097956,-52.46455095283541,2678,18
87704,paranavai,PR,-23.077166435089,-52.457232302435095,2678,18
87705,paranavai,PR,-23.0810550187079,-52.4534495321493,2678,18
87706,paranavai,PR,-23.0795112278234,-52.4420573551079,2678,18
87707,paranavai,PR,-23.0862041552967,-52.446643260837,2678,18
87708,paranavai,PR,-23.0920345400747,-52.4546262232774,2678,18
87709,paranavai,PR,-23.080020081590003,-52.4607898780335,2678,18
87710,paranavai,PR,-23.0973656590392,-52.479188094114,2678,18
87711,paranavai,PR,-23.0966830141069,-52.46585884284859,2678,18
87720,paranavai,PR,-23.0699886201308,-52.4158589612163,2678,18
87730,santo antonio do caiua,PR,-22.7390964436237,-52.3460189226498,3374,18
87750,alto parana,PR,-23.1303490045672,-52.3203048715812,124,18
87760,tamboara,PR,-23.1995629091068,-52.4995393701854,3784,18
87770,sao carlos do ivai,PR,-23.3167373458654,-52.4771503061773,3421,18
87780,paraiso do norte,PR,-23.283475744802,-52.6040010283958,2661,18
87800,rondon,PR,-23.4174719084596,-52.7726761504766,3184,18
87820,cidade gaucha,PR,-23.3826158556716,-52.9408617461347,958,18
87850,amapora,PR,-23.0949971618551,-52.786735159006,146,18
87860,planaltina do parana,PR,-23.0221271061022,-52.9201345618074,2887,18
87880,guairaca,PR,-22.9386660760141,-52.6873491382305,1484,18
87890,terra rica,PR,-22.7248240862159,-52.6225934738796,3843,18
87895,adhemar de barros,PR,-22.6940085562222,-52.7197073050395,26,18
87900,loanda,PR,-22.929383785209303,-53.1358725942702,2098,18
87910,santa isabel do ivai,PR,-23.0051874306444,-53.1945016701045,3279,18
87915,santa monica,PR,-23.1376765386735,-53.1045885613951,3303,18
87920,santa cruz de monte castelo,PR,-22.958149772717,-53.2948509570036,3259,18
87930,querencia do norte,PR,-23.0848482217295,-53.4845388148593,3031,18
87950,porto rico,PR,-22.7750710756072,-53.2678403728461,2955,18
87960,marilena,PR,-22.7372458082445,-53.033343376758,2222,18
87970,nova londrina,PR,-22.7634966004577,-52.988298484871,2496,18
87990,diamante do norte,PR,-22.6589149773293,-52.8644899304104,1174,18
88010,florianopolis,SC,-27.5928834415043,-48.5524710541927,1355,24
88015,florianopolis,SC,-27.5898674659633,-48.5511529652095,1355,24
88020,florianopolis,SC,-27.593757745225496,-48.5443137573119,1355,24
88021,florianopolis,SC,-27.611989120149,-48.5446690306189,1355,24
88025,florianopolis,SC,-27.5776336186266,-48.5354829909548,1355,24
88030,florianopolis,SC,-27.5636012228365,-48.5135576040153,1355,24
88032,florianopolis,SC,-27.5283671159746,-48.4919137137821,1355,24
88034,florianopolis,SC,-27.5840021502717,-48.501678766329,1355,24
88035,florianopolis,SC,-27.5911410182673,-48.5091766079777,1355,24
88036,florianopolis,SC,-27.5893168824527,-48.5224681414624,1355,24
88037,florianopolis,SC,-27.600182562331,-48.50691625507,1355,24
88040,florianopolis,SC,-27.6038311633913,-48.5235626415509,1355,24
88045,florianopolis,SC,-27.6081670740309,-48.5335871582934,1355,24
88047,florianopolis,SC,-27.6536014949942,-48.5309347947494,1355,24
88048,florianopolis,SC,-27.6526083852278,-48.4824569144609,1355,24
88049,florianopolis,SC,-27.6856847319337,-48.56035942714501,1355,24
88050,florianopolis,SC,-27.5183763811117,-48.5162770076532,1355,24
88051,florianopolis,SC,-27.4909619775482,-48.5276962856438,1355,24
88052,florianopolis,SC,-27.4760434308788,-48.4608822918379,1355,24
88053,florianopolis,SC,-27.4432133147994,-48.4983284923935,1355,24
88054,florianopolis,SC,-27.4326858447536,-48.4658574045902,1355,24
88056,florianopolis,SC,-27.4198423877185,-48.4264663954267,1355,24
88058,florianopolis,SC,-27.442895407783297,-48.401481106876304,1355,24
88060,florianopolis,SC,-27.4886580102033,-48.4149788391483,1355,24
88061,florianopolis,SC,-27.5810846171855,-48.4311360082677,1355,24
88062,florianopolis,SC,-27.6081916519607,-48.4707049019059,1355,24
88063,florianopolis,SC,-27.6816878219165,-48.4907735166623,1355,24
88064,florianopolis,SC,-27.7244727502394,-48.5418846305543,1355,24
88065,florianopolis,SC,-27.6811145745889,-48.5064594104949,1355,24
88066,florianopolis,SC,-27.7252823172401,-48.5065472265242,1355,24
88067,florianopolis,SC,-27.780401912728696,-48.5214700490402,1355,24
88070,florianopolis,SC,-27.5914707784858,-48.5831567158311,1355,24
88075,florianopolis,SC,-27.5854860274867,-48.5798901266231,1355,24
88080,florianopolis,SC,-27.6076586118708,-48.5809999033223,1355,24
88085,florianopolis,SC,-27.6065730453959,-48.592712089751394,1355,24
88090,florianopolis,SC,-27.592213711847204,-48.595468817435,1355,24
88095,florianopolis,SC,-27.5819708406292,-48.59476151795881,1355,24
88101,sao jose,SC,-27.5952324301484,-48.6175923375933,3501,24
88102,sao jose,SC,-27.595808214718804,-48.6161971142936,3501,24
88103,sao jose,SC,-27.6092820583189,-48.629095039647,3501,24
88104,sao jose,SC,-27.6211244785887,-48.6399888480381,3501,24
88106,sao jose,SC,-27.6021917048198,-48.6424270379329,3501,24
88107,sao jose,SC,-27.5822191259197,-48.6665819836296,3501,24
88108,sao jose,SC,-27.5906267455074,-48.623854334853,3501,24
88110,sao jose,SC,-27.575192700181,-48.6183102321593,3501,24
88111,sao jose,SC,-27.5663375801054,-48.6254662024828,3501,24
88113,sao jose,SC,-27.5580238128675,-48.6317248457685,3501,24
88115,sao jose,SC,-27.5428797113886,-48.6334261451737,3501,24
88117,sao jose,SC,-27.579217338674,-48.6075933498273,3501,24
88119,sao jose,SC,-27.5753512115134,-48.6461167889789,3501,24
88122,sao jose,SC,-27.5993055492293,-48.6831327702591,3501,24
88123,sao jose,SC,-27.5831256491971,-48.7160774353486,3501,24
88125,sao pedro de alcantara,SC,-27.5680587360355,-48.7775192137867,3591,24
88130,palhoca,SC,-27.6365395737127,-48.6554893182433,2619,24
88131,palhoca,SC,-27.6568528778542,-48.6665884099439,2619,24
88132,palhoca,SC,-27.6468928467819,-48.6805450448732,2619,24
88133,palhoca,SC,-27.6293945425146,-48.6644838873734,2619,24
88134,palhoca,SC,-27.6795443144621,-48.6506538466046,2619,24
88135,palhoca,SC,-27.6781985450395,-48.6870968164642,2619,24
88136,palhoca,SC,-27.6408275488786,-48.709477713256,2619,24
88137,palhoca,SC,-27.6564209493743,-48.6658397392181,2619,24
88138,palhoca,SC,-27.753926417441896,-48.6334941643182,2619,24
88139,palhoca,SC,-27.8855436842484,-48.5907141010789,2619,24
88140,santo amaro da imperatriz,SC,-27.6874146072558,-48.77188913727161,3355,24
88150,aguas mornas,SC,-27.7010334596543,-48.838209559936,59,24
88160,biguacu,SC,-27.507170237197695,-48.6448826533719,476,24
88161,biguacu,SC,-27.5130757916768,-48.6533217185867,476,24
88164,biguacu,SC,-27.4932310375599,-48.6640265421757,476,24
88165,biguacu,SC,-27.4754713877825,-48.6624686136881,476,24
88180,antonio carlos,SC,-27.51664988117,-48.7688494389669,201,24
88190,governador celso ramos,SC,-27.343367382282604,-48.553330350899806,1455,24
88200,tijucas,SC,-27.2392489091029,-48.6370669212183,3850,24
88210,porto belo,SC,-27.1572816687661,-48.57004704358,2941,24
88215,bombinhas,SC,-27.1565725303349,-48.5032037858978,527,24
88220,itapema,SC,-27.104775732473996,-48.6222962013712,1796,24
88230,canelinha,SC,-27.2657016461223,-48.7680176369269,764,24
88240,sao joao batista,SC,-27.2788498231358,-48.8512149046297,3464,24
88270,nova trento,SC,-27.2829994436318,-48.9307729477636,2522,24
88295,botuvera,SC,-27.2008220280304,-49.0783736585337,547,24
88301,itajai,SP,-26.9118768802588,-48.6563941100117,1762,26
88302,itajai,SC,-26.9173477009245,-48.6598559347151,1762,24
88303,itajai,SC,-26.9125738298131,-48.6739797481343,1762,24
88304,itajai,SC,-26.902953361410095,-48.6774343347383,1762,24
88305,itajai,SC,-26.8933299620078,-48.675904107819,1762,24
88306,itajai,SC,-26.939351585462497,-48.6393678435165,1762,24
88307,itajai,SC,-26.9257113182551,-48.6787937570088,1762,24
88308,itajai,SC,-26.9232533247896,-48.6958410767945,1762,24
88309,itajai,SC,-26.9039248102636,-48.6930495208609,1762,24
88310,itajai,SC,-26.8926373424959,-48.6983381435168,1762,24
88311,itajai,SC,-26.884074363503,-48.7058280130017,1762,24
88316,itajai,SC,-26.9437493407865,-48.721635896755,1762,24
88317,itajai,SC,-26.889239853015404,-48.7386808384952,1762,24
88320,ilhota,SC,-26.9025491413565,-48.8250910244554,1642,24
88330,balneario camboriu,SC,-26.9927042867725,-48.632151504897095,363,24
88331,balneario camboriu,SC,-26.9671839748023,-48.6357261807507,363,24
88332,balneario camboriu,SC,-27.014997010187404,-48.6053926011302,363,24
88333,balneario camboriu,SC,-28.08118637386,-49.0809688826753,363,24
88334,balneario camboriu,SC,-27.0510868253472,-48.5943510395527,363,24
88336,balneario camboriu,SC,-27.02283908067,-48.6148203079697,363,24
88337,balneario camboriu,SC,-27.0067025158672,-48.6362656262273,363,24
88338,balneario camboriu,SC,-26.9767072372194,-48.6445380631926,363,24
88339,balneario camboriu,SC,-26.9370398611791,-48.6453168186658,363,24
88340,camboriu,SC,-27.0236238548135,-48.64826262904149,686,24
88341,camboriu,SC,-27.0344647402716,-48.6511099908956,686,24
88343,camboriu,SC,-27.0377785894125,-48.6387330025611,686,24
88345,camboriu,SC,-27.0308488566622,-48.6620818049691,686,24
88348,camboriu,SC,-27.001829320433597,-48.6580613387369,686,24
88350,brusque,SC,-27.105724111171,-48.9333182253323,584,24
88351,brusque,SC,-27.085078646516,-48.9177557024922,584,24
88352,brusque,SC,-27.0766168667286,-48.89319473283279,584,24
88353,brusque,SC,-27.1210525407061,-48.911976159442,584,24
88354,brusque,SC,-27.1096725977464,-48.92661183682271,584,24
88355,brusque,SC,-27.0677304841134,-48.90591292826641,584,24
88356,brusque,SC,-27.074087856523402,-48.862525126566,584,24
88357,brusque,SC,-27.1523453958194,-48.8966345688028,584,24
88358,brusque,SC,-27.1569776915393,-48.933858529676,584,24
88359,brusque,SC,-27.1477922340661,-48.9579179779966,584,24
88360,guabiruba,SC,-27.0885987515992,-48.9795980594701,1477,24
88370,navegantes,SC,-26.890665854149603,-48.6553283870939,2431,24
88371,navegantes,SC,-26.8706335502953,-48.6830307276019,2431,24
88372,navegantes,SC,-26.8434312192707,-48.634915665362,2431,24
88374,navegantes,SC,-26.796065057113,-48.7562893906117,2431,24
88380,balneario picarras,SC,-26.760771390660402,-48.6819097817477,365,24
88385,penha,SC,-26.7908326606595,-48.6312427448888,2772,24
88390,barra velha,SC,-26.6609701502667,-48.6919533173178,416,24
88400,ituporanga,SC,-27.4172065261721,-49.5990465372085,1857,24
88407,chapadao do lageado,SC,-27.5896920336842,-49.5506967739638,941,24
88410,atalanta,SC,-27.4213212555076,-49.7829500347622,329,24
88420,agrolandia,SC,-27.4082620676809,-49.8300826670133,35,24
88430,petrolandia,SC,-27.5233302837108,-49.6872818744206,2792,24
88440,imbuia,SC,-27.4887326980811,-49.422243993002,1651,24
88445,leoberto leal,SC,-27.5082981925268,-49.2897902339691,2081,24
88450,alfredo wagner,SC,-27.7001386332093,-49.3315744234149,91,24
88460,angelina,SC,-27.582060072304,-48.9843866401393,181,24
88470,rancho queimado,SC,-27.6726536289492,-49.0220322360167,3052,24
88475,anitapolis,SC,-27.9041060112012,-49.1285501780672,195,24
88485,sao bonifacio,SC,-27.8956158498935,-48.9310007942677,3415,24
88490,paulo lopes,SC,-27.9786654922882,-48.6827176081133,2733,24
88495,garopaba,SC,-28.0387376788129,-48.6314633279986,1412,24
88501,lages,SC,-27.817723746082496,-50.3307522554447,2025,24
88502,lages,SC,-27.8147551875843,-50.3239918125771,2025,24
88503,lages,SC,-27.8266051950975,-50.3279746265741,2025,24
88504,lages,SC,-27.8218031511203,-50.3435993260633,2025,24
88505,lages,SC,-27.808938646825,-50.3446658695279,2025,24
88506,lages,SC,-27.8013773508457,-50.3338311953114,2025,24
88508,lages,SC,-27.805197638629103,-50.3139122886061,2025,24
88509,lages,SC,-27.817442180258503,-50.3105435101117,2025,24
88511,lages,SC,-27.8302573869267,-50.3150541515522,2025,24
88512,lages,SC,-27.838210057446,-50.3416891571078,2025,24
88516,lages,SC,-27.8035720665906,-50.3697507099431,2025,24
88519,lages,SC,-27.783528609955,-50.3132008461341,2025,24
88520,lages,SC,-27.7947539146479,-50.3042301817513,2025,24
88523,lages,SC,-27.8055361710254,-50.3043237895008,2025,24
88524,lages,SC,-27.7969418242274,-50.2854577557618,2025,24
88526,lages,SC,-27.8268462192948,-50.3069368931511,2025,24
88535,correia pinto,SC,-27.5841609588315,-50.36622459794291,1076,24
88540,otacilio costa,SC,-27.498995619501095,-50.1162471313041,2582,24
88545,palmeira,SC,-27.5735690450137,-50.1558649225837,2626,24
88570,sao jose do cerrito,SC,-27.6591088642288,-50.5849536102295,3518,24
88585,cerro negro,SC,-27.7967574998738,-50.873106458951,928,24
88590,anita garibaldi,SC,-27.687250757458695,-51.1283679667687,194,24
88598,celso ramos,SC,-27.6332020516708,-51.3372396015348,911,24
88600,sao joaquim,SC,-28.2891866878622,-49.9341007533114,3492,24
88650,urubici,SC,-28.0021670740219,-49.5868579129017,3971,24
88658,rio rufino,SC,-27.8632941009653,-49.7821235598792,3163,24
88680,bom retiro,SC,-27.7983576103836,-49.4885730812001,524,24
88701,tubarao,SC,-28.4871496799286,-49.0091500473661,3906,24
88702,tubarao,SC,-28.4908427541057,-49.0256711650605,3906,24
88703,tubarao,SC,-28.532301341230596,-49.0567525620205,3906,24
88704,tubarao,SC,-28.475921543742604,-49.0117286467075,3906,24
88705,tubarao,SC,-28.4788784716308,-48.9958786108337,3906,24
88706,tubarao,SC,-28.4828239263781,-48.9839821502087,3906,24
88708,tubarao,SC,-28.462874883999397,-49.0265280404277,3906,24
88715,jaguaruna,SC,-28.6339209873577,-49.0241574743629,1901,24
88717,sangao,SC,-28.659567394203396,-49.1126911263064,3235,24
88730,sao ludgero,SC,-28.3293817127717,-49.1766448346596,3547,24
88735,gravatal,SC,-28.3285252610189,-49.0499501724188,1473,24
88740,armazem,SC,-28.2597656610127,-49.0177600941903,300,24
88745,capivari de baixo,SC,-28.4436365884359,-48.9565404150862,804,24
88750,braco do norte,SC,-28.2743049454344,-49.1652117268602,548,24
88760,rio fortuna,SC,-28.135229936969,-49.1131064384443,3145,24
88763,santa rosa de lima,SC,-28.0378996558407,-49.1300201291366,3318,24
88765,sao martinho,SC,-28.1660152026531,-48.9782865676638,3558,24
88780,imbituba,SC,-28.231882617674696,-48.67933195388161,1649,24
88790,laguna,SC,-28.4757285760097,-48.7846592610305,2054,24
88801,criciuma,SC,-28.676778989638,-49.3694309265739,1103,24
88802,criciuma,SC,-28.682934818240096,-49.3702175810254,1103,24
88803,criciuma,SC,-28.695105316357104,-49.3733839166374,1103,24
88804,criciuma,SC,-28.6912114737541,-49.3870547195682,1103,24
88805,criciuma,SC,-28.698489576567,-49.4039972199575,1103,24
88806,criciuma,SC,-28.6962750821163,-49.4294629763352,1103,24
88809,criciuma,SC,-28.6814317339235,-49.3880989588959,1103,24
88810,criciuma,SC,-28.6665172362452,-49.3836442850199,1103,24
88811,criciuma,SC,-28.6719220831344,-49.3609469311595,1103,24
88812,criciuma,SC,-28.7661776405198,-49.3533888744225,1103,24
88813,criciuma,SC,-28.6780336895935,-49.3388352808404,1103,24
88815,criciuma,SC,-28.6920311545647,-49.3476257956217,1103,24
88816,criciuma,SC,-28.7174174143688,-49.3553179927331,1103,24
88817,criciuma,SC,-28.6738503060691,-49.4158488401435,1103,24
88818,criciuma,SC,-28.6607511143399,-49.4241614450612,1103,24
88819,criciuma,SC,-28.64503806015,-49.4347875199869,1103,24
88820,icara,SC,-28.715980124328105,-49.2996513763299,1605,24
88828,balneario rincao,SC,-28.827613789684097,-49.23380837183439,367,24
88830,morro da fumaca,SC,-28.6514614110454,-49.2109577177909,2385,24
88840,urussanga,SC,-28.523681116023603,-49.3184374684407,3982,24
88845,cocal do sul,SC,-28.598869452541,-49.3252410380798,974,24
88850,forquilhinha,SC,-28.7531386883451,-49.4753926698994,1370,24
88860,sideropolis,SC,-28.6001040156302,-49.4266588499472,3712,24
88862,treviso,SC,-28.5075636224194,-49.4596058570747,3899,24
88865,nova veneza,SC,-28.653457526883,-49.4995338077133,2525,24
88868,nossa senhora de caravaggio,SC,-25.7791464177761,-48.2600640908719,2453,24
88870,orleans,SC,-28.3575067937627,-49.288673597165,2572,24
88880,lauro muller,SC,-28.3882443598987,-49.4072379616343,2071,24
88890,grao para,SC,-28.1843836855392,-49.2161866202459,1470,24
88900,ararangua,SC,-28.9357328768253,-49.4808694437798,265,24
88901,ararangua,SC,-28.944044468843696,-49.4991834060766,265,24
88904,ararangua,SC,-28.9531228188373,-49.499396948248,265,24
88905,ararangua,SC,-28.9458637310812,-49.483796476170106,265,24
88906,ararangua,SC,-28.9390090745981,-49.46717344799399,265,24
88914,balneario arroio do silva,SC,-28.9874172849675,-49.4182414820064,361,24
88915,maracana,SC,-28.8599926106128,-49.4515208253277,2193,24
88920,meleiro,SC,-28.8346398818065,-49.6318174715064,2276,24
88925,morro grande,SC,-28.8034206268861,-49.7147549639307,2391,24
88930,turvo,SC,-28.9274393077833,-49.6786377514996,3928,24
88940,timbe do sul,SC,-28.832065716468104,-49.8460268974387,3852,24
88950,jacinto machado,SC,-28.9990849657167,-49.7617564105302,1884,24
88955,balneario gaivota,SC,-29.1623630852697,-49.5932496644211,364,24
88960,sombrio,SC,-29.1084652529645,-49.6352320312182,3743,24
88965,santa rosa do sul,SC,-29.1364150398868,-49.717298615503,3320,24
88970,sao joao do sul,SC,-29.2096315170328,-49.8010204722732,3487,24
88980,passo de torres,SC,-29.3153052559587,-49.7209615052275,2703,24
88990,praia grande,SC,-29.1959725063816,-49.9509688295816,2977,24
89010,blumenau,SC,-26.9222776194021,-49.0657826421132,482,24
89012,blumenau,SC,-26.9100580487281,-49.0745019365563,482,24
89015,blumenau,SC,-26.9106453136653,-49.0431662755775,482,24
89021,blumenau,SC,-26.9378052658105,-49.0638446187409,482,24
89022,blumenau,SC,-26.9475725783798,-49.0707263941181,482,24
89023,blumenau,SC,-26.9499426876347,-49.0769250005079,482,24
89025,blumenau,SC,-26.9669555261397,-49.058115749027,482,24
89026,blumenau,SC,-26.9688800898251,-49.0828050874684,482,24
89027,blumenau,SC,-26.9936053536608,-49.0861382595324,482,24
89030,blumenau,SC,-26.896594365249896,-49.08294434567541,482,24
89031,blumenau,SC,-26.8889548635619,-49.102104535762194,482,24
89032,blumenau,SC,-26.9021403598085,-49.1366848731479,482,24
89035,blumenau,SC,-26.905042374995602,-49.0887664879501,482,24
89036,blumenau,SC,-26.9182168346561,-49.093953751529,482,24
89037,blumenau,SC,-26.905159352746303,-49.1006137702935,482,24
89040,blumenau,SC,-26.9215799991401,-49.1221624676296,482,24
89041,blumenau,SC,-26.914469334728,-49.1122632344203,482,24
89042,blumenau,SC,-26.9116742709861,-49.13065214456591,482,24
89045,blumenau,SC,-26.9324920261787,-49.1190648484696,482,24
89046,blumenau,SC,-26.932024747628496,-49.1420287508459,482,24
89050,blumenau,SC,-26.912001685891,-49.058185062564,482,24
89051,blumenau,SC,-26.8995530456599,-49.0597736574246,482,24
89052,blumenau,SC,-26.8910217585689,-49.073742459045,482,24
89053,blumenau,SC,-26.8772982839867,-49.08144585881,482,24
89055,blumenau,SC,-26.8809976581463,-49.0618580471831,482,24
89056,blumenau,SC,-26.8721935182024,-49.0699344716054,482,24
89057,blumenau,SC,-26.8702422623296,-49.0567479558571,482,24
89058,blumenau,SC,-26.8575212797114,-49.0513240001544,482,24
89062,blumenau,SC,-26.8300031624461,-49.083554706013,482,24
89063,blumenau,SC,-26.7975189082537,-49.0814207806945,482,24
89065,blumenau,SC,-26.871700394254496,-49.1030698583812,482,24
89066,blumenau,SC,-26.849617993785,-49.1082964700823,482,24
89068,blumenau,SC,-26.819165909043,-49.0947385671876,482,24
89069,blumenau,SC,-26.796411407228,-49.0959014393317,482,24
89070,blumenau,SC,-26.873788805443,-49.1280119719855,482,24
89074,blumenau,SC,-26.8552745995958,-49.1486394976986,482,24
89075,blumenau,SC,-26.7374510914436,-49.0791745337383,482,24
89080,indaial,SC,-26.902775560081704,-49.242222917429,1658,24
89082,indaial,SC,-26.8948663890222,-49.250855221345,1658,24
89083,indaial,SC,-26.8971704322488,-49.2667976364826,1658,24
89084,indaial,SC,-26.880831504543,-49.2420489740728,1658,24
89086,indaial,SC,-26.8975583275829,-49.217803315726,1658,24
89087,indaial,SC,-26.915132286188697,-49.2261408627131,1658,24
89095,blumenau,SC,-26.725542806935,-49.0736320589057,482,24
89107,pomerode,SC,-26.7328858672956,-49.1701394859508,2906,24
89108,massaranduba,SC,-26.6102169266703,-49.0025340480182,2241,24
89110,gaspar,SC,-26.921124948518,-48.9686475081214,1417,24
89112,gaspar,SC,-26.9393172480283,-48.9566892772355,1417,24
89113,gaspar,SC,-26.9240108951622,-48.7026896021677,1417,24
89114,gaspar,SC,-26.9351309941483,-48.9379272246602,1417,24
89115,gaspar,SC,-26.8260103390178,-48.9302533753196,1417,24
89116,gaspar,SC,-26.918268320773,-48.9585468452866,1417,24
89117,gaspar,SC,-26.8519266796857,-49.0233825339333,1417,24
89118,gaspar,SC,-26.8202541765427,-49.0272275213748,1417,24
89120,timbo,SC,-26.8276032969055,-49.2703762340874,3853,24
89121,rio dos cedros,SC,-26.7425514051325,-49.2741728812916,3141,24
89124,benedito novo,SC,-26.7818678333641,-49.3777199767996,461,24
89128,luiz alves,SC,-26.7190651271484,-48.9961911160223,2114,24
89130,indaial,SC,-26.89616424264,-49.2385111713163,1658,24
89135,apiuna,SC,-27.0391371402154,-49.3876271542045,219,24
89136,rodeio,SC,-26.8893224035391,-49.3505629733339,3172,24
89138,ascurra,SC,-26.9571870818479,-49.3762701651052,320,24
89140,ibirama,SC,-27.0565816989588,-49.5253812895071,1591,24
89145,jose boiteux,SC,-26.9544088716361,-49.6291394998547,1981,24
89150,presidente getulio,SC,-27.0502388797868,-49.6275514497764,2987,24
89155,dona emma,SC,-26.9870126077506,-49.7281444975416,1213,24
89157,witmarsum,SC,-26.9221332254838,-49.7904412453363,4098,24
89160,rio do sul,SC,-27.214586575753895,-49.6377254179404,3139,24
89161,rio do sul,SC,-27.1947478364075,-49.602121868949,3139,24
89162,rio do sul,SC,-27.1822811938905,-49.606409689333,3139,24
89163,rio do sul,SC,-27.2040930776606,-49.6497578841889,3139,24
89164,rio do sul,SC,-27.223517738688,-49.65999071139671,3139,24
89165,rio do sul,SC,-27.2314164040522,-49.6574765761715,3139,24
89167,rio do sul,SC,-27.2262796456248,-49.6400683743885,3139,24
89170,laurentino,SC,-27.2212242901216,-49.7314817612657,2069,24
89172,pouso redondo,SC,-27.257781334858,-49.930119227846,2972,24
89176,trombudo central,SC,-27.3044255024995,-49.7961744783057,3905,24
89180,rio do oeste,SC,-27.196142733793398,-49.79595722328511,3137,24
89182,lontras,SC,-27.1686884317206,-49.5393196011132,2101,24
89184,presidente nereu,SC,-27.2798052509752,-49.3882477483716,2994,24
89186,aurora,SC,-27.3146621926313,-49.6368099902667,340,24
89188,agronomica,SC,-27.2685520423406,-49.7119693646643,36,24
89190,taio,SC,-27.1183924691892,-49.9996469803284,3778,24
89198,rio do campo,SC,-26.9459608598209,-50.1393994162287,3136,24
89199,santa terezinha,SC,-26.7722947065324,-50.0060693975818,3325,24
89201,joinville,SC,-26.3018509044544,-48.8483940723326,1979,24
89202,joinville,SC,-26.3127561071531,-48.8434779796886,1979,24
89203,joinville,SC,-26.312712610848898,-48.8572187901635,1979,24
89204,joinville,SC,-26.2873066206482,-48.8518015892503,1979,24
89205,joinville,SC,-26.3034748817979,-48.8249505377908,1979,24
89206,joinville,SC,-26.3002335232649,-48.8162065713987,1979,24
89207,joinville,SC,-26.3231169740418,-48.8295314151665,1979,24
89208,joinville,SC,-26.3434903136125,-48.8327464811196,1979,24
89209,joinville,SC,-26.3533864428724,-48.813999582463,1979,24
89210,joinville,SC,-26.3333938194089,-48.8333710044248,1979,24
89211,joinville,SC,-26.3317772992764,-48.8494320528677,1979,24
89212,joinville,SC,-26.3447535465453,-48.8489765998764,1979,24
89213,joinville,SC,-26.3368436339183,-48.8669760508081,1979,24
89214,joinville,SC,-26.3282751925635,-48.8803252599124,1979,24
89215,joinville,SC,-26.3339916613824,-48.90026214209029,1979,24
89216,joinville,SC,-26.2985435605913,-48.8698583076947,1979,24
89217,joinville,SC,-26.2870743202916,-48.8737398137537,1979,24
89218,joinville,SC,-26.2725309235063,-48.8615316520408,1979,24
89219,joinville,SC,-26.2513162144101,-48.8708343813822,1979,24
89220,joinville,SC,-26.2707422966564,-48.881817687818,1979,24
89221,joinville,SC,-26.281893965801803,-48.839914220424006,1979,24
89222,joinville,SC,-26.2678238394082,-48.8449184821198,1979,24
89223,joinville,SC,-26.2519534938908,-48.8433709379895,1979,24
89224,joinville,SC,-26.2644850091146,-48.8072555252753,1979,24
89225,joinville,SC,-26.249547532553304,-48.8082256452695,1979,24
89226,joinville,SC,-26.231196264276196,-48.81857552013181,1979,24
89227,joinville,SC,-26.2748284360663,-48.8203424688877,1979,24
89228,joinville,SC,-26.2801326401643,-48.7965178674328,1979,24
89229,joinville,SC,-26.3222806228327,-48.815180028698,1979,24
89230,joinville,SC,-26.3326748101714,-48.804698068797,1979,24
89232,joinville,SC,-26.3580235266864,-48.8334194610527,1979,24
89233,joinville,SC,-26.370467815352,-48.8391282159537,1979,24
89234,joinville,SC,-26.3450646668162,-48.772673728906,1979,24
89235,joinville,SC,-26.3693341931342,-48.8236699302096,1979,24
89237,joinville,SC,-26.2872879830709,-48.90755352352729,1979,24
89239,joinville,SC,-26.2001747004794,-48.9066107729211,1979,24
89240,sao francisco do sul,SC,-26.2455637053788,-48.6078889584994,3446,24
89245,araquari,SC,-26.4073783482382,-48.75811272641,263,24
89247,balneario barra do sul,SC,-26.4576233081242,-48.617052626479,362,24
89248,garuva,SC,-26.0346023802839,-48.853541115294405,1416,24
89249,itapoa,SC,-26.0764507667127,-48.6111327187346,1814,24
89251,jaragua do sul,SC,-26.4866907647705,-49.0812361214074,1927,24
89252,jaragua do sul,SC,-26.4857322425658,-49.0967116520798,1927,24
89253,jaragua do sul,SC,-26.4979873434733,-49.1035628416512,1927,24
89254,jaragua do sul,SC,-26.4710367884518,-49.1156541414959,1927,24
89255,jaragua do sul,SC,-26.4673604945412,-49.0930618354126,1927,24
89256,jaragua do sul,SC,-26.4812939190279,-49.0585175781195,1927,24
89257,jaragua do sul,SC,-26.4522503656239,-49.0546529451957,1927,24
89258,jaragua do sul,SC,-26.4915809157047,-49.0520807717697,1927,24
89259,jaragua do sul,SC,-26.5005119286876,-49.0852923366702,1927,24
89260,jaragua do sul,SC,-26.5123794680897,-49.1330638384198,1927,24
89264,jaragua do sul,SC,-26.5438682761555,-49.1523016421171,1927,24
89265,jaragua do sul,SC,-26.4586261290671,-49.1712635361622,1927,24
89266,jaragua do sul,SC,-26.4340342457983,-49.13869846959,1927,24
89270,guaramirim,SC,-26.473533296244504,-48.9837976868591,1505,24
89275,schroeder,SC,-26.4054451427249,-49.0747448449853,3650,24
89278,corupa,SC,-26.4319774720689,-49.2476145658104,1086,24
89280,sao bento do sul,SC,-26.2496113654252,-49.3802360755111,3409,24
89281,sao bento do sul,SC,-26.2403155143817,-49.3688744702744,3409,24
89282,sao bento do sul,SC,-26.2314934237498,-49.3469359768551,3409,24
89284,sao bento do sul,SC,-26.2140742163114,-49.3786225963914,3409,24
89285,sao bento do sul,SC,-26.2120557772209,-49.4030635935573,3409,24
89286,sao bento do sul,SC,-26.2238105060854,-49.4188000011152,3409,24
89287,sao bento do sul,SC,-26.239824551251495,-49.3952293532378,3409,24
89288,sao bento do sul,SC,-26.2321939782185,-49.4118822659543,3409,24
89289,sao bento do sul,SC,-26.2472077211856,-49.4499826215289,3409,24
89290,sao bento do sul,SC,-26.2581952769149,-49.3791754243178,3409,24
89291,sao bento do sul,SC,-26.2775489967536,-49.39998974551,3409,24
89294,campo alegre,SC,-26.1721440466882,-49.3360124487634,709,24
89295,rio negrinho,SC,-26.2561389186458,-49.5215320970907,3152,24
89300,mafra,SC,-26.125856030894695,-49.8125306956495,2151,24
89340,itaiopolis,SC,-26.3456810411866,-49.9083089011803,1756,24
89370,papanduva,SC,-26.4049310497598,-50.1457709126807,2645,24
89380,monte castelo,SC,-26.4609474014123,-50.230370146622,2361,24
89400,porto uniao,SC,-26.2479954859476,-51.0795002559337,2958,24
89410,santa cruz do timbo,SC,-26.5290055458262,-50.3421968332282,3266,24
89430,calmon,SC,-26.6029311964438,-51.0990892724788,672,24
89440,irineopolis,SC,-26.2438077869753,-50.797398784031,1724,24
89460,canoinhas,SC,-26.1784296771564,-50.3917292286835,771,24
89480,major vieira,SC,-26.3657620189686,-50.3269462954039,2159,24
89490,tres barras,SC,-26.123049389364304,-50.3161872992881,3886,24
89500,cacador,SC,-26.7781945518277,-51.0118624692761,615,24
89503,cacador,SC,-26.7861154321127,-51.0214389199046,615,24
89504,cacador,SC,-26.7757047538695,-51.02952456825451,615,24
89506,cacador,SC,-26.7658323484295,-51.017212731414794,615,24
89509,cacador,SC,-26.7812125088077,-50.9872227820774,615,24
89510,cacador,SC,-26.7886541050952,-50.993360060398,615,24
89511,cacador,SC,-26.7910313532954,-50.9789164508595,615,24
89518,macieira,SC,-26.8554071800804,-51.3757867030224,2143,24
89520,curitibanos,SC,-27.290948728745203,-50.57736113644119,1144,24
89530,frei rogerio,SC,-27.1761835843577,-50.8015218144745,1394,24
89533,sao cristovao do sul,SC,-27.2401232242008,-50.440605756872,3423,24
89535,ponte alta do norte,SC,-27.1641185972544,-50.469142193314,2917,24
89540,santa cecilia,SC,-26.9602828152288,-50.418345640869,3249,24
89550,rio das antas,SC,-26.8933108719308,-51.0564821505293,3126,24
89558,iomere,SC,-27.0019081157191,-51.2403008896953,1677,24
89560,videira,SC,-27.004476508038497,-51.152537104238604,4051,24
89580,fraiburgo,SC,-27.029807812153,-50.9212424939344,1378,24
89590,arroio trinta,SC,-26.9285113078066,-51.3351225251748,313,24
89595,salto veloso,SC,-26.9066892389757,-51.4061286245532,3227,24
89600,joacaba,SC,-27.1721155077429,-51.5090385250778,1964,24
89610,herval d'oeste,SC,-27.1735806260081,-51.4926211886929,1542,24
89618,monte carlo,SC,-27.2109427771598,-50.9730457171608,2359,24
89620,campos novos,SC,-27.3990552353004,-51.2255649573503,740,24
89633,zortea,SC,-27.4557777629121,-51.5517197834731,4111,24
89636,abdon batista,SC,-27.6088183060141,-51.0248853182694,10,24
89640,ibicare,SC,-27.0908566112134,-51.368779896982,1578,24
89642,tangara,SC,-27.1015253461736,-51.2467088527084,3786,24
89650,treze tilias,SC,-26.9985213240703,-51.4115798387301,3900,24
89652,ibiam,SC,-27.1809295264476,-51.2373440328739,1573,24
89654,agua doce,SC,-26.9978661348541,-51.5550196827422,41,24
89663,ouro,SC,-27.3337002046668,-51.605259013403,2588,24
89665,capinzal,SC,-27.3518641191639,-51.6058068905657,794,24
89667,piratuba,SC,-27.420999300127498,-51.77517148009961,2866,24
89669,ipira,SC,-27.4062812577251,-51.775215279468,1692,24
89670,catanduvas,SC,-27.070292482527105,-51.65997041262781,887,24
89675,vargem bonita,SC,-26.9869164546271,-51.75354052626581,4001,24
89677,jabora,SC,-27.1728878675275,-51.7357961888451,1869,24
89680,irani,SC,-27.0239318395764,-51.8953640822714,1714,24
89683,ponte serrada,SC,-26.8724596018648,-52.0153060714244,2919,24
89687,passos maia,SC,-26.7807192378206,-52.0588282043812,2706,24
89690,vargeao,SC,-26.8554825478911,-52.1500229159348,3997,24
89694,faxinal dos guedes,SC,-26.850256635317304,-52.259177603289,1314,24
89700,concordia,SC,-27.2307414273828,-52.0244235612477,1023,24
89701,concordia,SC,-27.219925573290002,-52.0232798966886,1023,24
89703,concordia,SC,-27.2210896987759,-52.0389988479024,1023,24
89705,concordia,SC,-27.230908625136,-52.045481103510596,1023,24
89707,concordia,SC,-27.2376045266406,-52.0397741383264,1023,24
89708,concordia,SC,-27.24215921586,-52.0312387562525,1023,24
89709,concordia,SC,-27.2441443492244,-52.0236060965395,1023,24
89711,concordia,SC,-27.230575611226403,-51.9982919424743,1023,24
89712,concordia,SC,-27.2427133534327,-51.9535032192391,1023,24
89713,concordia,SC,-27.1902422488888,-51.9389268172603,1023,24
89745,presidente castello branco,SC,-27.222405045611,-51.8067570686686,2984,24
89750,peritiba,SC,-27.3727438217656,-51.9056742715345,2784,24
89760,ita,SC,-27.2692154876524,-52.339145276727,1727,24
89765,paial,SC,-27.2549605329921,-52.4994708847488,2611,24
89770,seara,SC,-27.1608021257666,-52.315399910474504,3652,24
89778,arvoredo,SC,-27.078409010542,-52.4551063372794,318,24
89780,xavantina,SC,-27.0388587944528,-52.3342868691617,4104,24
89790,ipumirim,SC,-27.075329065215705,-52.136377847019006,1707,24
89801,chapeco,SC,-27.0994477383689,-52.6100971296741,944,24
89802,chapeco,SC,-27.1030385797433,-52.6204425471973,944,24
89803,chapeco,SC,-27.095439895824704,-52.6320712027546,944,24
89804,chapeco,SC,-27.0791202519668,-52.631783005505405,944,24
89805,chapeco,SC,-27.0781388687787,-52.615663162397006,944,24
89806,chapeco,SC,-27.0926508552476,-52.5935926020926,944,24
89809,chapeco,SC,-27.098309117328302,-52.6712785948543,944,24
89810,chapeco,SC,-27.0608178590997,-52.6355287678794,944,24
89812,chapeco,SC,-27.1144960422713,-52.6028123360512,944,24
89813,chapeco,SC,-27.1389401950882,-52.5971557102535,944,24
89814,chapeco,SC,-27.1161587689239,-52.6160346241991,944,24
89815,chapeco,SC,-27.1223259270791,-52.624271547014,944,24
89818,nova itaberaba,SC,-26.9406130597066,-52.8151697400277,2492,24
89819,cordilheira alta,SC,-26.9863885690606,-52.6033177641649,1052,24
89820,xanxere,SC,-26.8764151004225,-52.403994657794,4102,24
89824,bom jesus,SC,-26.73415943129,-52.3902429372559,509,24
89825,xaxim,SC,-26.959436655053803,-52.531715111772,4105,24
89828,lajeado grande,SC,-26.8576244463359,-52.567480844067,2057,24
89830,abelardo luz,SC,-26.5653753560443,-52.3253280392475,11,24
89835,sao domingos,SC,-26.5599356581206,-52.5333781509277,3425,24
89837,coronel martins,SC,-26.5119740684687,-52.6690765896248,1069,24
89838,galvao,SC,-26.455401591474,-52.6880558905612,1404,24
89840,coronel freitas,SC,-26.9069280510005,-52.7031304947135,1065,24
89843,aguas frias,SC,-26.8812152880703,-52.8601760322926,57,24
89845,uniao do oeste,SC,-26.7738873066061,-52.8539019090027,3958,24
89850,quilombo,SC,-26.7283532565306,-52.7190004477334,3034,24
89865,nova erechim,SC,-26.9038051629931,-52.9058929413571,2476,24
89868,saudades,SC,-26.925367596689,-53.0043126462675,3645,24
89870,pinhalzinho,SC,-26.847939738284,-52.987232223247595,2830,24
89874,maravilha,SC,-26.7674036582975,-53.184499118989,2202,24
89880,caxambu do sul,SC,-27.1570527873027,-52.8853698000255,900,24
89885,sao carlos,SC,-27.080772683210295,-53.005672767804505,3420,24
89887,palmitos,SC,-27.071407007773097,-53.162444901815505,2636,24
89888,caibi,SC,-27.074346228038696,-53.2493570169,648,24
89890,cunha pora,SC,-26.891057004363596,-53.17166652109999,1140,24
89893,mondai,SC,-27.1015751155954,-53.4003618713743,2338,24
89895,riqueza,SC,-27.059609588126204,-53.3260930443415,3167,24
89896,itapiranga,SC,-27.171413417114096,-53.71479710792741,1808,24
89898,tunapolis,SC,-26.9712566572778,-53.6389029410628,3913,24
89899,ipora do oeste,SC,-26.9879991880079,-53.53230099043109,1700,24
89900,sao miguel do oeste,SC,-26.7334137612516,-53.517529914408506,3574,24
89906,paraiso,SC,-26.6224749455385,-53.6756370612784,2659,24
89908,romelandia,SC,-26.676332683605,-53.3197247954171,3181,24
89920,guaraciaba,SC,-26.5990206458807,-53.5211787433783,1502,24
89925,belmonte,SC,-26.8435462723411,-53.580441314146,453,24
89930,sao jose do cedro,SC,-26.454414197309,-53.50307871890679,3517,24
89940,guaruja do sul,SC,-26.3878992355797,-53.5275535234634,1527,24
89950,dionisio cerqueira,SC,-26.2585020809687,-53.636068830821806,1182,24
89970,anchieta,SC,-26.5366239335868,-53.3314090103645,169,24
89980,campo ere,SC,-26.3953602824597,-53.0804480809698,720,24
89982,sao bernardino,SC,-26.4732580703737,-52.964695910756,3411,24
89985,palma sola,SC,-26.3484494052721,-53.2773917643127,2621,24
89990,sao lourenco do oeste,SC,-26.3631632655993,-52.8506655904981,3544,24
89998,novo horizonte,SC,-26.4508047606995,-52.8298761352821,2537,24
90010,porto alegre,RS,-30.0332127644801,-51.2314378995983,2938,23
90013,porto alegre,RS,-30.0373102532094,-51.2367000304679,2938,23
90018,porto alegre,RS,-30.0295083334941,-51.2324015055351,2938,23
90020,porto alegre,RS,-30.0305894730178,-51.2276972532802,2938,23
90030,porto alegre,RS,-30.0268237304149,-51.2218138807991,2938,23
90035,porto alegre,RS,-30.031332204992996,-51.2128023990609,2938,23
90038,porto alegre,RS,-30.0263462864273,-51.2224989945756,2938,23
90040,porto alegre,RS,-30.041161395936395,-51.2136606809505,2938,23
90050,porto alegre,RS,-30.0396289203947,-51.2226330990684,2938,23
90090,porto alegre,RS,-30.0131961649051,-51.2571599320597,2938,23
90110,porto alegre,RS,-30.049662260339996,-51.2270816749083,2938,23
90130,porto alegre,RS,-30.052226089372603,-51.220906020974,2938,23
90150,porto alegre,RS,-30.052568281881,-51.2216727706893,2938,23
90160,porto alegre,RS,-30.051007237154398,-51.2179574534365,2938,23
90200,porto alegre,RS,-29.9829352204382,-51.1687187555761,2938,23
90220,porto alegre,RS,-30.0211369277455,-51.2096741844144,2938,23
90230,porto alegre,RS,-30.008181567706195,-51.2013044391363,2938,23
90240,porto alegre,RS,-30.0040969631107,-51.196318997702505,2938,23
90245,porto alegre,RS,-29.983958424284605,-51.193466992363,2938,23
90250,porto alegre,RS,-29.9816099308302,-51.18858636594549,2938,23
90251,porto alegre,RS,-29.9737755,-51.19155225,2938,23
90410,porto alegre,RS,-30.0413498707923,-51.1860891260956,2938,23
90420,porto alegre,RS,-30.0357809919174,-51.2011510149141,2938,23
90430,porto alegre,RS,-30.0297019753662,-51.20251936491881,2938,23
90440,porto alegre,RS,-30.0276763587466,-51.1945558740652,2938,23
90450,porto alegre,RS,-30.0289981741667,-51.1892393053189,2938,23
90460,porto alegre,RS,-30.0400180264954,-51.1871644866255,2938,23
90470,porto alegre,RS,-30.0335136501278,-51.1804729886409,2938,23
90480,porto alegre,RS,-30.0264032460254,-51.1803521514366,2938,23
90510,porto alegre,RS,-30.024579322271695,-51.1998861738988,2938,23
90520,porto alegre,RS,-30.0160729599022,-51.178921325677805,2938,23
90540,porto alegre,RS,-30.0174512880624,-51.1895933199306,2938,23
90550,porto alegre,RS,-30.0135684774182,-51.190248519309,2938,23
90560,porto alegre,RS,-30.0206886725143,-51.2007059774648,2938,23
90570,porto alegre,RS,-30.0219707927395,-51.2024639200943,2938,23
90610,porto alegre,RS,-30.050784862188703,-51.1950612259871,2938,23
90620,porto alegre,RS,-30.0499248341368,-51.2019226392416,2938,23
90630,porto alegre,RS,-30.0435678695553,-51.195071083947504,2938,23
90640,porto alegre,RS,-30.0528082231195,-51.2034994090908,2938,23
90650,porto alegre,RS,-30.054736655635,-51.1995605941318,2938,23
90660,porto alegre,RS,-30.0651654206265,-51.1998408505911,2938,23
90670,porto alegre,RS,-30.048806233363695,-51.1886745319392,2938,23
90680,porto alegre,RS,-30.064709236940804,-51.1922931954901,2938,23
90690,porto alegre,RS,-30.0505188629484,-51.179855469372,2938,23
90810,porto alegre,RS,-30.077966147580504,-51.23964116784659,2938,23
90820,porto alegre,RS,-30.0904676979743,-51.2355303703319,2938,23
90830,porto alegre,RS,-30.0898767126988,-51.2267940100595,2938,23
90840,porto alegre,RS,-30.0775434512794,-51.22280086064989,2938,23
90850,porto alegre,RS,-30.065786895558695,-51.2259938821319,2938,23
90870,porto alegre,RS,-30.0739757667292,-51.2092096667119,2938,23
90880,porto alegre,RS,-30.0608135676335,-51.2161094041579,2938,23
91010,porto alegre,RS,-30.010050328067,-51.1662554535854,2938,23
91030,porto alegre,RS,-30.0070153109346,-51.1748877441675,2938,23
91040,porto alegre,RS,-30.0057177294983,-51.1605426559973,2938,23
91050,porto alegre,RS,-30.004403834287295,-51.1520431901733,2938,23
91060,porto alegre,RS,-30.0027066713174,-51.1456252898154,2938,23
91110,porto alegre,RS,-30.0001285833087,-51.1364731544966,2938,23
91120,porto alegre,RS,-29.9845256811366,-51.13010042048009,2938,23
91130,porto alegre,RS,-30.004352940251696,-51.1311471886193,2938,23
91140,porto alegre,RS,-29.988122838759104,-51.1177525254261,2938,23
91150,porto alegre,RS,-30.0032601774081,-51.1187351442636,2938,23
91160,porto alegre,RS,-29.9955650745105,-51.1025401975851,2938,23
91170,porto alegre,RS,-29.9999950432593,-51.0962634583599,2938,23
91180,porto alegre,RS,-30.0103164529838,-51.1060531927198,2938,23
91210,porto alegre,RS,-30.0380090627019,-51.1446265593562,2938,23
91215,porto alegre,RS,-30.0304527400948,-51.140385266336,2938,23
91220,porto alegre,RS,-30.019007803599,-51.1375177298783,2938,23
91225,porto alegre,RS,-30.034631058661198,-51.1462760580235,2938,23
91230,porto alegre,RS,-30.018298859705695,-51.125479512004,2938,23
91240,porto alegre,RS,-30.022995760143395,-51.1166029623399,2938,23
91250,porto alegre,RS,-30.022629896941204,-51.1050523262783,2938,23
91260,porto alegre,RS,-30.0386536076488,-51.121878336551,2938,23
91270,porto alegre,RS,-30.0333496151795,-51.112309148128,2938,23
91280,porto alegre,RS,-30.0449005356627,-51.0970178617923,2938,23
91310,porto alegre,RS,-30.0419192324192,-51.1514370271215,2938,23
91320,porto alegre,RS,-30.033459014989,-51.1513852801491,2938,23
91330,porto alegre,RS,-30.0335660883385,-51.1625597640193,2938,23
91340,porto alegre,RS,-30.0221775723305,-51.1690693621172,2938,23
91349,porto alegre,RS,-30.0253044132667,-51.1632907503319,2938,23
91350,porto alegre,RS,-30.0155283448661,-51.1627082523746,2938,23
91360,porto alegre,RS,-30.020228951578,-51.154714915131294,2938,23
91370,porto alegre,RS,-30.0158899639169,-51.14861204609,2938,23
91380,porto alegre,RS,-30.0163654084518,-51.1434936004759,2938,23
91410,porto alegre,RS,-30.0501187815195,-51.1669043062857,2938,23
91420,porto alegre,RS,-30.0455585061723,-51.16105197962779,2938,23
91430,porto alegre,RS,-30.0507841082997,-51.1427486915584,2938,23
91440,porto alegre,RS,-30.0598786365252,-51.1461884098099,2938,23
91450,porto alegre,RS,-30.046833541426,-51.136049307473,2938,23
91509,porto alegre,RS,-30.0765385083681,-51.1248503664954,2938,23
91510,porto alegre,RS,-30.0713350289209,-51.1777510263731,2938,23
91520,porto alegre,RS,-30.0680754166973,-51.16694720484589,2938,23
91530,porto alegre,RS,-30.0610722045198,-51.1595049166432,2938,23
91540,porto alegre,RS,-30.0814755070405,-51.1302084389473,2938,23
91550,porto alegre,RS,-30.0934514580074,-51.136221471453,2938,23
91560,porto alegre,RS,-30.1196654935839,-51.1076174382013,2938,23
91570,porto alegre,RS,-30.1108180648646,-51.1070014986189,2938,23
91710,porto alegre,RS,-30.077454851622395,-51.193185781508,2938,23
91712,porto alegre,RS,-30.096153000758004,-51.179700410650604,2938,23
91720,porto alegre,RS,-30.0861477256446,-51.2101102589457,2938,23
91740,porto alegre,RS,-30.1086682498751,-51.2222538990374,2938,23
91750,porto alegre,RS,-30.1257499261911,-51.2085874958311,2938,23
91751,porto alegre,RS,-30.1308422421083,-51.2179827543587,2938,23
91755,porto alegre,RS,-30.1604458858824,-51.1953811964681,2938,23
91760,porto alegre,RS,-30.1306731149911,-51.2337008555717,2938,23
91770,porto alegre,RS,-30.151146473508305,-51.2173619761807,2938,23
91778,porto alegre,RS,-30.1750197568536,-51.1816692486133,2938,23
91780,porto alegre,RS,-30.197932693222505,-51.1813112357298,2938,23
91781,porto alegre,RS,-30.1857076244553,-51.1743560539735,2938,23
91785,porto alegre,RS,-30.2010538995051,-51.1309704902645,2938,23
91787,porto alegre,RS,-30.1574861538914,-51.1565497598401,2938,23
91788,porto alegre,RS,-30.15280937588,-51.1655796072845,2938,23
91790,porto alegre,RS,-30.1532104016398,-51.1432657971289,2938,23
91791,porto alegre,RS,-30.1475869718324,-51.1271381276458,2938,23
91795,porto alegre,RS,-30.1536382982813,-51.1487724977574,2938,23
91796,porto alegre,RS,-30.1706010244325,-51.0810181394495,2938,23
91798,porto alegre,RS,-30.1787488059299,-51.1427760601665,2938,23
91900,porto alegre,RS,-30.1076368037452,-51.2504503193064,2938,23
91910,porto alegre,RS,-30.1031143401628,-51.2426109929399,2938,23
91920,porto alegre,RS,-30.1117508665508,-51.2438958782822,2938,23
92010,canoas,RS,-29.916961604485,-51.179846893413,770,23
92020,canoas,RS,-29.9170048038444,-51.1717653177083,770,23
92025,canoas,RS,-29.9241461207597,-51.1616345908689,770,23
92027,canoas,RS,-29.9268968604825,-51.1464392249981,770,23
92030,canoas,RS,-29.9194029748394,-51.1450589289935,770,23
92032,canoas,RS,-29.912212709998,-51.1438656825519,770,23
92035,canoas,RS,-29.9137251425208,-51.1264704239052,770,23
92110,canoas,RS,-29.937314123778,-51.1699749470114,770,23
92120,canoas,RS,-29.9498392272165,-51.1684938583535,770,23
92130,canoas,RS,-29.9554844552542,-51.16323249329211,770,23
92200,canoas,RS,-29.9547733095964,-51.1858857235967,770,23
92310,canoas,RS,-29.9162299655446,-51.188160177251,770,23
92314,canoas,RS,-29.9201516774866,-51.1836735061938,770,23
92320,canoas,RS,-29.922777578535698,-51.199224214750906,770,23
92323,canoas,RS,-29.9252106722523,-51.1951903969914,770,23
92325,canoas,RS,-29.9075495249864,-51.2230266179835,770,23
92330,canoas,RS,-29.9019034865649,-51.2125145327488,770,23
92340,canoas,RS,-29.9038505609104,-51.1853688601707,770,23
92410,canoas,RS,-29.898660103882296,-51.1628952574685,770,23
92412,canoas,RS,-29.8969695761051,-51.1466601516182,770,23
92420,canoas,RS,-29.885329953059195,-51.178237148571,770,23
92425,canoas,RS,-29.8824844699057,-51.1542104857771,770,23
92440,canoas,RS,-29.9052781268053,-51.14139868543689,770,23
92480,nova santa rita,RS,-29.860873231022403,-51.272834769876894,2517,23
92500,guaiba,RS,-30.1214498706296,-51.3363256789721,1480,23
92850,sertao santana,RS,-30.4609532336751,-51.6020210947542,3704,23
92990,eldorado do sul,RS,-30.0157338090827,-51.3285772864211,1237,23
93010,sao leopoldo,RS,-29.7666314343467,-51.1469683843269,3540,23
93020,sao leopoldo,RS,-29.7792383298622,-51.148506276527904,3540,23
93022,sao leopoldo,RS,-29.792073972951705,-51.150204094875,3540,23
93025,sao leopoldo,RS,-29.7674550047679,-51.1600581100323,3540,23
93030,sao leopoldo,RS,-29.7749019375891,-51.1386795134928,3540,23
93032,sao leopoldo,RS,-29.7765338668395,-51.1306851633007,3540,23
93035,sao leopoldo,RS,-29.786295596524,-51.1301017986188,3540,23
93037,sao leopoldo,RS,-29.7938050006165,-51.1305794380871,3540,23
93040,sao leopoldo,RS,-29.769156789228997,-51.1302496283369,3540,23
93042,sao leopoldo,RS,-29.7639017452581,-51.1193100902346,3540,23
93044,sao leopoldo,RS,-29.7748879958955,-51.11826035022509,3540,23
93046,sao leopoldo,RS,-29.7742294005493,-51.113922499459,3540,23
93048,sao leopoldo,RS,-29.763894372005,-51.1102986112681,3540,23
93050,sao leopoldo,RS,-29.7565605395007,-51.1088787455833,3540,23
93052,sao leopoldo,RS,-29.7511382240865,-51.1002641778272,3540,23
93054,sao leopoldo,RS,-29.7561779525187,-51.095421610801,3540,23
93056,sao leopoldo,RS,-29.7623316552296,-51.0915175816026,3540,23
93110,sao leopoldo,RS,-29.7520293158153,-51.1486548101731,3540,23
93115,sao leopoldo,RS,-29.7382803468126,-51.1425986026358,3540,23
93125,sao leopoldo,RS,-29.7043746960743,-51.15901071740941,3540,23
93130,sao leopoldo,RS,-29.7480685854751,-51.1569724823104,3540,23
93135,sao leopoldo,RS,-29.7363209571542,-51.1684798870111,3540,23
93145,sao leopoldo,RS,-29.7182882489892,-51.1820183561355,3540,23
93180,portao,RS,-29.694204375791102,-51.2331887743242,2932,23
93210,sapucaia do sul,RS,-29.8258035171919,-51.1567459447719,3633,23
93212,sapucaia do sul,RS,-29.8113778381577,-51.172689755401,3633,23
93214,sapucaia do sul,RS,-29.8224276448524,-51.1595429215005,3633,23
93216,sapucaia do sul,RS,-29.8157929392517,-51.1547131073044,3633,23
93218,sapucaia do sul,RS,-29.8145965142953,-51.1464727305602,3633,23
93220,sapucaia do sul,RS,-29.8289804601132,-51.15068614721681,3633,23
93222,sapucaia do sul,RS,-29.819592086014996,-51.137052035769194,3633,23
93224,sapucaia do sul,RS,-29.8330804443177,-51.1377641676653,3633,23
93225,sapucaia do sul,RS,-29.8320554511594,-51.1300829943798,3633,23
93226,sapucaia do sul,RS,-29.8392246921988,-51.1466058311589,3633,23
93228,sapucaia do sul,RS,-29.8458964283648,-51.1331519681602,3633,23
93230,sapucaia do sul,RS,-29.845000700048,-51.1265923903586,3633,23
93260,esteio,RS,-29.8445792889831,-51.1685073471076,1287,23
93265,esteio,RS,-29.852318795977403,-51.1701528901007,1287,23
93270,esteio,RS,-29.8456378840684,-51.1828512839861,1287,23
93280,esteio,RS,-29.850192202981496,-51.1558027788651,1287,23
93285,esteio,RS,-29.8588252021402,-51.156423947321,1287,23
93290,esteio,RS,-29.8565719778701,-51.14254294333,1287,23
93295,esteio,RS,-29.8596000442142,-51.1313999232951,1287,23
93310,novo hamburgo,RS,-29.6827124078227,-51.1373800132493,2535,23
93315,novo hamburgo,RS,-29.6762517373611,-51.1342243722015,2535,23
93320,novo hamburgo,RS,-29.7048129889053,-51.1322733155138,2535,23
93330,novo hamburgo,RS,-29.719448367638602,-51.1409247326306,2535,23
93332,novo hamburgo,RS,-29.7129859698633,-51.1371852109741,2535,23
93334,novo hamburgo,RS,-29.7065525455515,-51.1413921136936,2535,23
93336,novo hamburgo,RS,-29.6942129814717,-51.1377402233857,2535,23
93340,novo hamburgo,RS,-29.6913355977673,-51.1489941436773,2535,23
93344,novo hamburgo,RS,-29.6837316008391,-51.1514493361346,2535,23
93346,novo hamburgo,RS,-29.6743676409501,-51.1534845183632,2535,23
93347,novo hamburgo,RS,-29.6828793242114,-51.1654209414826,2535,23
93348,novo hamburgo,RS,-29.6747275036639,-51.1471929956171,2535,23
93351,novo hamburgo,RS,-29.6439536441351,-51.1388436772074,2535,23
93410,novo hamburgo,RS,-29.694265352619297,-51.1267494891969,2535,23
93415,novo hamburgo,RS,-29.7065914749741,-51.1219243099614,2535,23
93420,novo hamburgo,RS,-29.729169490973003,-51.132861453009205,2535,23
93425,novo hamburgo,RS,-29.721097437795,-51.114514020236605,2535,23
93490,novo hamburgo,RS,-29.7536795503884,-51.048512998947196,2535,23
93510,novo hamburgo,RS,-29.682440885032996,-51.1234713436109,2535,23
93520,novo hamburgo,RS,-29.674528376033596,-51.1260768812765,2535,23
93525,novo hamburgo,RS,-29.668714635069,-51.1178799997743,2535,23
93530,novo hamburgo,RS,-29.6531631302722,-51.1076940751175,2535,23
93534,novo hamburgo,RS,-29.6678067668273,-51.1049587762139,2535,23
93540,novo hamburgo,RS,-29.680926874073702,-51.1034691372655,2535,23
93542,novo hamburgo,RS,-29.6843308430963,-51.092984029377405,2535,23
93544,novo hamburgo,RS,-29.6956456558086,-51.0882185326056,2535,23
93546,novo hamburgo,RS,-29.6990563484575,-51.1005927180322,2535,23
93548,novo hamburgo,RS,-29.688884891525,-51.1144362273619,2535,23
93600,estancia velha,RS,-29.6557988617695,-51.171761852239,1286,23
93601,estancia velha,RS,-29.6438670737302,-51.1669877077488,1286,23
93608,estancia velha,RS,-28.7713175199784,-50.4641480011231,1286,23
93610,estancia velha,RS,-29.6548994867714,-51.1697691749705,1286,23
93611,estancia velha,RS,-29.7003034842929,-51.1730092951155,1286,23
93614,estancia velha,RS,-29.6580824996017,-51.1878214067265,1286,23
93615,estancia velha,RS,-29.6815233009075,-51.1842636786548,1286,23
93700,campo bom,RS,-29.6770450088141,-51.0604034401773,716,23
93800,sapiranga,RS,-29.636550613199,-51.0078241485577,3629,23
93804,sapiranga,RS,-29.6388718032914,-51.0225694254095,3629,23
93806,sapiranga,RS,-29.6514216446506,-51.0023842325085,3629,23
93819,sapiranga,RS,-29.6337674073003,-50.994916707012,3629,23
93821,sapiranga,RS,-29.6316184225896,-50.9750078501861,3629,23
93880,ararica,RS,-29.6204058105136,-50.9276752081433,269,23
93890,nova hartz,RS,-29.5883543521477,-50.900676610621794,2488,23
93900,ivoti,RS,-29.6052868935628,-51.1642778921187,1867,23
93940,lindolfo collor,RS,-29.5972653777711,-51.2094427761109,2094,23
93945,presidente lucena,RS,-29.5182863634011,-51.1797048007174,2992,23
93950,dois irmaos,RS,-29.5871860923241,-51.0912142939178,1197,23
93990,morro reuter,RS,-29.5394605107214,-51.082648077095,2393,23
93995,santa maria do herval,RS,-29.4941508593316,-50.9773118738515,3296,23
94010,gravatai,RS,-29.9404528555456,-50.9921370357287,1472,23
94015,gravatai,RS,-29.9314098157806,-50.9917735958999,1472,23
94020,gravatai,RS,-29.9348903492757,-51.00227876459271,1472,23
94030,gravatai,RS,-29.9394377625559,-51.014466959951,1472,23
94035,gravatai,RS,-29.9439984629338,-50.9992667557947,1472,23
94040,gravatai,RS,-29.9397560233645,-51.0291714136392,1472,23
94050,gravatai,RS,-29.9396752363807,-51.0446822357705,1472,23
94055,gravatai,RS,-29.9409286131687,-51.0348810600223,1472,23
94060,gravatai,RS,-29.9391021259875,-51.0515669964755,1472,23
94065,gravatai,RS,-29.9449937697596,-51.0486951071999,1472,23
94070,gravatai,RS,-29.9386619097597,-51.06876823057811,1472,23
94075,gravatai,RS,-29.9377982463205,-51.0632787125272,1472,23
94080,gravatai,RS,-29.923244128317798,-51.0648268871135,1472,23
94085,gravatai,RS,-29.9204870454681,-51.0597116994532,1472,23
94090,gravatai,RS,-29.9286478156642,-51.0515356871824,1472,23
94100,gravatai,RS,-29.9049680115961,-51.02747378319069,1472,23
94110,gravatai,RS,-29.9115574353184,-51.0608187613615,1472,23
94120,gravatai,RS,-29.9135171165459,-51.0505092584849,1472,23
94130,gravatai,RS,-29.9223199591211,-51.0365776184823,1472,23
94135,gravatai,RS,-29.92566173344,-51.0401771190237,1472,23
94150,gravatai,RS,-29.930770367650197,-51.0247907883166,1472,23
94155,gravatai,RS,-29.921478376152397,-51.0176361064708,1472,23
94170,gravatai,RS,-29.921085540874,-50.9996983730263,1472,23
94175,gravatai,RS,-29.888211440561196,-50.99846935501839,1472,23
94180,gravatai,RS,-29.9402218357834,-50.9579526407049,1472,23
94185,gravatai,RS,-29.9452272293268,-50.9718823255028,1472,23
94190,gravatai,RS,-29.9545275070489,-50.9743162473553,1472,23
94195,gravatai,RS,-29.9478455771387,-50.9521501321511,1472,23
94198,gravatai,RS,-29.921311542816,-50.90827228272989,1472,23
94199,gravatai,RS,-29.9243403257621,-50.9642828617271,1472,23
94380,glorinha,RS,-29.8812250475603,-50.7835262916663,1435,23
94410,viamao,RS,-30.0835513903826,-51.0218050150084,4040,23
94420,viamao,RS,-30.0260084967631,-51.0243915969705,4040,23
94425,viamao,RS,-30.0789923933773,-51.0039103045038,4040,23
94430,viamao,RS,-30.0992258911764,-51.0214292414269,4040,23
94435,viamao,RS,-30.0848189664835,-51.040122047799,4040,23
94440,viamao,RS,-30.0841461291861,-51.0517407718859,4040,23
94445,viamao,RS,-30.0983925067237,-51.0595905562372,4040,23
94450,viamao,RS,-30.0877044609888,-51.0708729635605,4040,23
94451,viamao,RS,-30.0777607430411,-51.0533063228634,4040,23
94455,viamao,RS,-30.1051714752416,-51.067250053938,4040,23
94460,viamao,RS,-30.1137915329731,-51.0747666115129,4040,23
94463,viamao,RS,-30.1380339833128,-50.8668697570924,4040,23
94465,viamao,RS,-30.1237365971276,-51.0860280987545,4040,23
94470,viamao,RS,-30.0884517392268,-51.08474589001761,4040,23
94475,viamao,RS,-30.0736972172921,-51.0931484127051,4040,23
94480,viamao,RS,-30.0655256569028,-51.1042733703911,4040,23
94490,viamao,RS,-30.0613963774171,-51.1005404247374,4040,23
94495,viamao,RS,-30.0569919649755,-51.0911824861321,4040,23
94500,viamao,RS,-30.067485282641,-51.111350675395,4040,23
94510,viamao,RS,-30.0574287309032,-51.0793798628585,4040,23
94515,viamao,RS,-30.0734276740995,-51.0500006263865,4040,23
94760,aguas claras,RS,-28.0003035137829,-49.1754621329862,50,23
94770,capao da porteira,RS,-30.0928098994627,-50.6943883282982,780,23
94810,alvorada,RS,-30.0064893009196,-51.079514295924,139,23
94814,alvorada,RS,-30.0038365394931,-51.0729564470418,139,23
94818,alvorada,RS,-30.0043856034138,-51.0543984439161,139,23
94820,alvorada,RS,-29.9916513702294,-51.0815106824275,139,23
94824,alvorada,RS,-29.9915737942042,-51.0731432590421,139,23
94828,alvorada,RS,-29.9928639487548,-51.0590119753071,139,23
94834,alvorada,RS,-29.9930707854867,-51.0454638205166,139,23
94836,alvorada,RS,-29.991162603853,-51.0187492614803,139,23
94838,alvorada,RS,-30.0167571160068,-51.0479920233816,139,23
94850,alvorada,RS,-30.020350022586303,-51.0794613710318,139,23
94852,alvorada,RS,-30.0077416536014,-51.0493651148455,139,23
94853,alvorada,RS,-30.0213926326086,-51.0612492413,139,23
94855,alvorada,RS,-30.039381614040497,-51.0566113754092,139,23
94856,alvorada,RS,-30.0429370592307,-51.0650097598235,139,23
94859,alvorada,RS,-30.032179964881998,-51.0821799775714,139,23
94910,cachoeirinha,RS,-29.9526933355159,-51.0977906407764,632,23
94920,cachoeirinha,RS,-29.9570132749415,-51.1022960764485,632,23
94930,cachoeirinha,RS,-29.9410813168687,-51.1074566622259,632,23
94931,cachoeirinha,RS,-29.4839654518674,-50.8023592120513,632,23
94935,cachoeirinha,RS,-29.9427234089321,-51.0965035786858,632,23
94940,cachoeirinha,RS,-29.9359680271199,-51.08834941199749,632,23
94945,cachoeirinha,RS,-29.9282549625219,-51.08079127086061,632,23
94950,cachoeirinha,RS,-29.9464766482137,-51.0800768773852,632,23
94955,cachoeirinha,RS,-29.9160303762462,-51.0758124806189,632,23
94960,cachoeirinha,RS,-29.912722324461402,-51.0848140059159,632,23
94965,cachoeirinha,RS,-29.9049506939565,-51.07030394103,632,23
94967,cachoeirinha,RS,-29.9116017819295,-51.0751486507188,632,23
94970,cachoeirinha,RS,-29.8871947932765,-51.0908471990989,632,23
95010,caxias do sul,RS,-29.1700576118578,-51.1862180080642,902,23
95012,caxias do sul,RS,-29.1726694887264,-51.2107293350902,902,23
95013,caxias do sul,RS,-29.1628844916215,-51.2038064509755,902,23
95020,caxias do sul,RS,-29.1663138115949,-51.17831394250231,902,23
95030,caxias do sul,RS,-29.1542377112809,-51.217288305934304,902,23
95032,caxias do sul,RS,-29.1480269488246,-51.2019207779355,902,23
95034,caxias do sul,RS,-29.1601944495893,-51.1892593930533,902,23
95040,caxias do sul,RS,-29.1543011355796,-51.1740198074593,902,23
95041,caxias do sul,RS,-29.1512278417182,-51.1815779478544,902,23
95042,caxias do sul,RS,-29.1350631001397,-51.17879476477551,902,23
95043,caxias do sul,RS,-29.1427382943375,-51.1821590005797,902,23
95044,caxias do sul,RS,-29.1385591027109,-51.1970730510841,902,23
95045,caxias do sul,RS,-29.1272612373429,-51.1745345869744,902,23
95047,caxias do sul,RS,-29.1206173995786,-51.1821885536134,902,23
95050,caxias do sul,RS,-29.153966713587504,-51.1648066103568,902,23
95052,caxias do sul,RS,-29.153621989014095,-51.1633580964271,902,23
95054,caxias do sul,RS,-29.157500417407,-51.1550259621085,902,23
95055,caxias do sul,RS,-29.1510616855032,-51.1429251561714,902,23
95057,caxias do sul,RS,-29.1395479538869,-51.1401557070787,902,23
95058,caxias do sul,RS,-29.127858969234,-51.119936924440104,902,23
95059,caxias do sul,RS,-29.116038450057804,-51.1256348051061,902,23
95060,caxias do sul,RS,-29.1290063506772,-51.1209817501388,902,23
95070,caxias do sul,RS,-29.1674488111239,-51.1548311673113,902,23
95072,caxias do sul,RS,-29.173299048379402,-51.1517897147472,902,23
95074,caxias do sul,RS,-29.1704369039295,-51.1403021086893,902,23
95076,caxias do sul,RS,-29.1782164674468,-51.148684386139,902,23
95080,caxias do sul,RS,-29.1736835206862,-51.1818338315581,902,23
95082,caxias do sul,RS,-29.1778236852257,-51.1732805071907,902,23
95084,caxias do sul,RS,-29.1720778147088,-51.1727455160136,902,23
95086,caxias do sul,RS,-29.1834248230503,-51.1667987293691,902,23
95088,caxias do sul,RS,-29.1954433860579,-51.1670606882597,902,23
95090,caxias do sul,RS,-29.2275590556294,-51.1604724902391,902,23
95095,caxias do sul,RS,-29.199968918124604,-51.200254781557206,902,23
95096,caxias do sul,RS,-29.1778826946857,-51.1898964956297,902,23
95097,caxias do sul,RS,-29.1799973414876,-51.1896860619908,902,23
95098,caxias do sul,RS,-29.1906712101214,-51.1872948505753,902,23
95099,caxias do sul,RS,-29.1781550752101,-51.1973756961137,902,23
95110,caxias do sul,RS,-29.190856266477,-51.2302394981657,902,23
95112,caxias do sul,RS,-29.1707717457473,-51.23096209702341,902,23
95115,caxias do sul,RS,-29.2132906076385,-51.2777953586099,902,23
95124,caxias do sul,RS,-29.0973098999999,-51.1282638499999,902,23
95150,nova petropolis,RS,-29.3751177325944,-51.1082300562917,2507,23
95170,farroupilha,RS,-29.4052371311991,-51.32578918258859,1309,23
95171,farroupilha,RS,-29.2287461656644,-51.3648141224798,1309,23
95172,farroupilha,RS,-29.218955201339,-51.3509721997634,1309,23
95173,farroupilha,RS,-29.2742060656188,-51.3261915534173,1309,23
95174,farroupilha,RS,-29.2067176270193,-51.3469190588026,1309,23
95175,picada cafe,RS,-29.4445055921786,-51.1323786113052,2801,23
95177,farroupilha,RS,-29.2139763760321,-51.325415012536,1309,23
95180,farroupilha,RS,-29.2270904006579,-51.3486507871397,1309,23
95181,farroupilha,RS,-29.228296841792496,-51.34995612529529,1309,23
95185,carlos barbosa,RS,-29.2980717422781,-51.5026009113818,838,23
95190,sao marcos,RS,-28.9689284332263,-51.0687459985659,3557,23
95200,vacaria,RS,-28.5059746934066,-50.9382412988279,3985,23
95240,ipe,RS,-28.8019037608538,-51.2898583708438,1685,23
95250,antonio prado,RS,-28.856785799862603,-51.2840751104369,205,23
95255,campestre da serra,RS,-28.7885615838196,-51.0952636019238,696,23
95260,nova roma do sul,RS,-28.9872343882386,-51.4078529526584,2514,23
95270,flores da cunha,RS,-29.0352570654113,-51.1831545462876,1348,23
95275,nova padua,RS,-29.0276009338612,-51.3091340176265,2505,23
95300,lagoa vermelha,RS,-28.211900819098698,-51.5251847425621,2050,23
95305,ibiraiaras,RS,-28.371375016977,-51.6369959466755,1589,23
95310,andre da rocha,RS,-28.6328410759061,-51.5734698643423,176,23
95315,caseiros,RS,-28.2709657743137,-51.6968412987607,869,23
95320,nova prata,RS,-28.7822545951822,-51.6092129675692,2509,23
95330,veranopolis,RS,-28.9367079132828,-51.5495509502376,4031,23
95334,vila flores,RS,-28.8602388891091,-51.552607108079904,4057,23
95335,cotipora,RS,-28.9928841006898,-51.6975362863347,1094,23
95340,nova bassano,RS,-28.7327565718756,-51.7045708188032,2465,23
95345,protasio alves,RS,-28.7592351370893,-51.4750950775196,3006,23
95350,nova araca,RS,-28.6595896900656,-51.7486320231535,2462,23
95355,guabiju,RS,-28.5424581678314,-51.6913835787162,1476,23
95360,parai,RS,-28.5967037744321,-51.7869460853158,2654,23
95365,sao jorge,RS,-28.5022043814952,-51.7049815193331,3496,23
95370,barracao,RS,-27.6775059713267,-51.4576643868328,417,23
95380,esmeralda,RS,-28.0569849610594,-51.1895632603807,1270,23
95390,pinhal da serra,RS,-30.2336607720213,-50.2335736598601,2828,23
95400,sao francisco de paula,RS,-29.4400457255504,-50.5815377307343,3441,23
95420,jaquirana,RS,-28.883974422816,-50.3578328919021,1925,23
95480,cambara do sul,RS,-29.0535008915444,-50.145711733838,682,23
95485,osvaldo kroeff,RS,-28.9766857701306,-50.0632629538889,2581,23
95500,santo antonio da patrulha,RS,-29.833102764742005,-50.5200840626942,3364,23
95520,osorio,RS,-29.8955916019363,-50.2556606471183,2579,23
95530,maquine,RS,-29.6579828161702,-50.2101259208473,2185,23
95535,terra de areia,RS,-29.5797033105977,-50.064610948621,3840,23
95540,palmares do sul,RS,-30.2707609020304,-50.4976046828832,2623,23
95552,capivari do sul,RS,-30.1438179410209,-50.5114017987961,805,23
95555,capao da canoa,RS,-29.7331750608532,-50.00722404235799,779,23
95560,torres,RS,-29.3411424681845,-49.7449195911523,3872,23
95575,tres forquilhas,RS,-29.5356420418969,-50.0368258941611,3891,23
95580,tres cachoeiras,RS,-29.4536740198462,-49.9216478081016,3887,23
95585,arroio do sal,RS,-29.5409423986955,-49.8852669060335,309,23
95588,xangri-la,RS,-29.8036932064454,-50.0465987180615,4101,23
95589,rainha do mar,RS,-29.8519924691777,-50.0669068873829,3048,23
95590,tramandai,RS,-30.0053607727268,-50.1497680741461,3880,23
95595,cidreira,RS,-30.1811726620968,-50.2136739219242,961,23
95599,balneario pinhal,RS,-30.2438014909424,-50.2631788415017,366,23
95600,taquara,RS,-29.6507329113338,-50.7823998283633,3802,23
95603,taquara,RS,-29.6637765956836,-50.7763931937402,3802,23
95605,taquara,RS,-29.6608586400602,-50.7690547925769,3802,23
95611,taquara,RS,-29.6437477160684,-50.7800338831221,3802,23
95612,taquara,RS,-29.6419155033519,-50.7879464547761,3802,23
95625,imbe,RS,-29.949823496703903,-50.1191400783446,1647,23
95630,parobe,RS,-29.631686469472,-50.834573957474,2696,23
95650,igrejinha,RS,-29.5719775300579,-50.7947297639633,1627,23
95660,tres coroas,RS,-29.5113555839331,-50.7811507378727,3889,23
95670,gramado,RS,-29.381737615661997,-50.8740115992563,1464,23
95680,canela,RS,-29.3605225172686,-50.8102893319904,763,23
95690,rolante,RS,-29.6496336364658,-50.5729262198381,3178,23
95700,bento goncalves,RS,-29.1703452154698,-51.5158326502879,464,23
95702,bento goncalves,RS,-29.1821315303371,-51.5000080350363,464,23
95703,bento goncalves,RS,-29.1679399293892,-51.5048589113478,464,23
95705,bento goncalves,RS,-29.155674465575,-51.5130632588741,464,23
95706,bento goncalves,RS,-29.1543045021674,-51.4934143210085,464,23
95707,bento goncalves,RS,-29.1547658498983,-51.53146106145871,464,23
95708,bento goncalves,RS,-29.1383479821919,-51.5266067443999,464,23
95709,bento goncalves,RS,-29.1229091224405,-51.5410120834443,464,23
95711,bento goncalves,RS,-29.175192373228,-51.5692581220466,464,23
95718,monte belo do sul,RS,-29.163194377001,-51.6369537013982,2357,23
95720,garibaldi,RS,-29.253901645512,-51.5282081517613,1411,23
95727,boa vista do sul,RS,-29.3464731388228,-51.6730537784353,494,23
95730,barao,RS,-29.3764124300199,-51.4991237832503,380,23
95735,roca sales,RS,-29.2865591364184,-51.8724553229116,3171,23
95745,capela de santana,RS,-29.6812616396901,-51.3212336075838,785,23
95750,salvador do sul,RS,-29.4414121238316,-51.5105566660456,3229,23
95755,sao jose do hortencio,RS,-29.5406716709923,-51.2532661402242,3522,23
95760,sao sebastiao do cai,RS,-29.5878074181007,-51.361903083192,3611,23
95765,bom principio,RS,-29.480629177232,-51.359231837106,522,23
95770,feliz,RS,-29.4527045706921,-51.3022326898818,1325,23
95775,tupandi,RS,-29.4854680184003,-51.4172702901023,3918,23
95778,vale real,RS,-29.3903073843036,-51.2472116705677,3988,23
95780,montenegro,RS,-29.6878042266231,-51.4679639882451,2371,23
95783,pareci novo,RS,-29.637396441212,-51.4040278652568,2687,23
95795,sao vendelino,RS,-29.373828617122,-51.3728257386692,3623,23
95800,venancio aires,RS,-29.6111106714576,-52.193313555031,4022,23
95820,general camara,RS,-29.9077482339168,-51.7721964457503,1422,23
95835,mato leitao,RS,-29.524886612287,-52.1281174998288,2255,23
95840,triunfo,RS,-29.9306327161796,-51.7073848611943,3903,23
95860,taquari,RS,-29.7926115497913,-51.8612495577172,3805,23
95870,bom retiro do sul,RS,-29.6007237426325,-51.9341970284609,525,23
95875,fazenda vilanova,RS,-29.5857799507855,-51.8290619851605,1318,23
95880,estrela,RS,-29.4976589704799,-51.9583843114212,1291,23
95885,imigrante,RS,-29.3452304555936,-51.7665869204036,1652,23
95890,teutonia,RS,-29.481225304407605,-51.80817280859791,3845,23
95895,colinas,RS,-29.388253629228,-51.8689930871781,985,23
95900,lajeado,RS,-29.4605567155541,-51.9667171673452,2056,23
95901,lajeado,RS,-29.4725609763559,-51.985683442663,2056,23
95902,lajeado,RS,-29.4781588941885,-51.9791177045482,2056,23
95903,lajeado,RS,-29.4601226569802,-52.0226316924565,2056,23
95905,lajeado,RS,-29.449883086883,-51.98775703893309,2056,23
95910,lajeado,RS,-29.4308237321553,-51.9937771866739,2056,23
95912,lajeado,RS,-29.4372896256276,-51.973615800736,2056,23
95913,lajeado,RS,-29.4465798899665,-51.961201913641,2056,23
95914,lajeado,RS,-29.438736246092002,-51.9564492969285,2056,23
95915,santa clara do sul,RS,-29.4674700432678,-52.0877492308131,3252,23
95918,serio,RS,-29.3842099317979,-52.2709440856268,3676,23
95920,boqueirao do leao,RS,-29.3024328093894,-52.4297413255807,536,23
95923,marques de souza,RS,-29.3198980372546,-52.1017158355778,2233,23
95925,progresso,RS,-29.2413074906894,-52.3188192833812,3003,23
95930,cruzeiro do sul,RS,-29.5122963579831,-51.9922008919872,1130,23
95935,capitao,RS,-29.2705517322852,-51.9883436729523,797,23
95940,arroio do meio,RS,-29.394875869959904,-51.945171165133,308,23
95945,pouso novo,RS,-29.1571729117694,-52.2229342624943,2971,23
95948,travesseiro,RS,-29.3116396528824,-52.0628559227106,3883,23
95955,coqueiro baixo,RS,-29.1804799999999,-52.0893442499999,1044,23
95960,encantado,RS,-29.2361047555274,-51.8751846997003,1249,23
95972,vespasiano correa,RS,-29.0686152310001,-51.8611917484201,4039,23
95975,putinga,RS,-29.00138277241,-52.1571698276259,3013,23
95980,anta gorda,RS,-28.9720990314305,-52.0075042634491,197,23
95985,nova alvorada,RS,-28.6770152395311,-52.164869686533,2457,23
95990,ilopolis,RS,-28.927862090986604,-52.1265943748169,1644,23
95995,arvorezinha,RS,-28.8719054382934,-52.1801114411908,319,23
96010,pelotas,RS,-31.7723328880936,-52.3391952028035,2767,23
96015,pelotas,RS,-31.762679492581803,-52.338335486088695,2767,23
96020,pelotas,RS,-31.7554965196217,-52.3412719028729,2767,23
96025,pelotas,RS,-31.771425250792,-52.3558207774232,2767,23
96030,pelotas,RS,-31.7605652470489,-52.37099645651429,2767,23
96040,pelotas,RS,-31.749206709218196,-52.3746632933311,2767,23
96045,pelotas,RS,-31.7481348272558,-52.3909282078806,2767,23
96050,pelotas,RS,-31.740292846015695,-52.39211679738569,2767,23
96055,pelotas,RS,-31.7376405484996,-52.3368449929841,2767,23
96060,pelotas,RS,-31.7260403900006,-52.3228740107102,2767,23
96065,pelotas,RS,-31.719759796332305,-52.3523392550024,2767,23
96070,pelotas,RS,-31.6972542184986,-52.3391193212087,2767,23
96071,pelotas,RS,-31.7015425540512,-52.3147501433594,2767,23
96075,pelotas,RS,-31.7683410910474,-52.326968170424,2767,23
96076,pelotas,RS,-31.7654825546283,-52.3204839966075,2767,23
96077,pelotas,RS,-31.7571025590528,-52.317666687466705,2767,23
96080,pelotas,RS,-31.751071747621,-52.3232017075999,2767,23
96081,pelotas,RS,-31.7383069879479,-52.3141312347726,2767,23
96083,pelotas,RS,-31.7588843157145,-52.2720045188702,2767,23
96085,pelotas,RS,-31.7505954230308,-52.30625558113881,2767,23
96090,pelotas,RS,-31.7599216292264,-52.23554163696,2767,23
96095,pelotas,RS,-31.7346254228788,-52.2148036399049,2767,23
96115,monte bonito,RS,-31.6388071544143,-52.4155342391947,2358,23
96150,morro redondo,RS,-31.592240961531,-52.624349365652,2392,23
96160,capao do leao,RS,-31.7664122776347,-52.4613078017702,782,23
96170,sao lourenco do sul,RS,-31.364400277636,-51.9786473489533,3546,23
96180,camaqua,RS,-30.8540636035214,-51.8085350874549,679,23
96190,dom feliciano,RS,-30.703912546286,-52.1080216288441,1205,23
96195,cristal,RS,-31.0012946981338,-52.0480061154984,1109,23
96200,rio grande,RS,-32.0346470988121,-52.097201592173,3146,23
96201,rio grande,RS,-32.0382197523603,-52.08482510902561,3146,23
96202,rio grande,RS,-32.0485415944245,-52.1129116593573,3146,23
96203,rio grande,RS,-32.0792313348622,-52.1560327719615,3146,23
96205,rio grande,RS,-32.177483233231,-52.1643954301523,3146,23
96206,rio grande,RS,-32.1762047916656,-52.1617896580726,3146,23
96207,rio grande,RS,-32.1841181434612,-52.1562008554508,3146,23
96208,rio grande,RS,-32.1861727790244,-52.1716720537276,3146,23
96209,rio grande,RS,-32.1958045089008,-52.1800330827835,3146,23
96210,rio grande,RS,-32.1948676235362,-52.1754000913493,3146,23
96211,rio grande,RS,-32.0402905702677,-52.11623226138781,3146,23
96212,rio grande,RS,-32.0525354531147,-52.1421623990286,3146,23
96213,rio grande,RS,-32.0766746670131,-52.1705199629983,3146,23
96214,rio grande,RS,-32.0798054960095,-52.1793801240152,3146,23
96215,rio grande,RS,-32.0947020400081,-52.1835895338935,3146,23
96216,rio grande,RS,-32.1052568111811,-52.1739558013947,3146,23
96217,rio grande,RS,-32.1600554210837,-52.180737086899896,3146,23
96222,rio grande,RS,-32.0816970924018,-52.224751728043,3146,23
96225,sao jose do norte,RS,-31.9647540427224,-52.007117929659,3524,23
96230,santa vitoria do palmar,RS,-33.5129012267888,-53.3497478463211,3329,23
96255,chui,RS,-33.6899482817451,-53.460182952408694,955,23
96270,mostardas,RS,-31.102961069925996,-50.9134074209943,2398,23
96290,tavares,RS,-31.2842565360499,-51.08718013091,3817,23
96300,jaguarao,RS,-32.5610572956826,-53.3781136903877,1893,23
96310,herval,RS,-32.024862536109,-53.3928597661413,1541,23
96330,arroio grande,RS,-32.2356606251262,-53.07885128177,312,23
96360,pedro osorio,RS,-31.866798664557205,-52.8217008835262,2762,23
96395,cerrito,RS,-31.8514596161197,-52.8091653093487,923,23
96400,bage,RS,-31.3272676224141,-54.1064502309524,352,23
96402,bage,RS,-31.3292775667346,-54.12173057806749,352,23
96405,bage,RS,-31.3091938717996,-54.1294926884311,352,23
96407,bage,RS,-31.3112228636553,-54.1178912085608,352,23
96408,bage,RS,-31.3082769497138,-54.1116210802743,352,23
96410,bage,RS,-31.2951720954545,-54.1331676742215,352,23
96412,bage,RS,-31.3176810614685,-54.0916649054017,352,23
96413,bage,RS,-31.3078276108954,-54.0756812744896,352,23
96415,bage,RS,-31.332879107506603,-54.0900643956009,352,23
96418,bage,RS,-31.338768031507602,-54.0782733410464,352,23
96420,bage,RS,-31.3522669815108,-54.0924867068841,352,23
96425,bage,RS,-31.3422470912026,-54.1211257553503,352,23
96445,acegua,RS,-31.7643604801592,-54.1485487145732,20,23
96450,dom pedrito,RS,-30.9791233414118,-54.6699767738824,1208,23
96460,hulha negra,RS,-31.4017055142454,-53.8763623747254,1552,23
96470,pinheiro machado,RS,-31.578575056364695,-53.38246136866191,2834,23
96487,pedras altas,RS,-31.7335668311839,-53.5863334377583,2749,23
96490,piratini,RS,-31.4378234788084,-53.1034664385228,2864,23
96495,candiota,RS,-31.5015093982009,-53.6907391518829,761,23
96501,cachoeira do sul,RS,-30.0343417684537,-52.9009950485746,628,23
96503,cachoeira do sul,RS,-30.0231435470651,-52.9123322412784,628,23
96505,cachoeira do sul,RS,-30.0110278131271,-52.9033814528806,628,23
96506,cachoeira do sul,RS,-30.0416683942378,-52.8954936361421,628,23
96508,cachoeira do sul,RS,-30.046329279337797,-52.8907737526758,628,23
96530,paraiso do sul,RS,-29.723802873745605,-53.1791871666063,2662,23
96540,agudo,RS,-29.6432735953129,-53.2459255611156,61,23
96545,novo cabrais,RS,-29.7373546245803,-52.9539084639003,2532,23
96570,cacapava do sul,RS,-30.5137953689627,-53.4892092023429,617,23
96590,santana da boa vista,RS,-30.8731144645558,-53.1144836677707,3332,23
96600,cangucu,RS,-31.3956325704255,-52.67708329253569,765,23
96610,encruzilhada do sul,RS,-30.5447112124407,-52.5237217902253,1250,23
96640,rio pardo,RS,-29.9798429647194,-52.3747273454401,3157,23
96690,pantano grande,RS,-30.1947156079828,-52.3669319882782,2643,23
96700,sao jeronimo,RS,-29.9632851933904,-51.7198410999249,3462,23
96735,barao do triunfo,RS,-30.3978904610234,-51.746833340813,385,23
96740,arroio dos ratos,RS,-30.089920662146003,-51.731524503305,311,23
96745,charqueadas,RS,-29.962705328773,-51.6186426886585,946,23
96750,butia,RS,-30.119876727853995,-51.96254104620889,602,23
96755,minas do leao,RS,-30.1395174818907,-52.0448813064701,2294,23
96760,tapes,RS,-30.6740728489265,-51.3979057507182,3796,23
96770,cerro grande do sul,RS,-30.5950876526286,-51.7523455723862,926,23
96790,barra do ribeiro,RS,-30.2982937404306,-51.308982963290205,409,23
96810,santa cruz do sul,RS,-29.7172454460084,-52.4307831544466,3265,23
96815,santa cruz do sul,RS,-29.7036056292555,-52.4225482545942,3265,23
96816,santa cruz do sul,RS,-29.694897931782503,-52.4425084950799,3265,23
96820,santa cruz do sul,RS,-29.704350321116003,-52.4255665801612,3265,23
96823,santa cruz do sul,RS,-29.6930362780439,-52.412424041988,3265,23
96824,santa cruz do sul,RS,-29.7044948065838,-52.3998098021797,3265,23
96825,santa cruz do sul,RS,-29.717796052575,-52.4185043185084,3265,23
96830,santa cruz do sul,RS,-29.7358547240289,-52.4172445575612,3265,23
96832,santa cruz do sul,RS,-29.7490910371799,-52.4097356862141,3265,23
96835,santa cruz do sul,RS,-29.7507928759494,-52.421664647063196,3265,23
96840,santa cruz do sul,RS,-29.7416145445535,-52.4330936590257,3265,23
96842,santa cruz do sul,RS,-29.7654585778507,-52.4405657366876,3265,23
96843,santa cruz do sul,RS,-29.738591496116,-52.4447793614907,3265,23
96845,santa cruz do sul,RS,-29.7248304193688,-52.4428465078882,3265,23
96859,monte alverne,RS,-29.633340255975,-52.389486761273,2352,23
96875,gramado xavier,RS,-29.2694708281444,-52.5783411670962,1466,23
96878,vale do sol,RS,-29.6071982558063,-52.6808618926614,3987,23
96880,vera cruz,RS,-29.7161847662873,-52.5060384758462,4029,23
96888,herveiras,RS,-29.4557690035707,-52.6486903573566,1543,23
96890,sinimbu,RS,-29.5305015687124,-52.5221147212933,3728,23
96900,sobradinho,RS,-29.4167836930811,-53.0265863192953,3735,23
96910,segredo,RS,-29.334054626519,-52.9715423208977,3656,23
96925,ibarama,RS,-29.4222943391395,-53.1273472164514,1563,23
96930,candelaria,RS,-29.6704459756773,-52.789118527032,754,23
96950,arroio do tigre,RS,-29.3334504483803,-52.995051771964,310,23
96990,estrela velha,RS,-29.1828973130681,-53.1593520287789,1297,23
97010,santa maria,RS,-29.684348956920104,-53.813803244861596,3290,23
97015,santa maria,RS,-29.692576960657405,-53.8123423184541,3290,23
97020,santa maria,RS,-29.6924737198553,-53.8259402098472,3290,23
97030,santa maria,RS,-29.706699045792696,-53.87216415148989,3290,23
97032,santa maria,RS,-29.6987999817803,-53.8735100824147,3290,23
97035,santa maria,RS,-29.6928513743417,-53.8510914723833,3290,23
97037,santa maria,RS,-29.6830314862774,-53.8546579687155,3290,23
97040,santa maria,RS,-29.6736796585368,-53.8320572977653,3290,23
97043,santa maria,RS,-29.6738186261268,-53.818397864461,3290,23
97045,santa maria,RS,-29.674157805917,-53.8032002885675,3290,23
97050,santa maria,RS,-29.6894365001434,-53.798332601350296,3290,23
97060,santa maria,RS,-29.7032912536689,-53.800846898515,3290,23
97065,santa maria,RS,-29.7209716805274,-53.80030616843751,3290,23
97070,santa maria,RS,-29.715975116101,-53.8156640709657,3290,23
97090,santa maria,RS,-29.6757210872114,-53.7906383622118,3290,23
97095,santa maria,RS,-29.6964536332616,-53.7716310941959,3290,23
97105,santa maria,RS,-29.7068647854654,-53.7180255511476,3290,23
97110,santa maria,RS,-29.6999885496642,-53.732680202536095,3290,23
97185,itaara,RS,-29.5968016501597,-53.7680110024857,1728,23
97195,silveira martins,RS,-29.6453169392042,-53.5838254857727,3719,23
97200,restinga seca,RS,-29.8129731184996,-53.3756449392757,3080,23
97210,formigueiro,RS,-29.9992301981563,-53.500549364445,1362,23
97250,nova palma,RS,-29.4685762284484,-53.4586936728979,2506,23
97280,dona francisca,RS,-29.6238893430943,-53.3565380000395,1215,23
97300,sao gabriel,RS,-30.3364340085093,-54.323654394426,3447,23
97340,sao sepe,RS,-30.1649717607238,-53.5703613372441,3616,23
97385,vila nova do sul,RS,-30.2047429423737,-53.3409512355206,4062,23
97390,lavras do sul,RS,-30.8111136865048,-53.9007424217773,2075,23
97400,sao pedro do sul,RS,-29.5546106040837,-54.2112328441904,3595,23
97410,mata,RS,-29.5615293001041,-54.4566267255616,2242,23
97418,toropi,RS,-29.4714575923624,-54.2275552044481,3871,23
97450,cacequi,RS,-29.8834983644026,-54.8263307005431,619,23
97501,uruguaiana,RS,-29.7557786260424,-57.0881377241053,3978,23
97502,uruguaiana,RS,-29.7622492153843,-57.0789523737701,3978,23
97503,uruguaiana,RS,-29.7736632919969,-57.0961411341762,3978,23
97504,uruguaiana,RS,-29.779727032698,-57.0918452450223,3978,23
97507,uruguaiana,RS,-29.775954482376203,-57.0767493706664,3978,23
97509,uruguaiana,RS,-29.831370452768,-57.0281256409334,3978,23
97511,uruguaiana,RS,-29.767654869645998,-57.0601706347149,3978,23
97513,uruguaiana,RS,-29.7691262654756,-57.0563682146815,3978,23
97541,alegrete,RS,-29.7807231471433,-55.790446382331695,79,23
97542,alegrete,RS,-29.7844337497669,-55.7921938438599,79,23
97543,alegrete,RS,-29.7965490829882,-55.8039979414797,79,23
97544,alegrete,RS,-29.7917372019332,-55.8069520702346,79,23
97545,alegrete,RS,-29.8043096672946,-55.8047420488024,79,23
97546,alegrete,RS,-29.7913441488397,-55.7680875012187,79,23
97547,alegrete,RS,-29.8006078752885,-55.7536674997742,79,23
97560,quarai,RS,-30.383275930841,-56.4518617095498,3016,23
97572,santana do livramento,RS,-30.8742112166165,-55.5315648594488,3344,23
97573,santana do livramento,RS,-30.8877863950038,-55.5371682605971,3344,23
97574,santana do livramento,RS,-30.895104338242497,-55.5254461736512,3344,23
97575,santana do livramento,RS,-30.8950752773442,-55.4949421341208,3344,23
97576,santana do livramento,RS,-30.8894397695492,-55.5106133229397,3344,23
97590,rosario do sul,RS,-30.2549410831393,-54.92033424915629,3191,23
97610,sao francisco de assis,RS,-29.5509807718918,-55.1267045266554,3439,23
97640,manoel viana,RS,-29.573581139077202,-55.48382309408961,2181,23
97645,macambara,RS,-29.1477104591275,-56.0661304114098,2128,23
97650,itaqui,RS,-29.1326860470224,-56.5520256309808,1823,23
97670,sao borja,RS,-28.654368454743103,-56.0054370239887,3416,23
97690,garruchos,RS,-28.1855596469538,-55.6398629495838,1414,23
97700,santiago,RS,-29.186543626128103,-54.867516055696,3353,23
97753,capao do cipo,RS,-28.9434713690852,-54.5633241554672,781,23
97755,unistalda,RS,-29.0473780767612,-55.153083990286,3961,23
97760,jaguari,RS,-29.4961409122547,-54.6867974978749,1895,23
97770,nova esperanca do sul,RS,-29.4208086762284,-54.9061687031103,2480,23
97800,sao luiz gonzaga,RS,-28.4057450148308,-54.9573655086216,3554,23
97845,dezesseis de novembro,RS,-28.2247371427599,-55.0505314927532,1171,23
97850,bossoroca,RS,-28.7272707709367,-54.9107887611147,542,23
97870,santo antonio das missoes,RS,-28.5077342504582,-55.2315987801986,3366,23
97880,sao nicolau,RS,-28.1850194347479,-55.2614518436471,3577,23
97900,cerro largo,RS,-28.1466382631401,-54.7378916612269,927,23
97920,sao pedro do butia,RS,-28.1245981378674,-54.8934272073844,3592,23
97930,caibate,RS,-28.2900255285585,-54.6399011481795,647,23
97950,guarani das missoes,RS,-28.1436662117204,-54.5584365176389,1508,23
97960,sete de setembro,RS,-28.1286672572016,-54.4591018023834,3707,23
97970,roque gonzales,RS,-28.130287791467005,-55.021612255013494,3187,23
97980,sao paulo das missoes,RS,-28.0215109815572,-54.9380392774257,3583,23
98005,cruz alta,RS,-28.643106027455197,-53.6073874661586,1122,23
98010,cruz alta,RS,-28.6500516244744,-53.61643454856411,1122,23
98015,cruz alta,RS,-28.6336400858531,-53.6218210763569,1122,23
98025,cruz alta,RS,-28.634963758598,-53.60437911137619,1122,23
98035,cruz alta,RS,-28.6451130668,-53.5860690723193,1122,23
98040,cruz alta,RS,-28.6511704156898,-53.5887916836573,1122,23
98118,boa vista do cadeado,RS,-28.5775956061071,-53.8136591893259,492,23
98125,fortaleza dos valos,RS,-28.796339616718,-53.2283722198724,1372,23
98130,julio de castilhos,RS,-29.231046769171304,-53.678513353972406,1996,23
98140,quevedos,RS,-29.3484256658772,-54.073151420133,3032,23
98160,ivora,RS,-29.5204987127295,-53.5778998785527,1866,23
98170,tupancireta,RS,-29.0813347648667,-53.8370708331383,3917,23
98175,jari,RS,-29.2896269807508,-54.2194313747747,1936,23
98200,ibiruba,RS,-28.629204719725,-53.0989962885322,1596,23
98240,santa barbara do sul,RS,-28.3678880993679,-53.2527866612405,3244,23
98270,pejucara,RS,-28.4194485592453,-53.6540987478118,2766,23
98280,panambi,RS,-28.293540609837,-53.5022378421305,2639,23
98290,condor,RS,-28.207322126321696,-53.4848390568185,1028,23
98300,palmeira das missoes,RS,-27.8985279171922,-53.3111105068599,2629,23
98335,boa vista das missoes,RS,-27.6614767628534,-53.3167738883316,490,23
98338,novo barreiro,RS,-27.9117728267253,-53.1148353595498,2530,23
98340,cerro grande,RS,-27.6083456245592,-53.1661884367451,925,23
98360,rodeio bonito,RS,-27.4733044711954,-53.1705038634909,3173,23
98380,seberi,RS,-27.4820445990341,-53.4014350145469,3654,23
98400,frederico westphalen,RS,-27.3561910588121,-53.3959791399627,1389,23
98410,taquarucu do sul,RS,-27.3995619104656,-53.4668500541927,3810,23
98415,vista alegre,RS,-27.3696857780251,-53.4926839718577,4078,23
98430,palmitinho,RS,-27.353301619777,-53.55804287681169,2635,23
98450,vicente dutra,RS,-27.167528093995,-53.4024677177297,4045,23
98460,irai,RS,-27.1955491638785,-53.2552004329224,1711,23
98465,ametista do sul,RS,-27.3658467049876,-53.1786364994828,156,23
98470,planalto,RS,-27.3321687823253,-53.0588595523701,2889,23
98480,alpestre,RS,-27.2503523428726,-53.0355548547306,101,23
98500,tenente portela,RS,-27.3710530497863,-53.7585856572,3827,23
98540,miraguai,RS,-27.491427495073,-53.6860446567073,2305,23
98550,redentora,RS,-27.651465879079797,-53.6392159099883,3065,23
98570,campo novo,RS,-27.6770402471479,-53.807140612379406,730,23
98590,santo augusto,RS,-27.8530479728788,-53.7779701491745,3391,23
98600,tres passos,RS,-27.4545008624789,-53.93374624805839,3896,23
98620,padre gonzales,RS,-27.4340091145216,-53.9611679849365,2609,23
98640,crissiumal,RS,-27.497914952684,-54.0997836046479,1106,23
98680,tiradentes do sul,RS,-27.3930995002136,-54.0880240949089,3858,23
98690,sao martinho,RS,-27.7092624663655,-53.9637986948951,3558,23
98700,ijui,RS,-28.38782850412,-53.9159358998931,1634,23
98740,augusto pestana,RS,-28.5151832991583,-53.9941461902987,335,23
98750,ajuricaba,RS,-28.2377196664146,-53.7633749726979,68,23
98760,chiapetta,RS,-27.91880318858,-53.9405815385423,951,23
98770,catuipe,RS,-28.2526323576793,-54.0134784037729,895,23
98780,santa rosa,RS,-28.0579028134032,-54.3926303111739,3317,23
98785,santa rosa,RS,-27.8512061294488,-54.47497716822679,3317,23
98787,santa rosa,RS,-27.8969008453064,-54.4018831548014,3317,23
98789,santa rosa,RS,-27.8654187653119,-54.4368267246883,3317,23
98792,santa rosa,RS,-27.8799880485113,-54.471557905692,3317,23
98794,santa rosa,RS,-27.8828831579357,-54.4815763419459,3317,23
98796,santa rosa,RS,-27.874404641838,-54.4953502581635,3317,23
98801,santo angelo,RS,-28.3048755047303,-54.264895538028995,3361,23
98802,santo angelo,RS,-28.290148014522703,-54.2700091103363,3361,23
98803,santo angelo,RS,-28.2905525197983,-54.2625114330789,3361,23
98804,santo angelo,RS,-28.3120155536719,-54.2612475057123,3361,23
98807,santo angelo,RS,-28.2999557490037,-54.2439879866115,3361,23
98850,vitoria das missoes,RS,-28.3523894198848,-54.5012660353419,4082,23
98855,entre-ijuis,RS,-28.3639659830813,-54.2682155997994,1261,23
98860,eugenio de castro,RS,-28.527589549775,-54.1459596004056,1300,23
98870,girua,RS,-28.029701451024103,-54.3499172120169,1431,23
98895,senador salgado filho,RS,-28.0257982976049,-54.5444521909428,3667,23
98900,santa rosa,RS,-27.865358274962,-54.4701278023098,3317,23
98905,alegria,RS,-27.8083758944008,-54.0453360358598,81,23
98910,tres de maio,RS,-27.7765759043883,-54.2355184084368,3890,23
98918,boa vista do burica,RS,-27.6686774159665,-54.1111306499007,491,23
98920,horizontina,RS,-27.6272779894452,-54.310360317555,1550,23
98930,tucunduva,RS,-27.6581171610171,-54.4398116734572,3909,23
98940,tuparendi,RS,-27.7504969999284,-54.4898630290424,3920,23
98955,novo machado,RS,-27.5614503481961,-54.5003983590508,2541,23
98958,sao jose do inhacora,RS,-28.1209631287711,-54.0494557629151,3523,23
98960,santo cristo,RS,-27.8262647201077,-54.6649850492479,3392,23
98970,candido godoi,RS,-27.9492976883498,-54.7522214127268,756,23
98975,campina das missoes,RS,-27.9867997623284,-54.8409999854298,699,23
98980,porto lucena,RS,-27.8559390454267,-55.016515089461,2951,23
98995,porto xavier,RS,-27.906802054492903,-55.1390737732943,2960,23
99010,passo fundo,RS,-28.270752866454796,-52.5408976984873,2704,23
99020,passo fundo,RS,-28.250440189135297,-52.4105596437088,2704,23
99025,passo fundo,RS,-28.2646399591807,-52.4254206421622,2704,23
99030,passo fundo,RS,-28.2642598683714,-52.43706503188,2704,23
99034,passo fundo,RS,-28.27132617469,-52.452764804935,2704,23
99040,passo fundo,RS,-28.2497651029663,-52.4266302324217,2704,23
99042,passo fundo,RS,-28.2411289748825,-52.43765877796,2704,23
99043,passo fundo,RS,-28.2265964329359,-52.4675048265465,2704,23
99050,passo fundo,RS,-28.2441097173865,-52.3877123983133,2704,23
99051,passo fundo,RS,-28.2532121079557,-52.4566224366369,2704,23
99052,passo fundo,RS,-28.2332734069219,-52.3725821967193,2704,23
99054,passo fundo,RS,-28.2606216046546,-52.375568853235,2704,23
99060,passo fundo,RS,-28.2758445701218,-52.3750079578954,2704,23
99062,passo fundo,RS,-28.2797377308036,-52.3848849029934,2704,23
99070,passo fundo,RS,-28.2643720028817,-52.3924718658488,2704,23
99072,passo fundo,RS,-28.270902883125096,-52.4060907109122,2704,23
99074,passo fundo,RS,-28.2727253337729,-52.3957458831352,2704,23
99145,coxilha,RS,-28.1269265749062,-52.2968366305986,1097,23
99150,marau,RS,-28.4459133946431,-52.20283767459879,2201,23
99170,sertao,RS,-27.9838601994482,-52.25852175508229,3703,23
99190,pontao,RS,-28.0612942448603,-52.6770300166745,2916,23
99200,guapore,RS,-28.8479559031258,-51.8917464129751,1497,23
99215,uniao da serra,RS,-28.7589045804894,-52.01163548343,3955,23
99250,serafina correa,RS,-28.712770593572102,-51.9340778076051,3673,23
99255,montauri,RS,-28.6533808425194,-52.0758661108143,2346,23
99260,casca,RS,-28.5657308328652,-51.9746194530322,865,23
99265,santo antonio do palma,RS,-28.4994048746094,-52.5479404375965,3384,23
99290,vanini,RS,-28.4754788805008,-51.8444279509836,3996,23
99300,soledade,RS,-28.8274496671137,-52.5092548880885,3740,23
99340,lagoao,RS,-29.2260724296375,-52.7755596988076,2051,23
99350,victor graeff,RS,-28.5618332207602,-52.7398004988044,4050,23
99360,barros cassal,RS,-29.092217224881797,-52.58608560249369,430,23
99370,fontoura xavier,RS,-28.9823926896969,-52.3502521786146,1360,23
99400,espumoso,RS,-28.730670471052,-52.8444751930361,1283,23
99430,alto alegre,RS,-28.78086491225,-52.9891867917188,111,23
99435,campos borges,RS,-28.886237588991197,-53.0012799919242,735,23
99440,salto do jacui,RS,-29.0894354637249,-53.2159616413348,3224,23
99450,selbach,RS,-28.6301160222256,-52.954191678007,3657,23
99457,jacuizinho,RS,-29.035852790159,-53.0417689747626,1887,23
99460,colorado,RS,-28.5217225764797,-52.9928033038669,995,23
99470,nao-me-toque,RS,-28.4611170146,-52.8193273112038,2425,23
99490,tapera,RS,-28.6279012933866,-52.8698828613127,3794,23
99495,lagoa dos tres cantos,RS,-28.5683164053726,-52.8534827272249,2042,23
99500,carazinho,RS,-28.2912446459378,-52.790255763439,823,23
99523,almirante tamandare do sul,RS,-28.1156338344306,-52.9149169355719,99,23
99525,santo antonio do planalto,RS,-28.3987487058244,-52.6928529582343,3386,23
99528,coqueiros do sul,RS,-28.1185532266275,-52.7824527011011,1045,23
99530,chapada,RS,-28.0610017817766,-53.0661490648578,936,23
99560,sarandi,RS,-27.939046257504298,-52.92636311435909,3635,23
99580,nova boa vista,RS,-27.9924581222414,-52.9809517587371,2466,23
99600,nonoai,RS,-27.3686073398132,-52.7733069461543,2448,23
99605,gramado dos loureiros,RS,-27.4418958406575,-52.9148007099901,1465,23
99610,rio dos indios,RS,-27.3051934580618,-52.8420231455255,3142,23
99615,trindade do sul,RS,-27.5248139496996,-52.8967606720832,3902,23
99640,sao valentim,RS,-27.559223018472,-52.5244654718013,3622,23
99655,faxinalzinho,RS,-27.4217686353632,-52.6750218060117,1315,23
99660,campinas do sul,RS,-27.7178664206448,-52.6239822750784,707,23
99670,ronda alta,RS,-27.7822222338071,-52.8065004802309,3183,23
99680,constantina,RS,-27.732242753347,-52.9950159868147,1041,23
99690,liberato salzano,RS,-27.6002180467803,-53.0748822616707,2085,23
99700,erechim,RS,-27.6360458165049,-52.2730491223361,1264,23
99701,erechim,RS,-27.627115136617004,-52.25863983402851,1264,23
99704,erechim,RS,-27.640412736257,-52.2546481201738,1264,23
99705,erechim,RS,-27.6413515533572,-52.2405303082848,1264,23
99708,erechim,RS,-27.6582858135184,-52.2609975314774,1264,23
99709,erechim,RS,-27.6497767242692,-52.2732646050772,1264,23
99711,erechim,RS,-27.6394742166544,-52.2872281911708,1264,23
99713,erechim,RS,-27.6418725764983,-52.2982081451575,1264,23
99714,erechim,RS,-27.6525448649455,-52.2988339066673,1264,23
99725,tres arroios,RS,-27.4995642240208,-52.15016574212999,3885,23
99730,jacutinga,RS,-27.728956133348795,-52.5365351282369,1890,23
99740,barao de cotegipe,RS,-27.617014057918,-52.3803952444638,383,23
99750,erval grande,RS,-27.3926433601793,-52.5690860235811,1267,23
99760,itatiba do sul,RS,-27.3837309471869,-52.4561316695761,1834,23
99770,aratiba,RS,-27.3938789794465,-52.3007920883795,275,23
99790,mariano moro,RS,-27.3511520294835,-52.1449494158836,2214,23
99795,barra do rio azul,RS,-27.4100531686821,-52.4136360909198,410,23
99830,gaurama,RS,-27.5870312034359,-52.092748409662,1420,23
99835,aurea,RS,-27.6954240214852,-52.0536515619424,336,23
99840,sananduva,RS,-27.9501431560907,-51.8098863172881,3230,23
99855,sao joao da urtiga,RS,-27.932156161032,-52.0850828833686,3472,23
99870,sao jose do ouro,RS,-27.844650496014403,-51.57643492457599,3525,23
99880,machadinho,RS,-27.5678601116841,-51.6680063075502,2139,23
99890,maximiliano de almeida,RS,-27.6317783802838,-51.80471961324471,2270,23
99895,santo expedito do sul,RS,-27.930038590396,-51.6596800820217,3395,23
99900,getulio vargas,RS,-27.8866296200802,-52.2284784460644,1428,23
99920,erebango,RS,-27.8552536275001,-52.3009059066933,1263,23
99925,ipiranga do sul,RS,-27.9367259222983,-52.4266440420864,1696,23
99930,estacao,RS,-27.914101841408,-52.2587820688128,1284,23
99940,ibiaca,RS,-28.057224427694,-51.8561238492932,1570,23
99950,tapejara,RS,-28.0689586949359,-52.0120679608006,3793,23
99955,vila langaro,RS,-28.1133413062953,-52.14384316029649,4058,23
99960,charrua,RS,-27.9537217901072,-52.025511489856,947,23
99965,agua santa,RS,-28.183372036296,-52.0398504791112,47,23
99970,ciriaco,RS,-28.3437661913345,-51.8746892713273,963,23
99980,david canabarro,RS,-28.389129389833,-51.8438359903779,1157,23
